Project,Promoter Name,Project Type,Project Start Date,Date of Completion,Certificate No,Certificate Date,Total,Sold,Status,District,Village,Taluk
THE GARDENIA BY FAVOURITE HOMES,FAVOURITE CONSTRUCTIONS PRIVATE LIMITED,Residential (Apartment),2019-12-01,2023-05-29,K-RERA/PRJ/005/2020,2021-03-30,1,1,Completed,Thiruvananthapuram,ATTIPRA,THIRUVANANTHAPRUAM
Dasco Royal Valley Phase 1,Mahesh Ayanimoodu Vijayan,Villas (Plots & Buildings),2019-08-25,2022-11-05,K-RERA/PRJ/126/2020,2021-03-24,9,6,Completed,Thiruvananthapuram,VEMBAYAM,Nedumangad
Padmalaya,Promag Realtors & Developers Pvt Ltd,Plots,2019-02-14,2026-08-13,K-RERA/PRJ/132/2020,2021-03-27,,10,Completed,Thiruvananthapuram,NEMOM,THIRUVANANTHAPRUAM
ARTECH METROPOLIS,ARTECH REALTORS PRIVATE LIMITED,Residential (Apartment),2017-10-21,2023-12-30,K-RERA/PRJ/114/2020,2021-04-30,150,132,Completed,Thiruvananthapuram,ULOOR,THIRUVANANTHAPRUAM
SFS WEST HILL,SKYLINE FOUNDATIONS AND STRUCTURES PRIVATE LIMITED,Residential (Apartment),2020-01-01,2024-03-31,K-RERA/PRJ/256/2020,2021-04-26,108,107,Completed,Thiruvananthapuram,KARAKULAM,Nedumangad
Oceanus Moonstone IV,Oceanus Dwellings Pvt Ltd,Residential (Apartment),2015-04-09,2022-12-31,K-RERA/PRJ/238/2020,2021-04-15,48,48,Completed,Thiruvananthapuram,ATTIPRA,THIRUVANANTHAPRUAM
VEEGALAND BLISS,VEEGALAND DEVELOPERS PRIVATE LIMITED,Residential (Apartment),2019-12-16,2023-08-28,K-RERA/PRJ/115/2020,2021-04-15,78,73,Completed,Ernakulam,THEKKUMBHAGOM KANAYANNUR,Kanayannur
DH DZIRE MUTTATHIL,DREAMS HABITAT PVT LTD,Residential (Apartment),2015-08-10,2023-02-02,K-RERA/PRJ/125/2021,2021-04-29,9,1,Completed,Ernakulam,ELAMKULAM,Kanayannur
LOTUS NANDANAM,VEDAPURI LOTUS PROPERTIES PVT LTD,Residential (Apartment),2020-12-30,2023-10-31,K-RERA/PRJ/007/2021,2021-04-30,22,22,Completed,Ernakulam,NADAMA,Kanayannur
BUILTECH SUMMIT,BUILTECH SUMMIT,Residential (Apartment),2017-03-03,2021-09-30,K-RERA/PRJ/068/2020,2021-07-27,23,2,Completed,Palakkad,PALAKKAD I,Palakkad
TBPL RIO GRANDE,Thrissur Builders Private Limited,Residential (Apartment),2019-01-15,2023-12-31,K-RERA/PRJ/048/2020,2021-03-27,34,33,Completed,Thrissur,THRISSUR,Thrissur
SILVER CASTLE SPRINGS,Silver Castle Construction Company Pvt Ltd,Residential (Apartment),2017-10-25,2021-06-30,K-RERA/PRJ/079/2020,2022-02-09,30,30,Completed,Thiruvananthapuram,KUDAPPANAKUNNU,THIRUVANANTHAPRUAM
TRITON CRESCENT,CRESCENT BUILDERS,Residential (Apartment),2019-06-01,2023-05-31,K-RERA/PRJ/037/2020,2021-03-27,97,97,Completed,Kozhikode,NELLIKODE,Kozhikode
LANDMARK MAPLE,CALICUT LANDMARK BUILDERS AND DEVELOPERS INDIA PRIVATE LIMITED,Residential (Apartment),2018-04-29,2022-05-31,K-RERA/PRJ/027/2020,2021-08-06,106,106,Completed,Kozhikode,OLAVANNA,Kozhikode
SECURA CENTRE KANNUR,Secura Developers Pvt Ltd,Shops/Office Space (Commercial),2019-05-14,2022-09-30,K-RERA/PRJ/060/2020,2021-03-30,70,61,Completed,Kannur,ELAYAVOOR,Kannur
Confident Greenwich,Confident Projects Residential,Residential (Apartment),2020-12-17,2026-06-16,K-RERA/PRJ/287/2020,2021-05-04,81,69,Inprogress,Kozhikode,NELLIKODE,Kozhikode
Eco One,Level 100 Realty Pvt Ltd,Villas (Plots & Buildings),2021-02-01,2024-07-31,K-RERA/PRJ/ERN/005/2021,2021-04-13,18,7,Inprogress,Ernakulam,AIKARANAD SOUTH,Kunnathunad
VITHAYATHIL AFFINITY AT PUKALAKKATTU,VITHAYATHIL HOMES,Residential (Apartment),2020-12-01,2024-12-30,K-RERA/PRJ/351/2020,2021-07-28,18,16,Completed,Ernakulam,CHERANALLUR,Kanayannur
SKYLINE GRAND TERRACE,M/s Skyline Builders,Residential (Apartment),2018-01-29,2022-01-30,K-RERA/PRJ/176/2020,2021-03-27,19,14,Completed,Kozhikode,KASABA,Kozhikode
SMS Vista,SMS BUILDERS,Residential (Apartment),2019-09-25,2023-02-28,K-RERA/PRJ/153/2020,2021-06-24,12,12,Completed,Ernakulam,EDAPPALLY SOUTH,Kanayannur
TEMPLE TREE,SI Property Kerala Private Limited,Residential (Apartment),2019-06-30,2024-12-31,K-RERA/PRJ/160/2020,2021-03-30,33,30,Completed,Thiruvananthapuram,PEROORKADA,THIRUVANANTHAPRUAM
VICTORIAN SQUARE BY CREATIONS,CREATIONS VILLAS & APARTMENTS PRIVATE LIMITED,Residential (Apartment),2019-12-31,2025-06-30,K-RERA/PRJ/038/2021,2021-04-22,19,11,Inprogress,Thiruvananthapuram,KOWDIAR,THIRUVANANTHAPRUAM
VARMA PRIME,VARMA HOMES PRIVATE LIMITED,Residential (Apartment),2021-04-01,2025-10-01,K-RERA/PRJ/364/2020,2021-05-27,26,19,Completed,Ernakulam,NADAMA,Kanayannur
Classic Avenir Suites,Classic Constructions,Residential (Apartment),2019-06-30,2022-06-30,K-RERA/PRJ/274/2020,2021-04-30,34,34,Completed,Ernakulam,THRIKKAKARA NORTH,Kanayannur
OLIVE OURANIA,OLIVE BUILDERS,Residential (Apartment),2017-04-15,2024-09-30,K-RERA/PRJ/325/2020,2021-06-30,50,36,Completed,Ernakulam,EDAPPALLY NORTH,Kanayannur
AC SAMRUDHI,AC CITY PROJECTS PVT LTD,Residential (Apartment),2019-10-01,2022-08-10,K-RERA/PRJ/092/2020,2021-04-15,20,18,Completed,Ernakulam,POONITHURA,Kanayannur
Sobha Atlantis Phase 1 block 3 and 4,Sobha Limited,Residential (Apartment),2017-03-14,2026-06-30,K-RERA/PRJ/235/2020,2021-09-18,192,149,Inprogress,Ernakulam,NADAMA,Kanayannur
FORUS AZALEA,FORUS INITIATIVES,Residential (Apartment),2019-01-01,2023-05-01,K-RERA/PRJ/010/2020,2021-05-24,16,14,Completed,Thrissur,CHEMBUKAVU,Thrissur
Jayaraj Divya,Jayaraj Properties,Residential (Apartment),2019-12-01,2023-06-30,K-RERA/PRJ/078/2020,2021-05-26,16,16,Completed,Palakkad,PALAKKAD-2,Palakkad
Oceanus Sunshine Phase I,Oceanus Dwellings Pvt Ltd,Residential (Apartment),2014-12-08,2020-10-29,K-RERA/PRJ/090/2021,2021-03-30,68,68,Completed,Thiruvananthapuram,ATTIPRA,THIRUVANANTHAPRUAM
M P S ABSOLUT,M P S India Holdings Pvt Ltd,Residential (Apartment),2017-04-01,2022-06-30,K-RERA/PRJ/358/2020,2021-08-16,43,43,Inprogress,Ernakulam,MARADU,Kanayannur
PVS CLASSIC,PVS Builders & Developers,Residential (Apartment),2018-10-19,2024-02-19,K-RERA/PRJ/087/2020,2021-09-14,75,65,Completed,Kannur,EDAKKAD,Kannur
FORUS GAZANIA,FORUS INITIATIVES,Residential (Apartment),2021-06-01,2027-12-31,K-RERA/PRJ/TSR/020/2021,2021-06-11,44,40,Completed,Thrissur,THRISSUR,Thrissur
NANMA EASTFORT,NANMA PROPERTIES LTD,Residential (Apartment),2021-02-22,2025-12-10,K-RERA/PRJ/ERN/004/2021,2021-04-12,148,145,Completed,Ernakulam,MARADY,Muvattupuzha
NATIONAL SIGNATURE,NATIONAL BUILDERS,Residential (Apartment),2016-12-14,2025-06-30,K-RERA/PRJ/121/2020,2021-04-22,74,68,Completed,Ernakulam,CHERANALLUR,Kanayannur
BREEZY MEADOWS,INDUS GRATIA CREATIVE HOMES PVT LTD,Residential (Apartment),2019-12-15,2024-12-30,K-RERA/PRJ/080/2021,2021-08-27,16,15,Inprogress,Ernakulam,NADAMA,Kanayannur
"Muthoot Homez, Akkulam",MPG Hotels & Infrastructure Ventures Private Limited,Mixed (Commercial & Residential),2018-04-14,2024-06-30,K-RERA/PRJ/90/2020,2021-04-17,211,110,Completed,Thiruvananthapuram,KADAKAMPALLY,THIRUVANANTHAPRUAM
ABAD REFLECTIONS,ABAD BUILDERS PVT LTD,Residential (Apartment),2018-09-20,2021-04-01,K-RERA/PRJ/046/2020,2021-04-27,20,20,Completed,Ernakulam,ELAMKULAM,Kanayannur
ASSET PLATINA,ASSET HOMES PRIVATE LIMITED,Mixed (Commercial & Residential),2020-09-22,2024-12-01,K-RERA/PRJ/225/2020,2021-04-15,54,53,Completed,Thrissur,THRISSUR,Thrissur
PRESTIGE CITYSCAPE,THOMSUN REALTORS PRIVATE LIMITED,Residential (Apartment),2018-10-13,2025-06-30,K-RERA/PRJ/232/2020,2021-08-31,102,92,Completed,Ernakulam,MARADU,Kanayannur
BEVERLY FLORENTO,KPA DEVELOPERS,Residential (Apartment),2016-10-24,2022-12-30,K-RERA/PRJ/002/2021,2021-07-01,74,58,Completed,Thrissur,GURUVAYUR,Chavakkad
vantage point,Sree Dhanya Homes Pvt ltd,Mixed (Commercial & Residential),2018-06-15,2024-04-30,K-RERA/PRJ/133/2020,2021-03-24,82,79,Completed,Thiruvananthapuram,VANCHIYOOR,THIRUVANANTHAPRUAM
ANTHEM,Prime Property Developers,Mixed (Commercial & Residential),2019-12-31,2024-12-31,K-RERA/PRJ/085/2020,2021-03-30,56,56,Completed,Thiruvananthapuram,KOWDIAR,THIRUVANANTHAPRUAM
SFS RETREAT,SKYLINE FOUNDATIONS AND STRUCTURES PRIVATE LIMITED,Residential (Apartment),2019-02-01,2023-10-25,K-RERA/PRJ/001/2020,2021-04-30,77,77,Completed,Thiruvananthapuram,SASTHAMANGALAM,THIRUVANANTHAPRUAM
"VSC Homes, MILAN CASTLE",VSC HOMES PRIVATE LIMITED,Residential (Apartment),2018-04-02,2022-12-30,K-RERA/PRJ/211/2020,2021-03-30,55,51,Completed,Thiruvananthapuram,NEMOM,THIRUVANANTHAPRUAM
ABAD GOLDEN OAK,ABAD BUILDERS PVT LTD,Residential (Apartment),2016-04-01,2019-05-28,K-RERA/PRJ/363/2020,2021-06-21,52,51,Completed,Ernakulam,MARADU,Kanayannur
GOOD EARTH MODERN TIMES,GOOD EARTH INDIA INFRA LIMITED,Residential (Apartment),2019-06-28,2023-09-30,K-RERA/PRJ/028/2020,2021-03-30,40,37,Completed,Ernakulam,THRIKKAKARA NORTH,Kanayannur
SAPTHAVARNA GALAXY,SAPTHAVARNA BUILDERS PVT LTD,Residential (Apartment),2014-12-31,2022-06-30,K-RERA/PRJ/347/2020,2021-07-05,51,27,Completed,Thrissur,Peringavu,Thrissur
SILVER CASTLE GREEN WOODS,Silver Castle Construction Company Pvt Ltd,Villas (Plots & Buildings),2019-09-01,2023-02-28,K-RERA/PRJ/319/2020,2021-04-23,9,6,Completed,Thiruvananthapuram,PEROORKADA,THIRUVANANTHAPRUAM
ELEVE MAISON,GALAXY BUILDERS,Mixed (Commercial & Residential),2019-10-01,2024-04-20,K-RERA/PRJ/157/2020,2021-04-23,52,52,Completed,Kozhikode,KACHERY,Kozhikode
SILVER CASTLE WINTER LEAF,Silver Castle Construction Company Pvt Ltd,Mixed (Commercial & Residential),2019-12-31,2025-12-31,K-RERA/PRJ/261/2020,2021-04-23,45,23,Inprogress,Thiruvananthapuram,PEROORKADA,THIRUVANANTHAPRUAM
VITHAYATHIL LEGEND CASA,VITHAYATHIL HOMES,Mixed (Commercial & Residential),2019-08-01,2024-02-25,K-RERA/PRJ/276/2020,2021-06-17,26,0,Completed,Ernakulam,ELAMKULAM,Kanayannur
SFS SUNNYVALE,SKYLINE FOUNDATIONS AND STRUCTURES PRIVATE LIMITED,Residential (Apartment),2018-04-03,2023-03-30,K-RERA/PRJ/158/2020,2021-04-30,101,101,Completed,Ernakulam,KAKKANAD,Kanayannur
GOOD EARTH BAREFOOT ON THE HILLS,SYMBIOSIS PROPERTIESAND INFRASTRUCTURES INDIA PRIVATE LTD,Plots,2017-10-04,2024-06-30,K-RERA/PRJ/125/2020,2021-04-23,,12,Completed,Kozhikode,CHELAVUR,Kozhikode
PRESTIGE HILLSIDE GATEWAY,PRESTIGE ESTATES PROJECTS LIMITED,Mixed (Commercial & Residential),2015-11-07,2022-12-31,K-RERA/PRJ/315/2020,2021-08-10,637,521,Completed,Ernakulam,KAKKANAD,Kanayannur
CHURCH GATE-2,Lord Krishna Home Mart Pvt Ltd,Plots,2020-05-29,2025-05-28,K-RERA/PRJ/326/2020,2021-04-21,,2,Inprogress,Thrissur,AVANISSERY,Thrissur
Prakrriti-Block4,Green Vistas Infrastructure Projects,Residential (Apartment),2018-01-01,2025-12-30,K-RERA/PRJ/084/2021,2021-05-21,98,29,Inprogress,Ernakulam,KAKKANAD,Kanayannur
Lotus Sopanam,VEDAPURI LOTUS PROPERTIES PVT LTD,Residential (Apartment),2019-11-14,2024-05-30,K-RERA/PRJ/082/2020,2021-04-28,41,41,Completed,Ernakulam,NADAMA,Kanayannur
NANDANAM HAVEN APARTMENT,Salim Associates Builders and Developers pvt Ltd,Residential (Apartment),2014-12-26,2021-06-20,K-RERA/PRJ/131/2021,2022-03-04,29,29,Completed,Thrissur,VIYYUR,Thrissur
DREAMFLOWER KALOPSIA,DREAM FLOWER HOUSING PROJECTS PVT LTD,Residential (Apartment),2019-07-30,2021-03-30,K-RERA/PRJ/022/2020,2021-04-15,17,17,Completed,Ernakulam,ELAMKULAM,Kanayannur
HiLITE ATHENA,HiLITE Builders Pvt Ltd,Residential (Apartment),2021-04-01,2023-12-31,K-RERA/PRJ/KKD/009/2021,2021-04-27,21,21,Completed,Kozhikode,OLAVANNA,Kozhikode
Oceanus Sunshine Phase II,Oceanus Dwellings Pvt Ltd,Residential (Apartment),2014-11-10,2022-03-30,K-RERA/PRJ/108/2021,2021-04-21,68,68,Completed,Thiruvananthapuram,ATTIPRA,THIRUVANANTHAPRUAM
LA-MAISON,Sree Dhanya Homes Pvt ltd,Residential (Apartment),2019-11-11,2025-06-10,K-RERA/PRJ/306/2020,2021-07-05,24,20,Completed,Thiruvananthapuram,THYCAUD,THIRUVANANTHAPRUAM
ASTEN DEW DALE APARTMENTS,ASTEN PROPERTIES AND DEVELOPER PRIVATE LIMITED,Residential (Apartment),2014-11-22,2027-12-30,K-RERA/PRJ/292/2020,2021-04-22,63,0,Inprogress,Kottayam,KANJIRAPPALLY,KANJIRAPPALLY
SREEPAVANAPURI APARTMENT,sreepavanapuri constructors LLP,Residential (Apartment),2019-06-10,2023-05-30,K-RERA/PRJ/016/2021,2021-03-30,84,0,Completed,Thrissur,IRINGAPRAM,Chavakkad
Sobha Bela Encosta Phase-1,Sobha Limited,Villas (Plots & Buildings),2016-02-12,2025-06-30,K-RERA/PRJ/140/2021,2021-07-21,41,30,Inprogress,Kozhikode,KUTTIKKATTOOR,Kozhikode
ABAD OASIS,ABAD BUILDERS PVT LTD,Residential (Apartment),2016-04-01,2020-11-15,K-RERA/PRJ/212/2020,2021-06-21,95,95,Completed,Ernakulam,THRIKKAKARA NORTH,Kanayannur
M P S Aambience,M P S India Holdings Pvt Ltd,Residential (Apartment),2017-01-15,2023-12-30,K-RERA/PRJ/342/2020,2021-09-01,126,77,Inprogress,Ernakulam,NADAMA,Kanayannur
DREAMFLOWER LA-CASITA,DREAM FLOWER HOUSING PROJECTS PVT LTD,Residential (Apartment),2021-03-01,2024-01-31,K-RERA/PRJ/114/2021,2021-04-17,40,40,Completed,Ernakulam,VAZHAKKALA,Kanayannur
Marina One Phase-1,Sobha Limited,Residential (Apartment),2016-03-15,2025-06-30,K-RERA/PRJ/251/2020,2021-09-01,293,293,Completed,Ernakulam,ERNAKULAM,Kanayannur
ANTA - KINGS PLACE,ANTA BUILDERS & DEVELOPERS PVT LTD,Residential (Apartment),2018-06-01,2023-05-30,K-RERA/PRJ/043/2020,2021-09-02,67,8,Inprogress,Ernakulam,NADAMA,Kanayannur
NOEL TALLTERRACE,NOEL VILLAS AND APARTMENTS,Residential (Apartment),2021-03-10,2024-04-30,K-RERA/PRJ/354/2020,2021-06-30,70,70,Completed,Ernakulam,CHERANALLUR,Kanayannur
CLAYSYS HEIGHTS,CLAYSYS LIFESTYLE PRIVATE LIMITED,Villas (Plots & Buildings),2017-05-10,2021-06-30,K-RERA/PRJ/213/2020,2021-04-21,61,24,Completed,Ernakulam,KUNNATHUNAD,Kunnathunad
ANTA - QUEENS GARDEN,ANTA BUILDERS & DEVELOPERS PVT LTD,Villas (Plots & Buildings),2017-02-01,2023-08-31,K-RERA/PRJ/ERN/031/2021,2021-07-19,19,6,Completed,Ernakulam,ERNAKULAM,Kanayannur
THE MATEO,PALAL REALTY,Villas (Plots & Buildings),2020-10-12,2025-12-31,K-RERA/PRJ/111/2021,2021-03-30,29,14,Inprogress,Ernakulam,KAKKANAD,Kanayannur
GALAXY DELIGHT,USHUS KUMAR SADASIVAN,Residential (Apartment),2020-09-10,2022-09-19,K-RERA/PRJ/018/2021,2021-03-27,10,0,Completed,Thiruvananthapuram,THIRUMALA,THIRUVANANTHAPRUAM
MELONWOOD MANERA,Melonwood Homes Private Limited,Residential (Apartment),2019-11-01,2026-05-30,K-RERA/PRJ/313/2020,2021-04-21,24,6,Inprogress,Ernakulam,THRIKKAKARA NORTH,Kanayannur
TC ONE SKYWALK TOWER 2,TC ONE PROPERTIES AND PROJECTS INDIA PVT LTD,Residential (Apartment),2016-06-01,2022-03-31,K-RERA/PRJ/137/2020,2021-07-05,158,142,Completed,Kozhikode,OLAVANNA,Kozhikode
NANMA SACRAMENTO PROVIDENCE,NANMA PROPERTIES LTD,Residential (Apartment),2018-10-06,2020-12-30,K-RERA/PRJ/304/2020,2021-07-05,10,9,Completed,Kozhikode,CHEVAYUR,Kozhikode
NANDANAM HABITAT,R A  SALIM,Residential (Apartment),2017-01-05,2023-06-30,K-RERA/PRJ/012/2022,2022-07-18,19,0,Completed,Thrissur,IRINGAPRAM,Chavakkad
CONFIDENT FLORIS,Confident Projects Residential,Residential (Apartment),2016-01-02,2020-10-20,K-RERA/PRJ/249/2020,2021-04-15,108,108,Completed,Thiruvananthapuram,PALLIPURAM TRIVANDRUM,THIRUVANANTHAPRUAM
ADITHYA ELEGANCE,Rajesh Kumar  Krishnan,Residential (Apartment),2019-06-01,2023-12-30,K-RERA/PRJ/068/2021,2021-03-24,144,12,Completed,Thiruvananthapuram,PETTAH,THIRUVANANTHAPRUAM
KSK MOUNT CASTLE,KSK INFRA PROPERTIES,Villas (Plots & Buildings),2015-11-04,2022-12-31,K-RERA/PRJ/064/2021,2021-04-27,6,0,Completed,Kollam,MELILA,KOTTARAKKARA
Confident Crown,Confident Projects Residential,Residential (Apartment),2019-11-10,2025-09-09,K-RERA/PRJ/018/2020,2021-03-30,149,148,Completed,Thiruvananthapuram,KAZHAKOOTTAM,THIRUVANANTHAPRUAM
Mansions Palm Hills King Palms,MANSIONS,Residential (Apartment),2019-08-06,2022-03-30,K-RERA/PRJ/017/2020,2021-07-06,20,20,Completed,Thiruvananthapuram,KUDAPPANAKUNNU,THIRUVANANTHAPRUAM
VFIVE MONDAINE,VFIVE HOMES PRIVATE LIMITED,Mixed (Commercial & Residential),2017-03-01,2022-06-30,K-RERA/PRJ/032/2021,2021-07-09,37,8,Completed,Thiruvananthapuram,KADAKAMPALLY,THIRUVANANTHAPRUAM
DREAMFLOWER MAGNUM OPUS,DREAM FLOWER HOUSING PROJECTS PVT LTD,Residential (Apartment),2019-09-01,2022-12-31,K-RERA/PRJ/007/2020,2021-04-17,42,42,Completed,Ernakulam,EDAPPALLY SOUTH,Kanayannur
Oceanus Mythrika,Oceanus Dwellings Pvt Ltd,Residential (Apartment),2016-07-01,2023-12-30,K-RERA/PRJ/243/2020,2021-03-30,54,51,Completed,Thiruvananthapuram,ATTIPRA,THIRUVANANTHAPRUAM
Ravindram,Chandrus Housing Projects,Residential (Apartment),2020-10-27,2022-10-26,K-RERA/PRJ/237/2020,2021-04-21,12,8,Completed,Ernakulam,ELAMKULAM,Kanayannur
SAMRUDHI,JGT Constructions Private Limited,Residential (Apartment),2016-08-31,2023-08-28,K-RERA/PRJ/145/2020,2021-06-01,32,27,Completed,Ernakulam,ELAMKULAM,Kanayannur
ASTEN AURUMWOODS,ASTEN REALTORS PRIVATE LIMITED,Residential (Apartment),2014-10-01,2025-06-30,K-RERA/PRJ/150/2020,2021-03-30,10,0,Inprogress,Ernakulam,ERNAKULAM,Kanayannur
DD TOWER ONE,Desai Rachana Private Limited,Residential (Apartment),2019-01-31,2024-05-30,K-RERA/PRJ/191/2020,2021-05-14,72,62,Completed,Pathanamthitta,THIRUVALLA,Thiruvalla
CHURCH GATE 1,Lord Krishna Home Mart Pvt Ltd,Plots,2019-10-01,2024-07-31,K-RERA/PRJ/271/2020,2021-03-30,,9,Inprogress,Thrissur,AVANISSERY,Thrissur
POOJA ILLOM VIEW,PRAVEENKUMAR  E A,Residential (Apartment),2018-08-03,2022-06-30,K-RERA/PRJ/059/2020,2021-07-05,20,4,Completed,Ernakulam,ERNAKULAM,Kanayannur
ARTECH FLORA,ARTECH REALTORS PRIVATE LIMITED,Residential (Apartment),2019-03-02,2023-09-30,K-RERA/PRJ/023/2020,2021-06-01,53,53,Completed,Thiruvananthapuram,SASTHAMANGALAM,THIRUVANANTHAPRUAM
Kalyan Prima,Kalyan Developers,Villas (Plots & Buildings),2022-01-01,2025-12-31,K-RERA/PRJ/TSR/001/2022,2022-01-03,33,20,Completed,Thrissur,PERAMANGALAM,Thrissur
ARTECH KAAZHCHA,ARTECH REALTORS PRIVATE LIMITED,Residential (Apartment),2018-06-15,2024-12-30,K-RERA/PRJ/056/2020,2021-06-02,92,61,Completed,Pathanamthitta,KUTTAPUZHA,Thiruvalla
MB Urbanville,Prime Property Developers,Residential (Apartment),2016-12-29,2020-02-28,K-RERA/PRJ/265/2020,2021-03-27,55,55,Completed,Thiruvananthapuram,SASTHAMANGALAM,THIRUVANANTHAPRUAM
POOJA SUDHINDRAM,PRAVEENKUMAR  E A,Residential (Apartment),2019-11-15,2025-06-29,K-RERA/PRJ/034/2020,2021-03-30,16,7,Completed,Ernakulam,ERNAKULAM,Kanayannur
BASHI SILVERCREST APARTMENTS,KARIPARAMBIL KASIM SALAUDHIN,Residential (Apartment),2019-04-06,2023-02-20,K-RERA/PRJ/316/2020,2021-06-30,20,17,Completed,Thrissur,IRINJALAKUDA,MUKUNDAPURAM
RDS LEGACY,RDS REALTIES LTD,Residential (Apartment),2016-07-20,2019-12-05,K-RERA/PRJ/054/2021,2021-03-24,48,48,Completed,Ernakulam,ELAMKULAM,Kanayannur
SFS CAPITAL PARK,SKYLINE FOUNDATIONS AND STRUCTURES PRIVATE LIMITED,Residential (Apartment),2016-03-23,2020-11-25,K-RERA/PRJ/360/2020,2021-05-14,26,26,Completed,Thiruvananthapuram,THYCAUD,THIRUVANANTHAPRUAM
SAMRAKSHA HOMES,Samraksha Habitat Private Limited,Residential (Apartment),2021-01-27,2023-09-30,K-RERA/PRJ/ERN/003/2021,2021-03-30,47,7,Completed,Ernakulam,AIKARANAD SOUTH,Kunnathunad
CORDIAL DHANYAM,CORDIAL CONSTRUCTION COMPANY,Residential (Apartment),2019-12-30,2024-03-30,K-RERA/PRJ/146/2020,2021-05-31,26,26,Completed,Thiruvananthapuram,VATTIYOORKAVU,THIRUVANANTHAPRUAM
Kalyan Heritage,Kalyan Developers,Residential (Apartment),2017-02-28,2021-12-30,K-RERA/PRJ/064/2020,2021-07-15,86,86,Completed,Thrissur,THRISSUR,Thrissur
DD HIPPODROME,DESAI HOMES,Residential (Apartment),2022-05-02,2026-12-31,K-RERA/PRJ/TVM/088/2022,2022-05-21,189,124,Inprogress,Thiruvananthapuram,VEILOOR,THIRUVANANTHAPRUAM
CORDON IMPERIAL GARDENS,CORDON CONSTRUCTORS & REALTORS Pvt Ltd,Residential (Apartment),2019-08-12,2026-12-31,K-RERA/PRJ/006/2020,2021-07-15,112,89,Inprogress,Thiruvananthapuram,KARAKULAM,Nedumangad
Marina One Phase 2,Sobha Limited,Residential (Apartment),2016-03-15,2027-06-30,K-RERA/PRJ/252/2020,2021-11-22,112,112,Completed,Ernakulam,ERNAKULAM,Kanayannur
LADDER CAPITAL HILL,Kerala Land Reforms And Development Co operative Society Ltd No 4482,Residential (Apartment),2019-07-01,2023-09-30,K-RERA/PRJ/187/2020,2021-06-18,222,154,Completed,Thiruvananthapuram,PANGAPARA,THIRUVANANTHAPRUAM
Kalyan Courtyard,Kalyan Developers,Residential (Apartment),2020-02-29,2025-02-28,K-RERA/PRJ/065/2020,2021-07-19,94,90,Completed,Thrissur,THRISSUR,Thrissur
Kalyan Divinity,Kalyan Developers,Residential (Apartment),2020-10-31,2025-06-30,K-RERA/PRJ/205/2020,2021-07-15,50,50,Completed,Thiruvananthapuram,PETTAH,THIRUVANANTHAPRUAM
Kalyan Meridian,Kalyan Developers,Residential (Apartment),2019-09-17,2023-12-31,K-RERA/PRJ/013/2020,2021-07-15,42,38,Completed,Thrissur,AYYANTHOLE,Thrissur
CONFIDENT PINNACLE,Confident Projects Residential,Residential (Apartment),2019-01-01,2023-11-01,K-RERA/PRJ/102/2020,2021-03-27,64,60,Completed,Ernakulam,THRIKKAKARA NORTH,Kanayannur
Kalyan Uptown,Kalyan Developers,Residential (Apartment),2019-12-31,2024-10-30,K-RERA/PRJ/026/2020,2021-07-23,39,38,Completed,Thrissur,THRISSUR,Thrissur
MELONWOOD REJOYZ,Melonwood Homes Private Limited,Residential (Apartment),2017-08-21,2023-11-30,K-RERA/PRJ/151/2020,2021-03-30,31,22,Completed,Ernakulam,VAZHAKKALA,Kanayannur
CHILGROVE,TALENMARK BUILDERS LLP,Villas (Plots & Buildings),2017-04-04,2023-06-04,K-RERA/PRJ/059/2021,2021-07-15,24,21,Completed,Wayanad,KUNNATHIDAVAKA,Vythiri
Kalyan Centrum,Kalyan Developers,Residential (Apartment),2016-07-31,2019-10-20,K-RERA/PRJ/049/2021,2021-08-16,36,36,Completed,Thiruvananthapuram,KADAKAMPALLY,THIRUVANANTHAPRUAM
Kairali Urban Nest,Kairali Constructions Private Limited,Residential (Apartment),2019-12-15,2025-12-30,K-RERA/PRJ/260/2020,2021-04-21,13,0,Inprogress,Ernakulam,CHERANALLUR,Kanayannur
UNDER THE BLUE SKY,ICLOUD HOMES PRIVATE LIMITED,Villas (Plots & Buildings),2018-06-09,2022-05-31,K-RERA/PRJ/166/2020,2021-04-17,45,27,Completed,Thiruvananthapuram,VEILOOR,THIRUVANANTHAPRUAM
Riddhi Siddhi Apartment,BHARATH RASIKLAL SHAH,Residential (Apartment),2020-02-03,2023-06-30,K-RERA/PRJ/041/2021,2021-04-15,15,2,Completed,Ernakulam,MATTANCHERRY,Kochi
BHAVANS CELESTIA,Bhavans Starco Builders Private Limited,Residential (Apartment),2015-02-23,2022-06-30,K-RERA/PRJ/223/2020,2021-05-14,41,0,Completed,Thrissur,PUZHAKKAL,Thrissur
Ghazal Rhythm,Ghazal Builders & Developers LLP,Residential (Apartment),2019-04-20,2023-12-31,K-RERA/PRJ/310/2020,2021-03-30,58,49,Completed,Kozhikode,CHATHAMANGALAM,Kozhikode
Kalyan Avanti,Kalyan Developers,Residential (Apartment),2017-05-31,2022-03-31,K-RERA/PRJ/241/2020,2021-05-31,73,73,Completed,Thiruvananthapuram,ATTIPRA,THIRUVANANTHAPRUAM
DREAMFLOWER SANTA MARIA,DREAM FLOWER HOUSING PROJECTS PVT LTD,Residential (Apartment),2019-07-05,2022-02-28,K-RERA/PRJ/024/2020,2021-04-17,24,24,Completed,Ernakulam,EDAPPALLY SOUTH,Kanayannur
DREAMFLOWER BELCANTO,DREAM FLOWER HOUSING PROJECTS PVT LTD,Residential (Apartment),2019-08-19,2022-03-30,K-RERA/PRJ/014/2020,2021-04-15,16,16,Completed,Ernakulam,POONITHURA,Kanayannur
PRESTIGE PANORAMA,THOMSUN REALTORS PRIVATE LIMITED,Residential (Apartment),2018-10-13,2025-06-30,K-RERA/PRJ/227/2020,2021-09-01,136,90,Inprogress,Ernakulam,MARADU,Kanayannur
SFS GRANDVILLE,SKYLINE FOUNDATIONS AND STRUCTURES PRIVATE LIMITED,Residential (Apartment),2017-01-10,2020-09-16,K-RERA/PRJ/343/2020,2021-07-28,52,52,Completed,Ernakulam,VAZHAKKALA,Kanayannur
SOBHA METROPOLIS-PHASE 1,M/S SOBHA HIGHRISE VENTURES PRIVATE LIMITED,Mixed (Commercial & Residential),2021-06-01,2026-12-31,K-RERA/PRJ/TSR/002/2021,2021-03-23,252,252,Inprogress,Thrissur,OLLUR,Thrissur
SKYLINE BLUE VISTA,M/s Skyline Builders,Residential (Apartment),2017-12-15,2023-05-30,K-RERA/PRJ/175/2020,2021-03-27,96,92,Completed,Kozhikode,PUTHIYANGADI,Kozhikode
Dasco Royal Valley Phase 2,Mahesh Ayanimoodu Vijayan,Villas (Plots & Buildings),2021-06-01,2024-05-05,K-RERA/PRJ/TVM/017/2021,2021-06-02,11,6,Completed,Thiruvananthapuram,VEMBAYAM,Nedumangad
Kalyan Credenz,Kalyan Developers,Residential (Apartment),2019-12-31,2023-06-30,K-RERA/PRJ/154/2020,2021-07-19,24,24,Completed,Ernakulam,CHERANALLUR,Kanayannur
PB ROYAL NEST,PB HOMES PVT LTD,Residential (Apartment),2020-12-01,2023-06-30,K-RERA/PRJ/TSR/001/2021,2021-03-23,9,8,Completed,Thrissur,PUZHAKKAL,Thrissur
Kalyan Marvella,Kalyan Developers,Residential (Apartment),2017-04-30,2021-09-30,K-RERA/PRJ/155/2020,2021-07-19,34,34,Completed,Ernakulam,ERNAKULAM,Kanayannur
Kalyan Sapphire,Kalyan Developers,Residential (Apartment),2016-07-31,2021-04-15,K-RERA/PRJ/250/2020,2021-07-15,56,56,Completed,Thiruvananthapuram,KUDAPPANAKUNNU,THIRUVANANTHAPRUAM
ANIMANGALAM APARTMENT,IJKGOKULAM CONSTRUCTION,Residential (Apartment),2019-04-05,2023-12-30,K-RERA/PRJ/075/2021,2021-07-05,38,31,Inprogress,Thrissur,MANAVALASSERY,MUKUNDAPURAM
SKYLINE PIXEL,M/s Skyline Builders,Residential (Apartment),2020-11-01,2024-08-01,K-RERA/PRJ/182/2020,2021-05-04,77,77,Completed,Ernakulam,KAKKANAD,Kanayannur
LOTUS RUGMINI KESHAVAM,LOTUS PROPERTIES,Residential (Apartment),2017-02-06,2021-03-25,K-RERA/PRJ/120/2020,2021-06-17,48,46,Completed,Ernakulam,POONITHURA,Kanayannur
CONFIDENT AQUILA Block 1 and ARINA Block 2,Confident Projects Residential,Residential (Apartment),2017-08-16,2023-10-16,K-RERA/PRJ/100/2020,2021-07-05,128,111,Completed,Thiruvananthapuram,CHERUVAKKAL,THIRUVANANTHAPRUAM
ECOPARADISE,PAUL ALUKKAS DEVELOPERS PRIVATE LIMITED,Residential (Apartment),2013-10-04,2021-09-30,K-RERA/PRJ/089/2021,2021-04-17,49,17,Completed,Ernakulam,POONITHURA,Kanayannur
CONFIDENT BLUEBERRY,Confident Projects Residential,Mixed (Commercial & Residential),2019-08-15,2025-02-15,K-RERA/PRJ/284/2020,2021-06-29,60,36,Completed,Kottayam,PUTHUPPALLY KOTTAYAM,Kottayam
SILVER SPRINGS,PVS Builders & Developers,Residential (Apartment),2017-05-26,2021-06-30,K-RERA/PRJ/086/2020,2021-05-31,62,36,Completed,Kozhikode,PERUMANNA,Kozhikode
QUEENS COURTYARD,QUEENS HABITATS PVT LTD,Residential (Apartment),2018-06-12,2024-06-30,K-RERA/PRJ/129/2020,2021-03-30,64,24,Inprogress,Kozhikode,KUTTIKKATTOOR,Kozhikode
CORDON VISTA,CORDON CONSTRUCTORS & REALTORS Pvt Ltd,Residential (Apartment),2017-08-02,2020-12-30,K-RERA/PRJ/052/2020,2021-07-15,16,12,Completed,Thiruvananthapuram,THYCAUD,THIRUVANANTHAPRUAM
Asset Alpine Oaks,ASSET HOMES PRIVATE LIMITED,Residential (Apartment),2018-02-23,2023-12-30,K-RERA/PRJ/062/2020,2021-05-26,62,62,Completed,Ernakulam,VAZHAKKALA,Kanayannur
Kalyan Gateway,Kalyan Developers,Residential (Apartment),2019-08-31,2025-09-30,K-RERA/PRJ/055/2020,2021-07-27,90,65,Completed,Thiruvananthapuram,KADAKAMPALLY,THIRUVANANTHAPRUAM
MELONWOOD WAVES PHASE 1,Melonwood Homes Private Limited,Villas (Plots & Buildings),2016-09-29,2024-04-30,K-RERA/PRJ/167/2021,2021-07-26,19,15,Completed,Ernakulam,VAZHAKKALA,Kanayannur
Marina One Phase 3,Sobha Limited,Residential (Apartment),2016-03-15,2027-06-30,K-RERA/PRJ/253/2020,2021-09-01,181,177,Inprogress,Ernakulam,ERNAKULAM,Kanayannur
NATIONAL KINGDOM,SUNNY APARTMENTS PVT LTD,Residential (Apartment),2018-03-23,2025-06-30,K-RERA/PRJ/026/2021,2021-06-28,80,66,Completed,Ernakulam,POONITHURA,Kanayannur
Indraneelam DEODATE,Indraneelam Builders,Residential (Apartment),2021-03-01,2024-10-01,K-RERA/PRJ/244/2020,2021-07-26,14,14,Completed,Thrissur,CHAVAKKAD,Chavakkad
SHANOOR NALANDA,SHANOOR PROJECTS AND REALTORS PVT LTD,Residential (Apartment),2018-01-01,2021-06-30,K-RERA/PRJ/167/2020,2021-03-30,27,27,Completed,Thiruvananthapuram,CHERUVAKKAL,THIRUVANANTHAPRUAM
GRANDIOSE,Heather Infrastructure Private Limited,Residential (Apartment),2018-12-05,2024-02-14,K-RERA/PRJ/204/2020,2021-07-05,53,48,Completed,Thiruvananthapuram,KADAKAMPALLY,THIRUVANANTHAPRUAM
CONFIDENT BILBERRY,Confident Projects Residential,Residential (Apartment),2017-12-15,2023-04-15,K-RERA/PRJ/108/2020,2021-07-15,136,135,Completed,Thiruvananthapuram,PALLIPURAM TRIVANDRUM,THIRUVANANTHAPRUAM
Kent Palm Grove Apartments Block II,Kent Constructions Pvt Ltd,Residential (Apartment),2018-12-27,2022-12-27,K-RERA/PRJ/118/2020,2021-04-21,90,40,Completed,Ernakulam,POONITHURA,Kanayannur
TRINITY GREEN ARK,TRINITY ARCADE PVT LTD,Residential (Apartment),2019-06-10,2023-06-30,K-RERA/PRJ/202/2020,2021-04-30,23,23,Completed,Ernakulam,EDAPPALLY SOUTH,Kanayannur
TRINITY ACCORD,TRINITY ARCADE PVT LTD,Residential (Apartment),2021-10-01,2025-06-30,K-RERA/PRJ/201/2020,2021-04-30,59,44,Completed,Ernakulam,EDAPPALLY SOUTH,Kanayannur
CONFIDENT ZENITH,Confident Projects Residential,Residential (Apartment),2019-11-01,2025-03-01,K-RERA/PRJ/106/2020,2021-06-29,85,85,Completed,Thiruvananthapuram,KAZHAKOOTTAM,THIRUVANANTHAPRUAM
SHANOOR METRO SQUARE,SHANOOR PROJECTS,Residential (Apartment),2019-01-05,2023-06-30,K-RERA/PRJ/189/2020,2021-04-21,59,58,Completed,Thiruvananthapuram,PATTOM,THIRUVANANTHAPRUAM
CORDIAL DHANUSS,CORDIAL FOUNDATION PVT LTD,Residential (Apartment),2017-07-16,2021-03-30,K-RERA/PRJ/149/2020,2021-04-21,48,35,Completed,Thiruvananthapuram,SASTHAMANGALAM,THIRUVANANTHAPRUAM
SKYLINE ARISTOCRAT,M/s Skyline Builders,Residential (Apartment),2018-01-15,2021-12-28,K-RERA/PRJ/173/2020,2021-04-15,18,13,Completed,Ernakulam,ERNAKULAM,Kanayannur
ASTEN CAMPUS COURT,ASTEN REALTORS PRIVATE LIMITED,Residential (Apartment),2012-02-01,2023-03-10,K-RERA/PRJ/321/2020,2021-04-21,368,0,Inprogress,Ernakulam,KAKKANAD,Kanayannur
CONFIDENT MAPLE,Confident Projects Residential,Residential (Apartment),2020-10-15,2024-10-15,K-RERA/PRJ/224/2020,2021-04-27,90,90,Completed,Thrissur,OLLUR,Thrissur
CONFIDENT GREENFIELD,Confident Projects Residential,Residential (Apartment),2019-07-12,2025-01-10,K-RERA/PRJ/101/2020,2021-04-30,90,80,Completed,Thiruvananthapuram,PALLIPURAM TRIVANDRUM,THIRUVANANTHAPRUAM
GREHA NAKSHATRA,GREHA HOMES PVT LTD,Residential (Apartment),2021-04-01,2024-04-30,K-RERA/PRJ/ERN/007/2021,2021-03-26,26,0,Completed,Ernakulam,ELAMKULAM,Kanayannur
CONFIDENT PRIME III,Confident Projects Residential,Residential (Apartment),2018-06-30,2023-12-31,K-RERA/PRJ/174/2020,2021-05-21,103,94,Completed,Thiruvananthapuram,KAZHAKOOTTAM,THIRUVANANTHAPRUAM
SOBHA SILVER ESTATE,SOBHA CONTRACTING PRIVATE LIMITED,Villas (Plots & Buildings),2018-04-01,2025-12-31,K-RERA/PRJ/186/2020,2021-03-27,57,40,Completed,Thrissur,POTTORE,Thrissur
CONFIDENT DAFFODILS BLOCK A and B,Confident Projects Residential,Residential (Apartment),2017-08-01,2021-05-01,K-RERA/PRJ/107/2020,2021-06-30,136,136,Completed,Thiruvananthapuram,ULIYAZHATHURA,THIRUVANANTHAPRUAM
ATMOSPHERE,MERITRA HOMES PVT LTD,Villas (Plots & Buildings),2019-03-20,2025-03-31,K-RERA/PRJ/112/2020,2021-07-05,20,11,Completed,Ernakulam,KUMBALAM,Kanayannur
ASTEN NAUTICA,ASTEN REALTORS PRIVATE LIMITED,Residential (Apartment),2013-04-15,2025-12-30,K-RERA/PRJ/102/2021,2021-04-17,64,0,Inprogress,Ernakulam,KUMBALAM,Kanayannur
Magnum Opus,Space Developers,Residential (Apartment),2016-08-20,2021-12-20,K-RERA/PRJ/111/2020,2021-07-08,90,90,Completed,Kozhikode,KASABA,Kozhikode
SHANOOR AMAR VISTA,SHANOOR PROJECTS,Residential (Apartment),2020-02-20,2024-09-30,K-RERA/PRJ/279/2020,2021-03-30,72,71,Completed,Thiruvananthapuram,PANGAPARA,THIRUVANANTHAPRUAM
CONFIDENT CYGNUS,Confident Projects Residential,Residential (Apartment),2019-02-01,2023-12-01,K-RERA/PRJ/049/2020,2021-04-15,96,87,Completed,Kottayam,MUTTAMBALAM,Kottayam
ASSET LIMELIGHT,ASSET HOMES PRIVATE LIMITED,Residential (Apartment),2016-10-25,2023-10-30,K-RERA/PRJ/042/2020,2021-05-26,47,42,Completed,Ernakulam,EDAPPALLY NORTH,Kanayannur
CONFIDENT ASTER,Confident Projects Residential,Residential (Apartment),2017-07-15,2021-04-15,K-RERA/PRJ/312/2020,2021-07-26,75,75,Completed,Thrissur,OLLUR,Thrissur
ASSET SENATE,ASSET HOMES PRIVATE LIMITED,Mixed (Commercial & Residential),2017-10-13,2023-03-30,K-RERA/PRJ/105/2020,2021-06-30,76,74,Completed,Kannur,ELAYAVOOR,Kannur
ASSET RANGOLI,ASSET HOMES PRIVATE LIMITED,Mixed (Commercial & Residential),2017-03-25,2022-12-30,K-RERA/PRJ/095/2020,2021-06-30,61,61,Completed,Ernakulam,MARADU,Kanayannur
PRIMROSE,Future Foundations Pvt Ltd,Residential (Apartment),2019-03-01,2023-12-31,K-RERA/PRJ/083/2021,2021-07-05,10,6,Completed,Thiruvananthapuram,THYCAUD,THIRUVANANTHAPRUAM
ASSET HILLCREST VOLGA,ASSETINDIA INFRAPROJECTS PRIVATE LIMITED,Residential (Apartment),2014-09-23,2022-03-30,K-RERA/PRJ/193/2020,2021-06-28,60,60,Completed,Thiruvananthapuram,VATTIYOORKAVU,THIRUVANANTHAPRUAM
ASSET LEGACY,ASSETINDIA INFRAPROJECTS PRIVATE LIMITED,Residential (Apartment),2016-04-28,2021-06-30,K-RERA/PRJ/348/2020,2021-06-02,59,59,Completed,Thiruvananthapuram,PATTOM,THIRUVANANTHAPRUAM
ASSET TKM GRANDIOS SANFORD,ASSETINDIA INFRAPROJECTS PRIVATE LIMITED,Residential (Apartment),2015-08-12,2022-12-30,K-RERA/PRJ/103/2020,2021-06-30,61,59,Completed,Kollam,KOLLAM EAST,Kollam
ASSET EAST BROOK,ASSET HOMES PRIVATE LIMITED,Residential (Apartment),2018-01-01,2025-06-30,K-RERA/PRJ/197/2020,2021-07-05,36,27,Completed,Ernakulam,CHENGAMANAD,Aluva
ARCON CYBERCITY,ARCON HOME BUILDERS PRIVATE LIMITED,Residential (Apartment),2019-06-15,2024-06-30,K-RERA/PRJ/066/2020,2021-04-23,70,70,Completed,Thiruvananthapuram,ATTIPRA,THIRUVANANTHAPRUAM
FINSYZ VACATION HOMES,FINSYZ VACATION HOMES LLP,Shops/Office Space (Commercial),2019-10-01,2022-12-01,K-RERA/PRJ/053/2020,2021-03-27,21,0,Completed,Ernakulam,NEDUMBASSERY,Aluva
Cordial Rise,Cordial Properties India Pvt Ltd,Residential (Apartment),2021-02-01,2025-03-31,K-RERA/PRJ/028/2021,2021-03-30,49,43,Completed,Thiruvananthapuram,KARAKULAM,Nedumangad
SHANOOR PALMS,SHANOOR PROJECTS AND REALTORS PVT LTD,Villas (Plots & Buildings),2021-01-01,2023-12-30,K-RERA/PRJ/093/2021,2021-04-21,19,19,Completed,Thiruvananthapuram,MENAMKULAM,THIRUVANANTHAPRUAM
ANTA - CAPITAL GREEN,ANTA BUILDERS & DEVELOPERS PVT LTD,Villas (Plots & Buildings),2019-01-01,2024-10-30,K-RERA/PRJ/248/2020,2021-07-15,38,38,Inprogress,Thiruvananthapuram,VEGANOOR,THIRUVANANTHAPRUAM
EMMAUS TOWER,BINOY  ABRAHAM,Residential (Apartment),2019-09-20,2024-06-30,K-RERA/PRJ/320/2020,2021-04-23,40,1,Completed,Ernakulam,KOTHAMANGALAM,Kothamangalam
50 CROSS ROADS,PVS Builders & Developers,Residential (Apartment),2016-08-17,2021-09-30,K-RERA/PRJ/119/2020,2021-07-05,46,25,Completed,Kozhikode,KASABA,Kozhikode
223ChurchStreet by Providence,Providence Lifespace Pvt Ltd,Mixed (Commercial & Residential),2017-07-04,2022-10-15,K-RERA/PRJ/206/2020,2021-04-23,25,25,Completed,Ernakulam,ANGAMALY,Aluva
SOBHA LAKE EDGE,SOBHA CITY,Residential (Apartment),2018-03-18,2025-12-31,K-RERA/PRJ/190/2020,2021-04-21,72,72,Completed,Thrissur,KUTTOOR THRISSUR,Thrissur
TRINITY NEW CASTLE,TRINITY ARCADE PVT LTD,Residential (Apartment),2018-10-15,2022-09-30,K-RERA/PRJ/088/2020,2021-05-04,40,35,Completed,Ernakulam,EDAPPALLY SOUTH,Kanayannur
NATIONAL TREEDOM PARK,NATIONAL BUILDERS,Residential (Apartment),2014-11-15,2020-12-19,K-RERA/PRJ/066/2021,2021-04-22,120,111,Completed,Ernakulam,NADAMA,Kanayannur
FORUS PARAMOUNT,FORUS INITIATIVES,Residential (Apartment),2018-02-01,2022-07-31,K-RERA/PRJ/124/2020,2021-06-07,22,22,Completed,Thrissur,CHEMBUKAVU,Thrissur
OMG VIVANTE VILLAS,OMG PROPERTIES PRIVATE LIMITED,Villas (Plots & Buildings),2019-09-25,2023-03-24,K-RERA/PRJ/184/2020,2021-04-26,0,0,Completed,Palakkad,MARUTHUROAD,Palakkad
NAVERA SIGNATURE,Navera Builders Private Limited,Residential (Apartment),2021-02-02,2025-06-30,K-RERA/PRJ/TSR/016/2021,2021-05-24,60,60,Completed,Thrissur,VIYYUR,Thrissur
SKYLINE POLARIS,M/s Skyline Builders,Residential (Apartment),2019-03-28,2024-01-31,K-RERA/PRJ/169/2020,2021-04-15,47,47,Completed,Ernakulam,POONITHURA,Kanayannur
SKYLINE EPIC,M/s Skyline Builders,Residential (Apartment),2018-05-28,2022-10-30,K-RERA/PRJ/172/2020,2021-04-15,29,28,Completed,Ernakulam,POONITHURA,Kanayannur
ASSET PKS HERITANCE,ASSET HOMES PRIVATE LIMITED,Residential (Apartment),2019-07-02,2025-05-31,K-RERA/PRJ/012/2020,2021-05-26,110,90,Completed,Kozhikode,KOTTOOLI,Kozhikode
ASSET GALLERIA,ASSET HOMES PRIVATE LIMITED,Mixed (Commercial & Residential),2018-01-09,2023-10-30,K-RERA/PRJ/081/2020,2021-06-30,45,45,Completed,Thrissur,THRISSUR,Thrissur
SILVER SPRINGS,T CUBE PROJECTS PVT LTD,Residential (Apartment),2019-09-01,2023-11-30,K-RERA/PRJ/067/2021,2021-03-27,23,14,Completed,Ernakulam,THIRUVANKULAM,Kanayannur
PVS EMERALD,KERALA TRANSPORT COMPANY,Residential (Apartment),2016-11-01,2021-10-30,K-RERA/PRJ/185/2020,2021-09-01,115,104,Completed,Kozhikode,VALAYANAD,Kozhikode
HIGHLINE PARK,Highline Builders and Developers,Residential (Apartment),2019-01-01,2022-12-31,K-RERA/PRJ/298/2020,2021-07-30,67,40,Completed,Kannur,Thiruvangad,Thalassery
NOEL TUNES,NOEL VILLAS AND APARTMENTS,Residential (Apartment),2018-12-26,2022-12-30,K-RERA/PRJ/096/2020,2021-07-10,68,43,Completed,Pathanamthitta,KUTTAPUZHA,Thiruvalla
ANTA - TROPICALIA,ANTA BUILDERS & DEVELOPERS PVT LTD,Villas (Plots & Buildings),2021-02-11,2023-09-30,K-RERA/PRJ/TVM/047/2021,2021-08-31,6,6,Inprogress,Thiruvananthapuram,VEGANOOR,THIRUVANANTHAPRUAM
SKYLINE OPUS,M/s Skyline Builders,Residential (Apartment),2017-12-01,2022-07-30,K-RERA/PRJ/171/2020,2021-04-15,53,50,Completed,Ernakulam,EDAPPALLY SOUTH,Kanayannur
ASSET PRECIOUS,ASSET HOMES PRIVATE LIMITED,Residential (Apartment),2016-09-05,2023-02-28,K-RERA/PRJ/030/2020,2021-06-30,70,70,Completed,Thrissur,NADATHARA,Thrissur
ASSET SUNNY DAYS,ASSET HOMES PRIVATE LIMITED,Residential (Apartment),2019-07-02,2024-01-30,K-RERA/PRJ/041/2020,2021-07-12,56,56,Completed,Thiruvananthapuram,KUDAPPANAKUNNU,THIRUVANANTHAPRUAM
THE LANTERN,Civil Service Officers Housing Co Operative Society Ltd,Residential (Apartment),2014-04-15,2022-12-31,K-RERA/PRJ/022/2021,2021-06-30,84,57,Completed,Ernakulam,EDAPPALLY SOUTH,Kanayannur
SKYLINE AVENUE SUITES,M/s Skyline Builders,Residential (Apartment),2018-11-08,2023-07-30,K-RERA/PRJ/168/2020,2021-03-30,75,55,Completed,Thrissur,CHIYYARAM,Thrissur
Urbanscape Dynasty,Urbanscape Properties LLP,Residential (Apartment),2018-10-20,2023-06-30,K-RERA/PRJ/110/2021,2021-08-24,54,54,Completed,Thiruvananthapuram,KOWDIAR,THIRUVANANTHAPRUAM
Q3 LUXE VILLA PROJECT,QUE DEVELOPERS LLP,Plots,2020-09-25,2024-04-24,K-RERA/PRJ/329/2020,2021-07-08,,0,Inprogress,Kozhikode,OLAVANNA,Kozhikode
Urbanscape Glory,Urbanscape Properties LLP,Residential (Apartment),2018-01-18,2021-03-30,K-RERA/PRJ/063/2020,2021-08-11,31,31,Completed,Thiruvananthapuram,VANCHIYOOR,THIRUVANANTHAPRUAM
HEATHER GREENAGE,Heather Infrastructure Private Limited,Residential (Apartment),2017-07-11,2023-06-13,K-RERA/PRJ/051/2021,2021-09-07,22,21,Completed,Thiruvananthapuram,PEROORKADA,THIRUVANANTHAPRUAM
ASSET FORTUNA,ASSET HOMES PRIVATE LIMITED,Residential (Apartment),2019-12-15,2025-03-01,K-RERA/PRJ/002/2020,2021-05-31,60,53,Completed,Thrissur,VIYYUR,Thrissur
SKYLINE WINDMILL,M/s Skyline Builders,Residential (Apartment),2019-05-28,2024-07-30,K-RERA/PRJ/170/2020,2021-04-15,84,78,Completed,Pathanamthitta,THIRUVALLA,Thiruvalla
SKYLINE RANCH VILLAS-PHASE 2,M/s Skyline Builders,Villas (Plots & Buildings),2016-04-01,2023-06-30,K-RERA/PRJ/013/2021,2021-07-30,31,20,Completed,Ernakulam,THEKKUMBHAGOM KANAYANNUR,Kanayannur
SKY CITY VILLAS,INDUS GRATIA CREATIVE HOMES PVT LTD,Villas (Plots & Buildings),2021-04-05,2026-04-04,K-RERA/PRJ/ERN/011/2021,2021-05-05,20,32,Inprogress,Ernakulam,KUNNATHUNAD,Kunnathunad
MERIDIAN VERDE,GALAXY BUILDERS,Residential (Apartment),2017-06-01,2022-08-20,K-RERA/PRJ/156/2020,2021-04-27,52,52,Completed,Kozhikode,KASABA,Kozhikode
ASSET ENSIGN,ASSET HOMES PRIVATE LIMITED,Residential (Apartment),2017-08-30,2025-06-30,K-RERA/PRJ/128/2020,2021-06-30,50,42,Completed,Kozhikode,NELLIKODE,Kozhikode
ASSET SOVEREIGN,ASSET HOMES PRIVATE LIMITED,Mixed (Commercial & Residential),2018-03-05,2025-03-30,K-RERA/PRJ/196/2020,2021-06-30,51,36,Completed,Thiruvananthapuram,VANCHIYOOR,THIRUVANANTHAPRUAM
GARDENIA,Confident Projects Residential,Residential (Apartment),2017-08-17,2021-03-30,K-RERA/PRJ/094/2020,2021-08-11,56,56,Completed,Ernakulam,THRIKKAKARA NORTH,Kanayannur
"Good Earth Barefoot On the Hills -Town Houses ,Calicut",SYMBIOSIS PROPERTIESAND INFRASTRUCTURES INDIA PRIVATE LTD,Residential (Apartment),2018-11-24,2025-12-31,K-RERA/PRJ/236/2020,2021-04-23,80,72,Completed,Kozhikode,CHELAVUR,Kozhikode
OMG LIFESTYLES PHASE 3,OMG PROPERTIES,Villas (Plots & Buildings),2018-10-01,2023-06-10,K-RERA/PRJ/056/2021,2021-04-21,10,8,Completed,Palakkad,MARUTHUROAD,Palakkad
ELITE INSIGNIA PHASE 1,ELITE GARDENIA LLP,Residential (Apartment),2018-04-16,2022-10-31,K-RERA/PRJ/074/2020,2021-03-30,38,35,Completed,Thrissur,VIYYUR,Thrissur
ASSET TKM GRANDIOS STERLING,ASSETINDIA INFRAPROJECTS PRIVATE LIMITED,Residential (Apartment),2015-02-18,2021-09-30,K-RERA/PRJ/302/2020,2021-06-30,61,61,Completed,Kollam,KOLLAM EAST,Kollam
FREESIA,Confident Projects Residential,Residential (Apartment),2018-03-10,2022-09-10,K-RERA/PRJ/104/2020,2021-07-05,72,72,Completed,Ernakulam,THRIKKAKARA NORTH,Kanayannur
GRAND AQUA,KCC PROJECTS,Plots,2016-10-05,2022-06-30,K-RERA/PRJ/359/2020,2021-03-30,,4,Completed,Kottayam,PUTHUPPALLY KOTTAYAM,Kottayam
"LADDER THARAVAD, OTTAPPALAM",Kerala Land Reforms And Development Co operative Society Ltd No 4482,Residential (Apartment),2016-02-14,2021-06-30,K-RERA/PRJ/165/2020,2021-04-17,81,8,Completed,Palakkad,OTTAPALAM I,Ottappalam
Mathruka Luxury Flats,Mathruka Realtors Private Limited,Shops/Office Space (Commercial),2013-05-18,2021-06-30,K-RERA/PRJ/336/2020,2021-04-21,40,22,Completed,Kollam,KARUNAGAPPALLY,Karunagappally
DD MAJESTIC MOUNT,WEST WIND PROPERTIES KOCHI PRIVATE LIMITED,Residential (Apartment),2017-09-18,2023-09-30,K-RERA/PRJ/230/2020,2021-05-28,143,70,Completed,Kottayam,PERUMBAYIKKADU,Kottayam
REIGATE SERENITY,REIGATE BUILDERS PRIVATE LIMITED,Residential (Apartment),2021-02-10,2023-07-06,K-RERA/PRJ/323/2020,2021-03-30,27,27,Completed,Kozhikode,CHEVAYUR,Kozhikode
OMG SIGNATURE,OMG PROPERTIES PRIVATE LIMITED,Villas (Plots & Buildings),2019-11-11,2023-05-10,K-RERA/PRJ/233/2020,2021-04-22,64,56,Completed,Palakkad,VANIYAKULAM I,Ottappalam
ELITE SAMRUDDHI PHASE 1,ELITE GARDENIA LLP,Residential (Apartment),2019-10-11,2024-10-31,K-RERA/PRJ/075/2020,2021-03-30,65,64,Completed,Thiruvananthapuram,MENAMKULAM,THIRUVANANTHAPRUAM
JEWEL RADIUS,JEWEL HOMES PVT LTD,Residential (Apartment),2014-06-02,2023-04-21,K-RERA/PRJ/117/2021,2021-05-31,55,40,Inprogress,Ernakulam,VAZHAKKALA,Kanayannur
YASORAM ARL HEIGHTS,YASORAM BUILDERS PVT LTD,Residential (Apartment),2016-06-16,2022-12-31,K-RERA/PRJ/289/2020,2021-08-02,40,16,Completed,Ernakulam,ERNAKULAM,Kanayannur
OMG MAGNUS,OMG PROPERTIES PRIVATE LIMITED,Villas (Plots & Buildings),2019-12-31,2023-08-10,K-RERA/PRJ/282/2020,2021-04-27,10,8,Completed,Palakkad,VANIYAKULAM II,Ottappalam
HANCO THE GREEN VILLAGE,Hanco Property Developers Pvt Ltd,Residential (Apartment),2019-06-21,2028-10-01,K-RERA/PRJ/301/2020,2021-04-30,33,0,Inprogress,Palakkad,MATHUR II,ALATHUR
Olive Karenina,OLIVE BUILDERS,Mixed (Commercial & Residential),2017-01-06,2026-03-31,K-RERA/PRJ/352/2020,2021-09-22,55,13,Completed,Pathanamthitta,THIRUVALLA,Thiruvalla
VEEGALAND EXOTICA,VEEGALAND DEVELOPERS PRIVATE LIMITED,Residential (Apartment),2018-05-28,2022-12-31,K-RERA/PRJ/039/2020,2021-04-15,75,59,Completed,Ernakulam,EDAPPALLY NORTH,Kanayannur
REIGATE MARINA,REIGATE BUILDERS PRIVATE LIMITED,Residential (Apartment),2019-05-05,2022-09-27,K-RERA/PRJ/255/2020,2021-03-30,25,25,Completed,Kozhikode,KASABA,Kozhikode
BEACON FORTWINGS,Beacon Projects Pvt Ltd,Residential (Apartment),2018-10-20,2022-08-25,K-RERA/PRJ/228/2020,2021-07-10,15,14,Completed,Thiruvananthapuram,PETTAH,THIRUVANANTHAPRUAM
SREEROSH SPRINGDALE,SREEROSH DEVELOPERS PVT LTD,Residential (Apartment),2017-12-08,2021-06-30,K-RERA/PRJ/069/2020,2021-05-14,53,53,Completed,Kannur,PUZHATHI,Kannur
JEWEL PRISTINE GREENS,JEWEL HOMES PVT LTD,Residential (Apartment),2014-03-03,2026-07-15,K-RERA/PRJ/124/2021,2021-06-01,73,24,Inprogress,Ernakulam,THRIKKAKARA NORTH,Kanayannur
THE RAINBOW,ALIVE LIFESPACES,Villas (Plots & Buildings),2018-04-09,2021-09-30,K-RERA/PRJ/142/2020,2021-03-30,73,51,Completed,Thiruvananthapuram,VILAPPIL,KATTAKADA
CONDOR CYBER GARDENS IRIS,CONDOR BUILDERS PVT LTD,Residential (Apartment),2021-03-01,2026-02-27,K-RERA/PRJ/042/2021,2021-04-30,182,129,Completed,Thiruvananthapuram,ATTIPRA,THIRUVANANTHAPRUAM
SAMRUDHI HOMES,OMG PROPERTIES PRIVATE LIMITED,Villas (Plots & Buildings),2020-10-05,2024-12-31,K-RERA/PRJ/107/2021,2021-04-23,6,0,Completed,Palakkad,KODUMBA,Palakkad
YASORAM DEVAKEEYAM,YASORAM BUILDERS PVT LTD,Residential (Apartment),2016-06-07,2023-12-31,K-RERA/PRJ/305/2020,2021-06-28,37,37,Completed,Ernakulam,NADAMA,Kanayannur
DD HIGHWAY GATE,SEA WIND REALTORS INDIA PRIVATE LIMITED,Residential (Apartment),2018-08-05,2021-11-06,K-RERA/PRJ/147/2020,2021-09-24,83,82,Completed,Ernakulam,MARADU,Kanayannur
ELITE LA PRISTINE PHASE 1,ELITE GARDENIA LLP,Plots,2018-05-05,2023-12-31,K-RERA/PRJ/324/2020,2021-04-21,,36,Inprogress,Thrissur,ADAT,Thrissur
ELITE MEADOWS,ELITE GARDENIA LLP,Villas (Plots & Buildings),2014-08-20,2021-12-30,K-RERA/PRJ/156/2021,2021-04-23,10,10,Completed,Thrissur,ADAT,Thrissur
BEACON INFINITY,Beacon Projects Pvt Ltd,Residential (Apartment),2019-10-30,2025-12-30,K-RERA/PRJ/246/2020,2021-07-10,29,25,Inprogress,Thiruvananthapuram,ATTIPRA,THIRUVANANTHAPRUAM
VFIVE ELYSIUM PHASE 1,VFIVE HOMES PRIVATE LIMITED,Residential (Apartment),2017-04-01,2022-06-30,K-RERA/PRJ/290/2020,2021-07-23,72,71,Completed,Thiruvananthapuram,ATTIPRA,THIRUVANANTHAPRUAM
VISHRAAM AANANDITA,VISHRAAM BUILDERS,Residential (Apartment),2018-01-29,2024-05-30,K-RERA/PRJ/139/2020,2021-07-19,70,70,Completed,Thrissur,GURUVAYUR,Chavakkad
VICTORIA REALTORS CHAITHRAM THIRD PHASE,DHARMIC LIVING PVT LTD,Villas (Plots & Buildings),2021-01-20,2023-01-09,K-RERA/PRJ/105/2021,2021-07-08,0,0,Completed,Palakkad,MUNDUR I,Palakkad
VEEGALAND ZINNIA,VEEGALAND DEVELOPERS PRIVATE LIMITED,Residential (Apartment),2018-02-01,2021-09-30,K-RERA/PRJ/038/2020,2021-04-15,32,15,Completed,Ernakulam,VAZHAKKALA,Kanayannur
OPAL HEIGHTS,CLARA  JOHNSON,Residential (Apartment),2010-06-01,2023-06-30,K-RERA/PRJ/033/2021,2021-05-04,9,0,Completed,Thrissur,OLLUKKARA,Thrissur
BEACON ORBIT,Beacon Projects Pvt Ltd,Residential (Apartment),2017-05-11,2022-12-29,K-RERA/PRJ/299/2020,2021-06-30,12,11,Completed,Thiruvananthapuram,THYCAUD,THIRUVANANTHAPRUAM
V3 AVONLEA,Vthree Homes And Infrastructure India Private Limited,Plots,2020-03-04,2021-11-25,K-RERA/PRJ/006/2021,2021-04-15,,12,Completed,Palakkad,MANNUR,Palakkad
VFIVE MIDCITY,VFIVE HOMES PRIVATE LIMITED,Residential (Apartment),2016-07-01,2021-05-30,K-RERA/PRJ/043/2021,2021-08-05,36,29,Completed,Thiruvananthapuram,THYCAUD,THIRUVANANTHAPRUAM
JOINVILLE,Confident Projects Residential,Residential (Apartment),2021-01-04,2025-12-31,K-RERA/PRJ/327/2020,2021-07-19,95,95,Completed,Ernakulam,THRIKKAKARA NORTH,Kanayannur
Confident White Berry,Confident Projects Residential,Residential (Apartment),2020-05-01,2025-11-01,K-RERA/PRJ/130/2020,2021-08-05,96,85,Completed,Ernakulam,KAKKANAD,Kanayannur
NOEL ECODEN,NOEL VILLAS AND APARTMENTS,Residential (Apartment),2018-02-15,2021-10-31,K-RERA/PRJ/335/2020,2021-07-15,104,100,Completed,Ernakulam,VAZHAKKALA,Kanayannur
Confident white House,Confident Projects Residential,Residential (Apartment),2020-11-16,2027-05-20,K-RERA/PRJ/288/2020,2021-07-10,100,79,Inprogress,Ernakulam,ERNAKULAM,Kanayannur
JEWEL WATERLILLY,JEWEL HOMES PVT LTD,Residential (Apartment),2007-11-20,2014-05-15,K-RERA/PRJ/101/2021,2022-01-24,56,41,Completed,Kottayam,MUTTAMBALAM,Kottayam
OMG THE ADDRESS,OMG PROPERTIES,Villas (Plots & Buildings),2018-04-17,2023-02-06,K-RERA/PRJ/350/2020,2021-03-30,8,8,Completed,Palakkad,MARUTHUROAD,Palakkad
ARCON INSPIRE,ARCON HOME BUILDERS PRIVATE LIMITED,Residential (Apartment),2018-01-18,2024-09-30,K-RERA/PRJ/113/2020,2021-04-23,74,62,Completed,Thiruvananthapuram,ATTIPRA,THIRUVANANTHAPRUAM
VRINDAVAN HEIGHTS,SILPI VRINDAVAN,Residential (Apartment),2020-12-01,2024-12-31,K-RERA/PRJ/071/2021,2021-04-17,36,0,Completed,Ernakulam,NADAMA,Kanayannur
KRISHNA GEETHAM APARTMENT,KRISHNA PROPERTY DEVELOPERS,Residential (Apartment),2020-03-25,2024-03-24,K-RERA/PRJ/135/2020,2021-03-30,27,22,Completed,Thrissur,GURUVAYUR,Chavakkad
CONDOR CYBER GARDENS CARNATIONS,CONDOR BUILDERS PVT LTD,Residential (Apartment),2017-08-17,2021-12-31,K-RERA/PRJ/076/2020,2021-04-15,209,160,Completed,Thiruvananthapuram,ATTIPRA,THIRUVANANTHAPRUAM
VICTORIA REALTORS AMRUTHAM,DHARMIC LIVING PVT LTD,Villas (Plots & Buildings),2018-07-15,2022-09-30,K-RERA/PRJ/077/2020,2021-04-15,0,0,Completed,Palakkad,KOTTAYI II,ALATHUR
PENTIUM ETERNIA VERTICAL HOMES,PENTIUM CONSTRUCTION PRIVATE LIMITED,Residential (Apartment),2015-09-15,2018-12-31,K-RERA/PRJ/259/2020,2021-06-30,52,0,Completed,Kozhikode,VENGERI,Kozhikode
VEEGALAND THEJUS,VEEGALAND DEVELOPERS PRIVATE LIMITED,Residential (Apartment),2019-07-15,2024-03-31,K-RERA/PRJ/040/2020,2021-04-15,86,74,Completed,Thrissur,AYYANTHOLE,Thrissur
KUDUMBAM,Syama Dynamic Project Developers Private Limited,Residential (Apartment),2019-02-27,2021-12-30,K-RERA/PRJ/180/2020,2021-07-01,56,48,Completed,Ernakulam,NADAMA,Kanayannur
DD SAPPHIRE GARDENS,UM ASSETS PRIVATE LIMITED,Residential (Apartment),2019-04-08,2023-03-30,K-RERA/PRJ/192/2020,2021-05-28,126,71,Completed,Thrissur,OLLUR,Thrissur
CORDIAL GITANJALI,CORDIAL HOMES PVT LTD,Residential (Apartment),2019-12-14,2023-03-30,K-RERA/PRJ/117/2020,2021-05-31,25,25,Completed,Thiruvananthapuram,SASTHAMANGALAM,THIRUVANANTHAPRUAM
VICTORIA REALTORS CHAITHRAM,DHARMIC LIVING PVT LTD,Villas (Plots & Buildings),2019-12-15,2022-06-30,K-RERA/PRJ/044/2020,2021-07-05,0,0,Completed,Palakkad,MUNDUR I,Palakkad
PEARL VIEW APARTMENTS,PEARL VIEW HOMES,Residential (Apartment),2017-08-22,2022-08-21,K-RERA/PRJ/021/2021,2022-01-22,30,27,Completed,Ernakulam,KAKKANAD,Kanayannur
VARMA SPECTRUM,VARMA HOMES PRIVATE LIMITED,Residential (Apartment),2019-01-20,2023-08-31,K-RERA/PRJ/091/2020,2021-06-07,30,30,Completed,Thrissur,NADATHARA,Thrissur
HANCO SIVAM,Hanco Property Developers Pvt Ltd,Residential (Apartment),2015-05-02,2024-03-31,K-RERA/PRJ/318/2020,2021-06-28,29,0,Inprogress,Palakkad,PALAKKAD I,Palakkad
HEATHER MAGNUM,Heather Homes Private Limited,Residential (Apartment),2017-03-09,2021-08-28,K-RERA/PRJ/015/2021,2021-07-12,24,24,Completed,Thiruvananthapuram,PATTOM,THIRUVANANTHAPRUAM
SUN CORNER STONE,SUN PROJECTS INDIA PRIVATE LIMITED,Residential (Apartment),2019-05-17,2023-12-30,K-RERA/PRJ/297/2020,2021-07-15,38,38,Completed,Thiruvananthapuram,KADAKAMPALLY,THIRUVANANTHAPRUAM
HOMESTEAD RIVERINE,Homestead Projects And Developers Private Limited,Residential (Apartment),2019-01-10,2026-02-28,K-RERA/PRJ/218/2020,2021-07-28,144,84,Inprogress,Malappuram,PANAKKAD,Ernad
SUN MEDANTA,SUN PROJECTS INDIA PRIVATE LIMITED,Residential (Apartment),2017-05-15,2023-06-30,K-RERA/PRJ/338/2020,2021-07-15,70,70,Completed,Thiruvananthapuram,CHERUVAKKAL,THIRUVANANTHAPRUAM
JEWEL CAPITAL,JEWEL HOMES PVT LTD,Residential (Apartment),2015-11-03,2025-12-31,K-RERA/PRJ/104/2021,2021-09-22,88,7,Inprogress,Ernakulam,EDAPPALLY SOUTH,Kanayannur
IHDC HASHYS,INDIRA HOME DEVELOPERS AND CONTRACTORS LLP,Residential (Apartment),2016-11-01,2021-05-15,K-RERA/PRJ/TVM/018/2022,2022-02-11,29,28,Completed,Thiruvananthapuram,PANGAPARA,THIRUVANANTHAPRUAM
ABAD INFRA PINNACLE,ABAD BUILDERS PVT LTD,Residential (Apartment),2011-05-01,2023-12-31,K-RERA/PRJ/166/2021,2021-07-15,36,28,Completed,Pathanamthitta,THIRUVALLA,Thiruvalla
CULTURAL CENTRE,TALENMARK DEVELOPERS LLP,Mixed (Commercial & Residential),2016-04-28,2023-06-20,K-RERA/PRJ/074/2021,2021-07-09,150,148,Completed,Kozhikode,KODANCHERY,THAMARASSERY
MYS FORTUNE APARTMENTS,M Y S CONSTRUCTIONS PRIVATE LIMITED,Residential (Apartment),2017-12-13,2024-02-29,K-RERA/PRJ/012/2021,2021-10-04,32,30,Completed,Ernakulam,VAZHAKKALA,Kanayannur
FORUS N WILLIAMS,FORUS INITIATIVES,Shops/Office Space (Commercial),2019-05-01,2023-03-31,K-RERA/PRJ/057/2020,2021-05-27,6,6,Completed,Thrissur,THRISSUR,Thrissur
FORUS TULIPS,FORUS INITIATIVES,Residential (Apartment),2017-03-01,2021-11-30,K-RERA/PRJ/017/2021,2021-05-04,22,22,Completed,Thrissur,VIYYUR,Thrissur
FORUS VRINDAVANAM,FORUS INITIATIVES,Residential (Apartment),2018-12-01,2024-06-01,K-RERA/PRJ/058/2020,2021-05-24,60,59,Completed,Thrissur,IRINGAPRAM,Chavakkad
LIFE SPACE VILLAS,OMG PROPERTIES PRIVATE LIMITED,Villas (Plots & Buildings),2021-02-04,2026-02-14,K-RERA/PRJ/ERN/006/2021,2021-04-22,0,7,Completed,Ernakulam,KARUKUTTY,Aluva
CONFIDENT GOLD COAST A,Confident Projects India Pvt Ltd,Residential (Apartment),2016-06-15,2022-02-28,K-RERA/PRJ/203/2020,2021-06-30,64,64,Completed,Thiruvananthapuram,KADAKAMPALLY,THIRUVANANTHAPRUAM
Daffodil Garden Villas,OMG PROPERTIES PRIVATE LIMITED,Villas (Plots & Buildings),2021-04-16,2026-02-03,K-RERA/PRJ/TSR/023/2021,2021-06-21,22,15,Completed,Thrissur,AVANNUR,Thrissur
CONFIDENT GOLD COAST B,Confident Projects India Pvt Ltd,Residential (Apartment),2016-06-15,2022-02-28,K-RERA/PRJ/307/2020,2021-07-19,64,64,Completed,Thiruvananthapuram,CHERUVAKKAL,THIRUVANANTHAPRUAM
ASIAN NJP,ASIAN DEVELOPERS,Mixed (Commercial & Residential),2017-12-19,2022-06-30,K-RERA/PRJ/159/2021,2021-04-28,15,13,Completed,Ernakulam,THIRUVANKULAM,Kanayannur
The Maker Cacion,Mahesh  Pillai,Residential (Apartment),2021-01-21,2023-12-20,K-RERA/PRJ/082/2021,2022-02-23,15,7,Completed,Thiruvananthapuram,THYCAUD,THIRUVANANTHAPRUAM
TC ONE NEST,TC ONE REALTORS AND DEVELOPERS LLP,Mixed (Commercial & Residential),2018-04-17,2024-12-31,K-RERA/PRJ/027/2021,2021-05-05,42,1,Inprogress,Kozhikode,OLAVANNA,Kozhikode
Palace 10 Apartments And Gouri Chambers,GD Buiilders,Mixed (Commercial & Residential),2017-10-23,2021-12-30,K-RERA/PRJ/020/2021,2022-02-09,72,0,Completed,Ernakulam,NADAMA,Kanayannur
SKP Tower,Sanjay Kumar Pillai,Residential (Apartment),2018-01-05,2026-07-05,K-RERA/PRJ/247/2020,2021-05-05,33,0,Inprogress,Ernakulam,NADAMA,Kanayannur
IMA DOCTORS ENCLAVE,IMA WELFARE & RESEARCH SOCIETY MANJERI,Residential (Apartment),2017-01-11,2025-06-30,K-RERA/PRJ/254/2020,2021-06-01,118,97,Completed,Malappuram,PAYYANAD,Ernad
CHAKOLAS PINNACLE,CHAKOLAS REALTORS,Residential (Apartment),2017-04-17,2022-07-17,K-RERA/PRJ/188/2020,2021-05-27,53,47,Completed,Ernakulam,KUMBALAM,Kanayannur
LANDMARK MAPLE COMMERCIAL,CALICUT LANDMARK BUILDERS AND DEVELOPERS INDIA PRIVATE LIMITED,Shops/Office Space (Commercial),2018-01-09,2023-05-31,K-RERA/PRJ/036/2020,2021-07-10,22,10,Completed,Kozhikode,OLAVANNA,Kozhikode
LANDMARK VILLAGE TOWER IV,CALICUT LANDMARK BUILDERS AND DEVELOPERS INDIA PRIVATE LIMITED,Residential (Apartment),2019-08-18,2026-06-30,K-RERA/PRJ/214/2020,2021-07-15,156,138,Inprogress,Kozhikode,KODANCHERY,THAMARASSERY
VARMA BOUGAIN HEIGHTS PURPLE,VARMA HOMES PRIVATE LIMITED,Residential (Apartment),2019-01-07,2023-08-31,K-RERA/PRJ/093/2020,2021-06-02,66,58,Completed,Ernakulam,KUREEKKAD,Kanayannur
GALAXY EMERALD,GALAXY HOMES PVT LTD,Residential (Apartment),2016-02-16,2022-11-19,K-RERA/PRJ/263/2020,2022-03-04,74,65,Inprogress,Ernakulam,ELAMKULAM,Kanayannur
GALAXY BRIDGEWOOD,GALAXY HOMES PVT LTD,Residential (Apartment),2014-10-07,2022-09-30,K-RERA/PRJ/272/2020,2022-01-21,110,101,Inprogress,Ernakulam,ELAMKULAM,Kanayannur
ARYA BHANGY RHINESTONE,ARYA BHANGY BUILDERS PVT LTD,Residential (Apartment),2019-08-20,2024-06-30,K-RERA/PRJ/349/2020,2021-05-05,32,0,Completed,Ernakulam,ERNAKULAM,Kanayannur
VFIVE ELYSIUM PHASE II,VFIVE HOMES PRIVATE LIMITED,Residential (Apartment),2020-02-01,2025-03-30,K-RERA/PRJ/138/2020,2021-10-13,72,52,Inprogress,Thiruvananthapuram,ATTIPRA,THIRUVANANTHAPRUAM
OMG LIFESTYLES K PHASE,OMG PROPERTIES,Villas (Plots & Buildings),2018-02-23,2021-08-23,K-RERA/PRJ/216/2020,2021-04-21,5,5,Completed,Palakkad,MARUTHUROAD,Palakkad
OMG LIFESTYLES S PHASE,OMG PROPERTIES,Villas (Plots & Buildings),2018-03-02,2021-10-05,K-RERA/PRJ/183/2020,2021-05-14,10,10,Completed,Palakkad,MARUTHUROAD,Palakkad
OMG MARBELLA,OMG PROPERTIES,Villas (Plots & Buildings),2018-10-01,2023-06-10,K-RERA/PRJ/285/2020,2021-03-30,9,8,Completed,Ernakulam,PARAKKADAVU,Aluva
"CONFIDENT SYMPHONY, ALUVA",Confident Projects Residential,Residential (Apartment),2015-09-07,2019-08-17,K-RERA/PRJ/356/2020,2021-07-30,91,87,Completed,Ernakulam,CHOORNIKKARA,Aluva
Aroma By the Cliff,AROMA INTERNATIONAL BUILDING CONTRACTING INDIA PVT LTD,Residential (Apartment),2021-07-01,2025-12-31,K-RERA/PRJ/TVM/057/2022,2022-03-29,50,39,Inprogress,Thiruvananthapuram,KOWDIAR,THIRUVANANTHAPRUAM
VARMA IMPERIAL,VARMA HOMES PRIVATE LIMITED,Residential (Apartment),2021-03-01,2026-03-30,K-RERA/PRJ/058/2021,2021-05-28,36,35,Completed,Ernakulam,KAKKANAD,Kanayannur
ARTECH LIFESPACES,ARTECH REALTORS PRIVATE LIMITED,Residential (Apartment),2017-08-16,2024-12-01,K-RERA/PRJ/004/2020,2021-08-05,408,400,Inprogress,Thiruvananthapuram,ATTIPRA,THIRUVANANTHAPRUAM
THE VERANDAH GARDENS,Infra Housing Pvt Ltd,Residential (Apartment),2010-07-01,2022-12-31,K-RERA/PRJ/ERN/043/2022,2022-03-22,63,59,Completed,Ernakulam,KUNNATHUNAD,Kunnathunad
VARMA CONNEKT,VARMA HOMES PRIVATE LIMITED,Residential (Apartment),2021-06-01,2025-12-01,K-RERA/PRJ/ERN/014/2021,2021-05-15,26,20,Completed,Ernakulam,EDAPPALLY SOUTH,Kanayannur
AJL Serene Woods,AJL HOMES,Villas (Plots & Buildings),2015-04-07,2022-06-30,K-RERA/PRJ/095/2021,2021-04-26,48,22,Completed,Ernakulam,CHOORNIKKARA,Aluva
SREEROSH IRIS,SREEROSH DEVELOPERS PVT LTD,Residential (Apartment),2019-04-09,2022-12-30,K-RERA/PRJ/070/2020,2021-05-14,64,61,Completed,Kannur,ELAYAVOOR,Kannur
ARTECH & NATESAN'S DIAMOND ENCLAVE,ARTECH REALTORS PRIVATE LIMITED,Residential (Apartment),2018-07-07,2023-06-30,K-RERA/PRJ/015/2020,2021-05-24,34,15,Completed,Thiruvananthapuram,SASTHAMANGALAM,THIRUVANANTHAPRUAM
ARTECH RAINFOREST,ARTECH REALTORS PRIVATE LIMITED,Residential (Apartment),2017-12-02,2024-06-30,K-RERA/PRJ/270/2020,2021-07-28,81,43,Completed,Thiruvananthapuram,SASTHAMANGALAM,THIRUVANANTHAPRUAM
SREEROSH ORBIT,SREEROSH DEVELOPERS PVT LTD,Residential (Apartment),2021-01-01,2023-07-29,K-RERA/PRJ/267/2020,2021-05-05,15,12,Completed,Kannur,PUZHATHI,Kannur
"LANDMARK MILLENNIA CENTRE, LANDMARK LEON CENTRE, LANDMARK BUSINESS CENTRE",CALICUT LANDMARK BUILDERS AND DEVELOPERS INDIA PRIVATE LIMITED,Mixed (Commercial & Residential),2019-10-23,2025-12-31,K-RERA/PRJ/273/2020,2021-09-07,579,494,Inprogress,Kozhikode,PANTHEERANKAVU,Kozhikode
DD TECH VALLEY,SEA WIND REALTORS INDIA PRIVATE LIMITED,Residential (Apartment),2018-01-01,2022-12-30,K-RERA/PRJ/127/2020,2021-05-31,114,95,Completed,Thiruvananthapuram,ATTIPRA,THIRUVANANTHAPRUAM
BEACON FORTVIEW,Beacon Projects Pvt Ltd,Residential (Apartment),2017-07-10,2020-02-12,K-RERA/PRJ/268/2020,2021-07-10,24,24,Completed,Thiruvananthapuram,PETTAH,THIRUVANANTHAPRUAM
VEEGALAND KINGS FORT,VEEGALAND DEVELOPERS PRIVATE LIMITED,Residential (Apartment),2017-07-28,2021-04-30,K-RERA/PRJ/031/2020,2021-04-15,108,64,Completed,Ernakulam,NADAMA,Kanayannur
IMPACT MILESTONE,ROBINSON PROPERTIES INTERNATIONAL PVT LTD,Residential (Apartment),2016-06-22,2021-11-30,K-RERA/PRJ/333/2020,2022-02-11,66,29,Completed,Thiruvananthapuram,ATTIPRA,THIRUVANANTHAPRUAM
LANDCHESTER LEGACY,Landchester Builders India Private Ltd,Residential (Apartment),2018-09-05,2023-09-30,K-RERA/PRJ/031/2021,2021-08-31,63,62,Completed,Thrissur,VELAPPAYA,Thrissur
"Muthoot Homez, Kowdiar",MPG Hotels & Infrastructure Ventures Private Limited,Residential (Apartment),2016-12-06,2021-09-30,K-RERA/PRJ/061/2020,2021-03-30,47,41,Completed,Thiruvananthapuram,KOWDIAR,THIRUVANANTHAPRUAM
BEACON MAYFAIR,Beacon Projects Pvt Ltd,Residential (Apartment),2018-04-12,2024-06-24,K-RERA/PRJ/229/2020,2021-04-26,23,23,Inprogress,Thiruvananthapuram,THIRUMALA,THIRUVANANTHAPRUAM
Clearway ASTRUM,Clearway Builders Pvt Ltd,Residential (Apartment),2016-12-01,2021-06-23,K-RERA/PRJ/140/2020,2021-07-29,40,40,Completed,Ernakulam,CHERANALLUR,Kanayannur
Cheloor The Eyrie,Cheloor Property Development Projects Ltd,Residential (Apartment),2017-08-01,2024-06-30,K-RERA/PRJ/110/2020,2021-04-17,53,34,Completed,Thrissur,AYYANTHOLE,Thrissur
VFIVE PEARL,VFIVE HOMES PRIVATE LIMITED,Mixed (Commercial & Residential),2020-02-01,2025-03-31,K-RERA/PRJ/072/2020,2021-09-08,42,28,Completed,Thiruvananthapuram,CHERUVAKKAL,THIRUVANANTHAPRUAM
ASSET CHAMBER,ASSET HOMES PRIVATE LIMITED,Residential (Apartment),2021-06-15,2025-06-30,K-RERA/PRJ/KNR/010/2021,2021-05-05,82,82,Inprogress,Kannur,ELAYAVOOR,Kannur
VATIKA VILLAS,OMG PROPERTIES,Villas (Plots & Buildings),2018-06-07,2022-12-07,K-RERA/PRJ/303/2020,2021-05-05,8,5,Completed,Palakkad,OTTAPALAM I,Ottappalam
Adonai Majesty,Adonai Shelters Pvt Ltd,Residential (Apartment),2019-10-10,2023-01-24,K-RERA/PRJ/311/2020,2021-09-01,15,11,Completed,Thiruvananthapuram,KUDAPPANAKUNNU,THIRUVANANTHAPRUAM
SKYLINE HAZEL,M/s Skyline Builders,Residential (Apartment),2021-03-01,2026-03-31,K-RERA/PRJ/034/2021,2021-04-15,60,42,Completed,Kottayam,VIJAYAPURAM,Kottayam
ROME BY SREE DHANYA,Sree Dhanya Homes Pvt ltd,Residential (Apartment),2021-11-01,2026-12-01,K-RERA/PRJ/TVM/068/2021,2021-11-12,42,38,Completed,Thiruvananthapuram,KUDAPPANAKUNNU,THIRUVANANTHAPRUAM
SILVER SPRING,PNR HOMES PRIVATE LIMITED,Villas (Plots & Buildings),2019-08-02,2022-12-26,K-RERA/PRJ/TVM/033/2021,2021-08-04,5,4,Completed,Thiruvananthapuram,KADINAMKULAM,THIRUVANANTHAPRUAM
DD PAVILION,SEA WIND REALTORS INDIA PRIVATE LIMITED,Residential (Apartment),2019-01-01,2024-12-30,K-RERA/PRJ/131/2020,2021-05-06,122,81,Completed,Thiruvananthapuram,VEILOOR,THIRUVANANTHAPRUAM
Sun and Sands,NEW CHALAI AGENCIES,Residential (Apartment),2018-08-31,2022-04-30,K-RERA/PRJ/149/2021,2022-03-04,28,0,Completed,Thiruvananthapuram,THIRUVALLAM,THIRUVANANTHAPRUAM
ARTECH GATEWAY,ARTECH REALTORS PRIVATE LIMITED,Residential (Apartment),2015-07-20,2020-02-05,K-RERA/PRJ/258/2020,2021-05-05,96,43,Completed,Thrissur,THRISSUR,Thrissur
SREEROSH SEA BREEZE,SREEROSH DEVELOPERS PVT LTD,Residential (Apartment),2019-07-22,2023-07-31,K-RERA/PRJ/045/2020,2021-05-06,69,50,Completed,Kannur,Thiruvangad,Thalassery
VARMA PADIPURA,VARMA HOMES PRIVATE LIMITED,Residential (Apartment),2017-09-01,2021-09-30,K-RERA/PRJ/045/2021,2021-06-02,31,31,Completed,Ernakulam,ERNAKULAM,Kanayannur
PTC WESTERN GHATS,PTC BUILDERS,Residential (Apartment),2013-08-29,2015-08-28,K-RERA/PRJ/011/2021,2021-07-29,65,42,Completed,Pathanamthitta,PATHANAMTHITTA,Kozhenchery
VARMA DR PAIS HERITAGE,VARMA HOMES PRIVATE LIMITED,Residential (Apartment),2017-12-28,2021-12-30,K-RERA/PRJ/362/2020,2021-05-31,60,50,Completed,Thiruvananthapuram,THIRUMALA,THIRUVANANTHAPRUAM
MIRTH FOLIAGE,TRIWORLD DEVELOPERS,Plots,2018-11-19,2024-06-30,K-RERA/PRJ/087/2021,2021-06-07,,44,Inprogress,Idukki,POOPPARA,UDUMBANCHOLA
RED ORCHID,Malabar Developers Private Limited,Residential (Apartment),2016-12-01,2024-12-31,K-RERA/PRJ/164/2020,2021-08-05,147,70,Completed,Thiruvananthapuram,MALAYINKEEZH,KATTAKADA
CLOUDBERRY,Malabar Developers Private Limited,Residential (Apartment),2017-08-05,2027-02-28,K-RERA/PRJ/208/2020,2021-07-20,58,0,Completed,Kozhikode,PERUVAYAL,Kozhikode
ROYAL MULBERRY,Malabar Developers Private Limited,Residential (Apartment),2017-04-24,2022-12-31,K-RERA/PRJ/355/2020,2021-07-20,43,43,Completed,Kozhikode,PERUVAYAL,Kozhikode
BAMBOO PARK II,Malabar Developers Private Limited,Residential (Apartment),2018-11-15,2023-12-31,K-RERA/PRJ/046/2021,2021-08-02,49,0,Completed,Kozhikode,PERUVAYAL,Kozhikode
THE CORNICHE,HEATHER CONSTRUCTIONS,Residential (Apartment),2016-11-21,2021-07-17,K-RERA/PRJ/314/2020,2021-07-10,68,64,Completed,Thiruvananthapuram,SASTHAMANGALAM,THIRUVANANTHAPRUAM
ORCHID SPRINGS,Malabar Developers Private Limited,Plots,2019-05-01,2024-12-30,K-RERA/PRJ/063/2021,2021-12-14,,13,Completed,Thiruvananthapuram,MALAYINKEEZH,KATTAKADA
JKH SIGNATURE,NEST Realties India Private Limited,Residential (Apartment),2010-08-16,2022-12-30,K-RERA/PRJ/129/2021,2021-07-19,50,21,Inprogress,Ernakulam,KEEZHMAD,Aluva
PINK BY SREEDHANYA,Sree Dhanya Homes Pvt ltd,Residential (Apartment),2021-07-01,2026-12-31,K-RERA/PRJ/TVM/029/2021,2021-07-07,99,89,Completed,Thiruvananthapuram,KADAKAMPALLY,THIRUVANANTHAPRUAM
KALPAKA PARKSIDE,Kalpaka Builders Pvt Ltd,Residential (Apartment),2018-01-09,2021-12-31,K-RERA/PRJ/ERN/026/2021,2021-06-29,10,4,Completed,Ernakulam,EDAPPALLY NORTH,Kanayannur
CONFIDENT IRIS,Confident Projects Residential,Residential (Apartment),2017-01-06,2023-03-01,K-RERA/PRJ/025/2020,2021-07-08,88,64,Completed,Ernakulam,THRIKKAKARA NORTH,Kanayannur
Olive Celestina,OLIVE BUILDERS AND DEVELOPERS PVT LTD,Mixed (Commercial & Residential),2013-06-25,2021-09-30,K-RERA/PRJ/143/2021,2021-07-20,76,52,Completed,Kottayam,KOTTAYAM,Kottayam
Gokulam Akila,Gokulam Engineers India Private Limited,Residential (Apartment),2015-07-06,2022-04-30,K-RERA/PRJ/170/2021,2021-10-28,16,8,Inprogress,Thrissur,VELAPPAYA,Thrissur
ASSET ALPINE MAPLE,ASSET HOMES PRIVATE LIMITED,Residential (Apartment),2021-08-30,2025-07-30,K-RERA/PRJ/ERN/042/2021,2021-08-25,48,48,Completed,Ernakulam,VAZHAKKALA,Kanayannur
S.A. Square,S A Homes,Residential (Apartment),2019-09-30,2022-08-31,K-RERA/PRJ/051/2020,2021-08-04,40,40,Completed,Palakkad,PALAKKAD-2,Palakkad
CHAKOLAS LAKESIDE,CHAKOLAS HOMES PVT LTD,Residential (Apartment),2009-09-17,2014-04-15,K-RERA/PRJ/014/2021,2021-06-30,39,37,Inprogress,Ernakulam,EDAKOCHI,Kochi
SOWPARNIKA JAZZMYNA,Sowparnika Projects & Infrasturcture Pvt Ltd,Residential (Apartment),2019-01-15,2024-12-31,K-RERA/PRJ/340/2020,2021-06-11,76,75,Completed,Kozhikode,KUNNAMANGALAM,Kozhikode
CONFIDENT EXOTICA,Confident Projects India Pvt Ltd,Residential (Apartment),2016-11-30,2022-11-30,K-RERA/PRJ/141/2020,2021-06-21,135,82,Completed,Kozhikode,KOTTOOLI,Kozhikode
VKL SANTHI HOMES,VKL BUILDERS INDIA PRIVATE LIMITED,Residential (Apartment),2015-07-15,2020-01-20,K-RERA/PRJ/291/2020,2021-05-27,75,0,Completed,Thiruvananthapuram,KOLIYACODE,Nedumangad
RAINWOODS,MERITRA HOMES PVT LTD,Residential (Apartment),2017-03-01,2023-04-24,K-RERA/PRJ/145/2021,2021-07-05,74,74,Completed,Ernakulam,THRIKKAKARA NORTH,Kanayannur
HI-LIFE GRATIA APARTMENTS,HiLife Builders Pvt Ltd,Residential (Apartment),2018-04-13,2023-06-30,K-RERA/PRJ/080/2020,2021-07-15,50,49,Completed,Thrissur,VIYYUR,Thrissur
SIDDHI SREEKALA,SIDDHI HOMES,Mixed (Commercial & Residential),2018-05-04,2021-11-30,K-RERA/PRJ/283/2020,2021-07-15,32,32,Completed,Ernakulam,NADAMA,Kanayannur
THE GRAND AVENUE BY FAVOURITE HOMES,FAVOURITE CONSTRUCTIONS PRIVATE LIMITED,Residential (Apartment),2019-01-24,2022-03-31,K-RERA/PRJ/020/2020,2021-07-05,24,24,Completed,Thiruvananthapuram,KADAKAMPALLY,THIRUVANANTHAPRUAM
SREE MADHAVAM,ASWATHY CONSTRUCTIONS,Residential (Apartment),2019-11-05,2022-08-25,K-RERA/PRJ/339/2020,2021-07-28,10,0,Completed,Ernakulam,EDAPPALLY NORTH,Kanayannur
SIDDHI POORNA PALACE,SIDDHI HOMES,Residential (Apartment),2020-12-15,2023-03-30,K-RERA/PRJ/039/2021,2021-06-30,10,6,Completed,Ernakulam,NADAMA,Kanayannur
GIE ROYAL ORCHID,Great India Estates Private Limited,Residential (Apartment),2011-12-07,2022-06-30,K-RERA/PRJ/144/2021,2022-03-04,50,36,Inprogress,Thiruvananthapuram,KOWDIAR,THIRUVANANTHAPRUAM
MOOPANS RIVERSIDE,Moopans,Residential (Apartment),2017-08-01,2023-01-30,K-RERA/PRJ/127/2021,2021-11-03,38,5,Completed,Ernakulam,KEEZHMAD,Aluva
OLIVE IANTHA,OLIVE BUILDERS,Residential (Apartment),2014-07-19,2021-09-30,K-RERA/PRJ/341/2020,2021-07-13,64,42,Completed,Ernakulam,THRIKKAKARA NORTH,Kanayannur
PRIME MERIDIAN GAZEBO,MERITRA HOMES PVT LTD,Residential (Apartment),2021-06-01,2024-10-31,K-RERA/PRJ/ERN/013/2021,2021-05-15,20,19,Completed,Ernakulam,THEKKUMBHAGOM KANAYANNUR,Kanayannur
CONFIDENT WILLOW,Confident Projects Residential,Residential (Apartment),2017-11-15,2021-11-15,K-RERA/PRJ/035/2020,2021-06-30,86,86,Completed,Malappuram,VAZHAYUR,KONDOTTY
HiLITE FLORINA,HiLITE Builders Pvt Ltd,Residential (Apartment),2021-09-25,2025-09-25,K-RERA/PRJ/KKD/054/2021,2021-09-24,70,70,Completed,Kozhikode,OLAVANNA,Kozhikode
VISHRAAM MILESTONE,Vishraam Builders and Developers Pvt Ltd,Residential (Apartment),2019-12-16,2026-06-30,K-RERA/PRJ/159/2020,2021-07-28,26,26,Completed,Thrissur,THRISSUR,Thrissur
FORUS BOUGAIN VILLA,FORUS INITIATIVES,Villas (Plots & Buildings),2016-05-25,2028-06-30,K-RERA/PRJ/175/2021,2021-06-11,22,22,Completed,Thrissur,ARATUPUZHA,Thrissur
SOWPARNIKA NAVARATHINAM - PEARL,Sowparnika Projects & Infrasturcture Pvt Ltd,Residential (Apartment),2017-07-01,2024-08-31,K-RERA/PRJ/072/2021,2021-07-05,72,69,Completed,Thiruvananthapuram,NEMOM,THIRUVANANTHAPRUAM
SOWPARNIKA BHAVANI,Sowparnika Projects & Infrasturcture Pvt Ltd,Residential (Apartment),2014-03-26,2024-12-31,K-RERA/PRJ/103/2021,2021-07-26,18,10,Completed,Thiruvananthapuram,THYCAUD,THIRUVANANTHAPRUAM
SOWPARNIKA VAISHNAVAM,Sowparnika Projects & Infrasturcture Pvt Ltd,Residential (Apartment),2014-12-01,2022-12-31,K-RERA/PRJ/109/2021,2021-07-02,96,96,Completed,Thiruvananthapuram,CHERUVAKKAL,THIRUVANANTHAPRUAM
SOWPARNIKA SHRIDI II,Sowparnika Projects & Infrasturcture Pvt Ltd,Residential (Apartment),2013-01-02,2023-12-31,K-RERA/PRJ/164/2021,2021-07-06,107,107,Completed,Thiruvananthapuram,ULOOR,THIRUVANANTHAPRUAM
THE CENTRAL EXCISE AND CUSTOMS OFFICERS HOUSING COOPERATIVE SOCIETY LTD,THE CENTRAL EXCISE AND CUSTOMS OFFICERS HOUSING COOPERATIVE SOCIETY LTD,Residential (Apartment),2017-07-10,2022-06-30,K-RERA/PRJ/168/2021,2021-09-13,85,85,Completed,Ernakulam,ERNAKULAM,Kanayannur
ARTECH PALM MEADOWS,ARTECH REALTORS PRIVATE LIMITED,Residential (Apartment),2018-10-11,2023-12-30,K-RERA/PRJ/083/2020,2021-06-30,60,50,Completed,Kollam,MUNDAKKAL,Kollam
SILPI MARIGOLD,SILPI PROJECTS,Residential (Apartment),2021-05-03,2024-05-05,K-RERA/PRJ/ALP/035/2021,2021-08-04,20,0,Completed,Alappuzha,CHERTHALA SOUTH,Cherthala
HIGHNESS HEIGHTS,SHWAS BUILDERS AND DEVELOPERS PVT LTD,Residential (Apartment),2019-08-25,2023-08-11,K-RERA/PRJ/163/2020,2021-09-09,108,0,Inprogress,Ernakulam,THEKKUMBHAGOM KANAYANNUR,Kanayannur
PRITHVI,Prime Property Developers,Villas (Plots & Buildings),2021-03-17,2027-12-31,K-RERA/PRJ/TVM/055/2021,2021-10-06,102,101,Inprogress,Thiruvananthapuram,ATTIPRA,THIRUVANANTHAPRUAM
ASIAN AVENUE,ASIAN DEVELOPERS,Residential (Apartment),2021-06-01,2025-12-31,K-RERA/PRJ/ERN/018/2021,2021-06-07,22,19,Inprogress,Ernakulam,ELAMKULAM,Kanayannur
LANDMARK VILLAGE TOWER II,CALICUT LANDMARK BUILDERS AND DEVELOPERS INDIA PRIVATE LIMITED,Residential (Apartment),2016-04-10,2023-03-31,K-RERA/PRJ/222/2020,2021-07-15,152,112,Completed,Kozhikode,KODANCHERY,THAMARASSERY
LANDMARK VILLAGE TOWER III,CALICUT LANDMARK BUILDERS AND DEVELOPERS INDIA PRIVATE LIMITED,Residential (Apartment),2017-03-05,2024-05-31,K-RERA/PRJ/221/2020,2021-08-02,156,104,Completed,Kozhikode,KODANCHERY,THAMARASSERY
LANDMARK VILLAGE TOWER VII,CALICUT LANDMARK BUILDERS AND DEVELOPERS INDIA PRIVATE LIMITED,Mixed (Commercial & Residential),2018-08-15,2028-06-30,K-RERA/PRJ/231/2020,2021-08-05,384,314,Inprogress,Kozhikode,KODANCHERY,THAMARASSERY
POWERLINK HILARY,Powerlink Builders Pvt Ltd,Residential (Apartment),2015-04-07,2023-01-05,K-RERA/PRJ/123/2020,2021-09-07,36,36,Completed,Thiruvananthapuram,PEROORKADA,THIRUVANANTHAPRUAM
THE IDENTITY,IDENTITY INFRASTRUCTURES TWIN TOWERS,Residential (Apartment),2016-04-01,2021-06-10,K-RERA/PRJ/275/2020,2021-07-06,30,15,Completed,Ernakulam,MARADU,Kanayannur
AMETHYST,OMG PROPERTIES PRIVATE LIMITED,Villas (Plots & Buildings),2021-05-06,2025-05-05,K-RERA/PRJ/ERN/030/2021,2021-07-15,9,9,Completed,Ernakulam,ANGAMALY,Aluva
SAHASRA,STHIRA DEVELOPERS,Villas (Plots & Buildings),2020-11-11,2022-09-06,K-RERA/PRJ/PKD/204/2022,2022-12-12,15,9,Completed,Palakkad,PIRIYARI,Palakkad
Homestead Ferris,Homestead Projects And Developers Private Limited,Residential (Apartment),2018-01-09,2021-09-30,K-RERA/PRJ/217/2020,2021-07-15,78,78,Completed,Malappuram,KOTTAKKAL,Tirur
MYS JEWEL,MYS CONSTRUCTIONS,Residential (Apartment),2021-03-31,2023-09-30,K-RERA/PRJ/158/2021,2021-08-02,24,14,Inprogress,Thiruvananthapuram,PEROORKADA,THIRUVANANTHAPRUAM
KOYIKKAL ICONIC,KOYIKKAL CONSTRUCTIONS PRIVATE LIMITED,Villas (Plots & Buildings),2017-04-12,2023-12-31,K-RERA/PRJ/136/2021,2021-07-15,33,33,Inprogress,Thiruvananthapuram,ANDOORKONAM,THIRUVANANTHAPRUAM
VARMA NORTHLIGHT,VARMA HOMES PRIVATE LIMITED,Residential (Apartment),2021-09-01,2026-08-31,K-RERA/PRJ/ERN/021/2021,2021-06-11,19,19,Inprogress,Ernakulam,NADAMA,Kanayannur
ELIXIR GRANDE,ELIXIR CORPORATES,Mixed (Commercial & Residential),2017-06-01,2025-07-31,K-RERA/PRJ/191/2021,2021-09-09,48,35,Inprogress,Pathanamthitta,KAVIYOOR,Thiruvalla
AIRPORT GRANDE HOTEL AND SUITES,AIRPORT GRANDE HOSPITALITY PRIVATE LIMITEDT,Shops/Office Space (Commercial),2013-04-04,2024-08-08,K-RERA/PRJ/150/2021,2022-03-03,129,0,Completed,Ernakulam,CHENGAMANAD,Aluva
MULBERRY HOMES- MYSTIC ROSE,NITHIN MICHELLE BUILDERS AND DEVELOPERS P LTD,Residential (Apartment),2016-04-01,2021-08-02,K-RERA/PRJ/294/2020,2021-10-13,59,49,Completed,Thrissur,CHEMBUKAVU,Thrissur
SOWPARNIKA SEYCHELLES,Sowparnika Projects & Infrasturcture Pvt Ltd,Residential (Apartment),2018-12-01,2025-12-31,K-RERA/PRJ/036/2021,2021-07-21,149,149,Completed,Thiruvananthapuram,CHERUVAKKAL,THIRUVANANTHAPRUAM
SOWPARNIKA EDIFICE,Sowparnika Projects & Infrasturcture Pvt Ltd,Residential (Apartment),2018-02-01,2025-12-31,K-RERA/PRJ/344/2020,2021-07-05,74,44,Inprogress,Thrissur,KANIMANGALAM,Thrissur
PENTAGON CYBER VISTA,PENTAGON BUILDERS,Residential (Apartment),2016-10-28,2021-03-30,K-RERA/PRJ/097/2020,2021-12-14,10,7,Completed,Kozhikode,NELLIKODE,Kozhikode
"MRG SABARI APARTMENTS, PUNKUNNAM",MRG BUILDERS PRIVATE LTD,Residential (Apartment),2016-10-01,2022-04-30,K-RERA/PRJ/099/2020,2021-07-05,50,40,Completed,Thrissur,THRISSUR,Thrissur
CLUB ONE BY FAVOURITE HOMES,FAVOURITE CONSTRUCTIONS PRIVATE LIMITED,Residential (Apartment),2020-08-10,2024-04-30,K-RERA/PRJ/162/2020,2021-07-05,44,40,Completed,Thiruvananthapuram,KUDAPPANAKUNNU,THIRUVANANTHAPRUAM
Jayaraj Anugraha,Jayaraj Properties,Residential (Apartment),2016-02-09,2021-02-28,K-RERA/PRJ/089/2020,2021-07-05,20,19,Completed,Palakkad,PALAKKAD I,Palakkad
Sowparnika River View Gardens Phase 2,Sowparnika Projects,Residential (Apartment),2014-04-01,2024-12-31,K-RERA/PRJ/146/2021,2021-08-27,52,52,Completed,Thiruvananthapuram,NEMOM,THIRUVANANTHAPRUAM
Nikunjam Tharangini,Nikunjam Constructions Private Limited,Residential (Apartment),2019-11-02,2023-11-01,K-RERA/PRJ/003/2020,2021-08-02,88,69,Completed,Thiruvananthapuram,PATTOM,THIRUVANANTHAPRUAM
THE JORD,VAIPPIL VILLAS AND APARTMENTS,Residential (Apartment),2019-05-20,2021-09-30,K-RERA/PRJ/179/2020,2021-09-13,16,11,Completed,Ernakulam,VAZHAKKALA,Kanayannur
"PENTIUM SPRING GREEN VILLAS, PERINTHALMANNA",PENTIUM CONSTRUCTION PRIVATE LIMITED,Villas (Plots & Buildings),2014-10-01,2024-06-30,K-RERA/PRJ/172/2021,2021-07-10,37,36,Completed,Malappuram,PERINTALMANNA,Perinthalmanna
GIE Grand Asteria,Great India Estates Private Limited,Residential (Apartment),2010-11-05,2021-12-31,K-RERA/PRJ/208/2021,2022-11-15,19,13,Inprogress,Thiruvananthapuram,PEROORKADA,THIRUVANANTHAPRUAM
SOWPARNIKA RIVER VIEW GARDENS PHASE 5,Sowparnika Projects,Residential (Apartment),2016-02-01,2024-12-31,K-RERA/PRJ/147/2021,2021-07-23,50,50,Completed,Thiruvananthapuram,NEMOM,THIRUVANANTHAPRUAM
seiken victoria,Seiken Property Developers Pvt Ltd,Residential (Apartment),2016-01-01,2023-06-30,K-RERA/PRJ/128/2021,2021-08-25,44,38,Inprogress,Kozhikode,KASABA,Kozhikode
GRAND RIVIERA,OSKO BUILDERS INDIA PRIVATE LIMITED,Residential (Apartment),2016-09-26,2022-06-30,K-RERA/PRJ/173/2021,2022-03-04,59,0,Completed,Thiruvananthapuram,KADAKAMPALLY,THIRUVANANTHAPRUAM
THE PETALS VILLAMENT BY FAVOURITE HOMES,FAVOURITE CONSTRUCTIONS PRIVATE LIMITED,Residential (Apartment),2018-08-03,2021-02-06,K-RERA/PRJ/119/2021,2021-07-19,48,48,Completed,Thiruvananthapuram,MANIKKAL,Nedumangad
GALAXY CARLTON,GALAXY HOMES PVT LTD,Residential (Apartment),2015-01-15,2021-03-03,K-RERA/PRJ/130/2021,2022-03-08,54,50,Inprogress,Ernakulam,ELAMKULAM,Kanayannur
GALAXY GOLDENDALE,GALAXY HOMES PVT LTD,Residential (Apartment),2015-11-14,2023-02-11,K-RERA/PRJ/277/2020,2022-03-04,72,70,Inprogress,Ernakulam,ELAMKULAM,Kanayannur
SPACETON TREETALES,SPACETON BUILDERS PRIVATE LIMITED,Villas (Plots & Buildings),2018-10-05,2029-06-30,K-RERA/PRJ/178/2021,2021-09-07,13,12,Inprogress,Ernakulam,KAKKANAD,Kanayannur
NIRVANA BY AVNI HOMES,AVNI HOMES,Villas (Plots & Buildings),2021-02-11,2025-12-31,K-RERA/PRJ/ERN/043/2021,2021-08-26,15,14,Completed,Ernakulam,KIZHAKKAMBALAM,Kunnathunad
SKYLINE THE ONE,M/s Skyline Builders,Residential (Apartment),2021-11-20,2026-11-19,K-RERA/PRJ/ERN/075/2021,2021-11-24,26,26,Inprogress,Ernakulam,EDAPPALLY SOUTH,Kanayannur
DD JAL DARSHAN,Desai Rachana Private Limited,Residential (Apartment),2021-09-01,2026-12-31,K-RERA/PRJ/TVM/048/2021,2021-08-31,68,33,Inprogress,Thiruvananthapuram,CHERUVAKKAL,THIRUVANANTHAPRUAM
SOWPARNIKA CAPITAL COUNTY,Sowparnika Projects & Infrasturcture Pvt Ltd,Plots,2021-12-30,2025-12-14,K-RERA/PRJ/126/2021,2021-06-11,,7,Inprogress,Thiruvananthapuram,NEMOM,THIRUVANANTHAPRUAM
JVN CENTRAL,JVN HOMES PRIVATE LIMITED,Residential (Apartment),2021-04-01,2025-05-17,K-RERA/PRJ/ERN/022/2021,2021-06-14,16,11,Completed,Ernakulam,VELLOORKUNNAM,Muvattupuzha
RDS ECHO,RDS REALTIES LTD,Residential (Apartment),2021-07-15,2025-06-15,K-RERA/PRJ/ERN/024/2021,2021-06-22,27,27,Completed,Ernakulam,EDAPPALLY SOUTH,Kanayannur
PENTIUM TRANQUIL VERTICAL HOME,PENTIUM CONSTRUCTION PRIVATE LIMITED,Residential (Apartment),2021-09-01,2025-02-04,K-RERA/PRJ/KKD/063/2021,2021-11-05,28,14,Inprogress,Kozhikode,KACHERY,Kozhikode
VICTORIA REALTORS UPASANA,DHARMIC LIVING PVT LTD,Villas (Plots & Buildings),2021-07-01,2023-07-01,K-RERA/PRJ/PKD/028/2021,2021-07-05,138,25,Completed,Palakkad,PARALI II,Palakkad
Hill Woods,Home Land Build Estate Pvt Ltd,Plots,2015-06-15,2021-04-19,K-RERA/PRJ/165/2021,2022-10-27,,16,Completed,Ernakulam,PUTHENCRUZ,Kunnathunad
THE AEROPOLIS BY FAVOURITE HOMES,FAVOURITE CONSTRUCTIONS PRIVATE LIMITED,Residential (Apartment),2020-10-17,2024-05-31,K-RERA/PRJ/200/2020,2021-07-09,33,19,Completed,Thiruvananthapuram,PETTAH,THIRUVANANTHAPRUAM
GREEN VIEWS,Chothy's Building Promoters Pvt Ltd,Villas (Plots & Buildings),2018-08-10,2023-02-28,K-RERA/PRJ/116/2020,2021-07-20,35,35,Completed,Thiruvananthapuram,VILAPPIL,KATTAKADA
THE ELITE,Chothy's Building Promoters Pvt Ltd,Villas (Plots & Buildings),2021-01-23,2026-01-22,K-RERA/PRJ/113/2021,2021-09-18,49,49,Completed,Thiruvananthapuram,MELTHONACKAL,THIRUVANANTHAPRUAM
REGALIA APARTMENT,KSATHEESAN REALTORS PRIVATE LIMITED,Residential (Apartment),2017-08-25,2021-03-31,K-RERA/PRJ/296/2020,2021-07-29,25,0,Completed,Thiruvananthapuram,SASTHAMANGALAM,THIRUVANANTHAPRUAM
ACCORD FERRY BAY,ACCORD HABITAT PRIVATE LIMITED,Villas (Plots & Buildings),2016-06-01,2024-06-30,K-RERA/PRJ/157/2021,2022-01-18,16,11,Completed,Ernakulam,ELOOR,Paravur
NATE PANACHE,NATE BUILDERS PRIVATE LIMITED,Residential (Apartment),2019-01-01,2023-03-31,K-RERA/PRJ/077/2021,2021-07-29,13,8,Completed,Ernakulam,ERNAKULAM,Kanayannur
Tulsi Majestic Court,TULSI DEVELOPERS INDIA PRIVATE LIMITED,Residential (Apartment),2018-05-05,2022-12-31,K-RERA/PRJ/ERN/056/2022,2022-03-29,14,0,Completed,Ernakulam,ERNAKULAM,Kanayannur
THE VINTAGE BY FAVOURITE HOMES,FAVOURITE CONSTRUCTIONS PRIVATE LIMITED,Residential (Apartment),2018-06-05,2021-07-31,K-RERA/PRJ/021/2020,2021-07-28,36,30,Completed,Thiruvananthapuram,PATTOM,THIRUVANANTHAPRUAM
"YESKAY REGALIA ,TOWER 2",SUNILKUMAR  SUBRAMANIAM,Shops/Office Space (Commercial),2019-12-31,2023-03-30,K-RERA/PRJ/295/2020,2022-02-09,27,18,Completed,Ernakulam,KANAYANNUR,Kanayannur
GALAXY HIGHFIELD,GALAXY HOMES PVT LTD,Residential (Apartment),2015-07-23,2022-01-22,K-RERA/PRJ/181/2021,2022-03-04,72,60,Completed,Ernakulam,ELAMKULAM,Kanayannur
SMS SHRISHTI,SMS BUILDERS,Residential (Apartment),2021-08-26,2024-02-26,K-RERA/PRJ/ERN/036/2021,2021-08-11,12,8,Completed,Ernakulam,MARADU,Kanayannur
NUCLEUS RAYMOUNT VILLAS AND APARTMENTS,NUCLEUS PREMIUM PROPERTIES PVT LTD,Villas (Plots & Buildings),2016-10-08,2022-05-30,K-RERA/PRJ/060/2021,2021-09-01,52,44,Inprogress,Ernakulam,THRIKKAKARA NORTH,Kanayannur
THE 44 CLUB,ICLOUD HOMES PRIVATE LIMITED,Villas (Plots & Buildings),2017-11-28,2024-12-31,K-RERA/PRJ/183/2021,2021-08-25,37,33,Completed,Thiruvananthapuram,KOWDIAR,THIRUVANANTHAPRUAM
NUCLEUS HEYDAY VILLAS AND APARTMENTS,NUCLEUS PREMIUM PROPERTIES PVT LTD,Villas (Plots & Buildings),2016-05-05,2022-04-30,K-RERA/PRJ/091/2021,2021-08-10,16,15,Inprogress,Ernakulam,VAZHAKKALA,Kanayannur
SOWPARNIKA ELANIA,Sowparnika Projects & Infrasturcture Pvt Ltd,Residential (Apartment),2018-02-01,2025-12-31,K-RERA/PRJ/037/2021,2021-06-11,74,17,Inprogress,Kottayam,CHETHIPPUZHA,Changanassery
CORDON TRINITY,CORDON CONSTRUCTORS & REALTORS Pvt Ltd,Residential (Apartment),2016-08-01,2020-01-30,K-RERA/PRJ/005/2021,2021-07-26,20,20,Completed,Thiruvananthapuram,THYCAUD,THIRUVANANTHAPRUAM
VICTORIA REALTORS TANIMA,DHARMIC LIVING PVT LTD,Villas (Plots & Buildings),2021-06-01,2023-06-01,K-RERA/PRJ/TSR/019/2021,2021-06-11,19,19,Completed,Thrissur,EDAKKALATHUR,Thrissur
Levita Sapphire,Levita Builders and Developers Private Limited,Villas (Plots & Buildings),2018-06-06,2022-12-31,K-RERA/PRJ/169/2021,2021-12-16,13,9,Completed,Thiruvananthapuram,MENAMKULAM,THIRUVANANTHAPRUAM
Travancore Grand County Neo Classic Villas,Travancore Builders Pvt Ltd,Villas (Plots & Buildings),2015-12-01,2023-05-08,K-RERA/PRJ/ERN/028/2022,2022-02-23,27,23,Inprogress,Ernakulam,THRIKKAKARA NORTH,Kanayannur
CJs HARITHA CITY PLAZA,CJ's HARITHA HOMES,Residential (Apartment),2016-01-04,2021-10-30,K-RERA/PRJ/163/2021,2021-09-14,75,12,Completed,Kottayam,MUTTAMBALAM,Kottayam
CONFIDENT OAKWOOD,Confident Projects Residential,Residential (Apartment),2021-08-17,2026-08-17,K-RERA/PRJ/KKD/045/2021,2021-08-26,93,93,Inprogress,Kozhikode,NELLIKODE,Kozhikode
LAVENDER BAY,Synthite Industries Pvt Ltd,Villas (Plots & Buildings),2017-04-03,2022-09-30,K-RERA/PRJ/207/2020,2022-01-04,32,21,Completed,Ernakulam,AIKARANAD NORTH,Kunnathunad
CORDIAL MAGNOLIA,CORDIAL DEVELOPERS PVT LTD,Residential (Apartment),2021-03-10,2025-07-09,K-RERA/PRJ/096/2021,2021-07-21,81,62,Completed,Thiruvananthapuram,THYCAUD,THIRUVANANTHAPRUAM
CAMELOT,APSTONE INFRASTRUCTURE Pvt Ltd,Villas (Plots & Buildings),2020-07-01,2024-12-31,K-RERA/PRJ/135/2021,2021-08-16,15,0,Inprogress,Alappuzha,CHENGANNUR,Chengannur
DEODATE SKYPARK,DEODATE ENVIRONMENTAL HOMES PVT LTD,Villas (Plots & Buildings),2021-03-16,2026-03-08,K-RERA/PRJ/TVM/049/2021,2021-09-14,19,17,Inprogress,Thiruvananthapuram,ATTIPRA,THIRUVANANTHAPRUAM
NANDANAM GREENWOODS,SALIM ASSOCIATES BUILDERS AND DEVELOPERS PRIVATE LIMITED,Villas (Plots & Buildings),2021-03-18,2026-03-31,K-RERA/PRJ/TSR/041/2021,2021-08-25,15,15,Inprogress,Thrissur,VIYYUR,Thrissur
Indraneelam Vantage,Indraneelam Builders,Villas (Plots & Buildings),2015-04-01,2026-12-30,K-RERA/PRJ/171/2021,2021-11-22,13,11,Inprogress,Thrissur,GURUVAYUR,Chavakkad
TREESA GARDENS,PAUL ALUKKAS DEVELOPERS PRIVATE LIMITED,Villas (Plots & Buildings),2017-03-18,2025-02-28,K-RERA/PRJ/155/2021,2021-12-09,15,12,Inprogress,Ernakulam,EDAPPALLY SOUTH,Kanayannur
SUN ELECASA,SUN PROJECTS INDIA PRIVATE LIMITED,Residential (Apartment),2014-07-11,2018-07-27,K-RERA/PRJ/186/2021,2021-11-22,54,0,Completed,Thiruvananthapuram,KADAKAMPALLY,THIRUVANANTHAPRUAM
THE UPTOWN BY INDROYAL,INDROYAL PROPERTIES PRIVATE LIMITED,Residential (Apartment),2015-04-01,2023-12-31,K-RERA/PRJ/052/2021,2021-12-14,222,91,Completed,Thiruvananthapuram,VANCHIYOOR,THIRUVANANTHAPRUAM
PARADISE,PNR HOMES PRIVATE LIMITED,Villas (Plots & Buildings),2021-08-15,2024-08-15,K-RERA/PRJ/TVM/040/2021,2021-08-24,9,9,Completed,Thiruvananthapuram,ATTIPRA,THIRUVANANTHAPRUAM
SANROYAL ADONIA,SANROYAL BUILDERS AND CONTRACTORS PVT LTD,Residential (Apartment),2019-06-11,2025-07-24,K-RERA/PRJ/032/2020,2022-03-04,57,54,Inprogress,Thiruvananthapuram,MENAMKULAM,THIRUVANANTHAPRUAM
Alka Skywings Phase 1,Alka Ventures,Residential (Apartment),2015-07-30,2024-12-30,K-RERA/PRJ/184/2021,2021-09-24,324,0,Inprogress,Ernakulam,KAKKANAD,Kanayannur
SKYSCAPE,CASADEL BUILDERS INDIA PRIVATE LIMITED,Residential (Apartment),2018-04-01,2022-04-01,K-RERA/PRJ/257/2020,2022-02-03,14,12,Completed,Ernakulam,KUNNATHUNAD,Kunnathunad
SANROYAL-AREENA,SANROYAL BUILDERS AND CONTRACTORS PVT LTD,Residential (Apartment),2018-10-16,2026-06-30,K-RERA/PRJ/098/2020,2022-03-07,32,32,Inprogress,Thrissur,OLLUKKARA,Thrissur
VINTAGE HEIGHTS BUILDERS AND DEVELOPERS,VINTAGE HEIGHTS BUILDERS AND DEVELOPERS,Plots,2019-07-11,2026-06-30,K-RERA/PRJ/132/2021,2022-03-04,,0,Completed,Palakkad,VANIYAKULAM I,Ottappalam
Pushpagiriyil Santos City,Pushpagiriyil Builders and Developers,Villas (Plots & Buildings),2021-07-19,2026-09-01,K-RERA/PRJ/KTM/065/2021,2021-11-08,54,52,Inprogress,Kottayam,PAYIPPADU,Changanassery
ORCHID APARTMENTS,IDFIX BUILDERS PVT LTD,Residential (Apartment),2019-03-29,2022-04-10,K-RERA/PRJ/136/2020,2021-10-07,20,0,Completed,Ernakulam,MARADY,Muvattupuzha
KCHELL RESIDENCY,KCHELL INFRASTRUCTURE AND TRADING COMPANY PRIVATE LIMITED,Mixed (Commercial & Residential),2012-08-01,2019-06-06,K-RERA/PRJ/KLM/078/2021,2021-12-16,66,30,Completed,Kollam,SHAKTHIKULANGARA,Kollam
SFS ORCHARD,SKYLINE FOUNDATIONS AND STRUCTURES PRIVATE LIMITED,Residential (Apartment),2021-10-01,2025-08-31,K-RERA/PRJ/TVM/056/2021,2021-10-06,128,121,Completed,Thiruvananthapuram,PALLIPURAM TRIVANDRUM,THIRUVANANTHAPRUAM
FEZCO FREEZIA APARTMENTS,FEZCO FREEZIA PRIVATE LIMITED,Residential (Apartment),2010-01-27,2026-05-18,K-RERA/PRJ/137/2021,2021-11-17,92,91,Inprogress,Kozhikode,KODANCHERY,THAMARASSERY
ASSET CELESTE,ASSET HOMES PRIVATE LIMITED,Residential (Apartment),2021-10-10,2025-03-31,K-RERA/PRJ/KTM/064/2021,2021-11-08,21,19,Completed,Kottayam,PUTHUPPALLY KOTTAYAM,Kottayam
CIVICON ROYALE APARTMENTS,VARGHESE CD  CHENGINIMATTM,Residential (Apartment),2015-07-27,2021-07-20,K-RERA/PRJ/148/2021,2022-07-18,28,6,Completed,Thrissur,KIZHAKKE CHALAKUDI,CHALAKKUDY
RAHEL HOMES,PARASIO RETIREMENT HOME,Residential (Apartment),2019-06-06,2020-12-05,K-RERA/PRJ/174/2021,2022-07-14,28,0,Completed,Ernakulam,AIKARANAD NORTH,Kunnathunad
SANROYAL ELANTA,SANROYAL BUILDERS AND CONTRACTORS PVT LTD,Residential (Apartment),2018-08-06,2026-02-05,K-RERA/PRJ/280/2020,2022-03-07,74,74,Inprogress,Thrissur,CHIYYARAM,Thrissur
SANROYAL HASTHA,SANROYAL BUILDERS AND CONTRACTORS PVT LTD,Residential (Apartment),2017-09-20,2024-06-30,K-RERA/PRJ/010/2021,2022-03-08,64,64,Inprogress,Thrissur,CHAVAKKAD,Chavakkad
Prakriti Aawaas,Prakriti Architects and Builders,Villas (Plots & Buildings),2016-03-02,2023-12-31,K-RERA/PRJ/078/2021,2022-07-16,18,18,Completed,Ernakulam,KAKKANAD,Kanayannur
The Pavillion Vazhakkala,CJG Holdings India Pvt Ltd,Residential (Apartment),2017-07-10,2021-02-26,K-RERA/PRJ/192/2021,2022-03-03,46,0,Completed,Ernakulam,VAZHAKKALA,Kanayannur
Sowparnika Highlands,Sowparnika Projects & Infrasturcture Pvt Ltd,Residential (Apartment),2014-12-15,2022-02-05,K-RERA/PRJ/TVM/050/2022,2022-03-24,95,95,Completed,Thiruvananthapuram,PALLIPURAM TRIVANDRUM,THIRUVANANTHAPRUAM
MYPOD 1.0,CRESCENT BUILDERS,Residential (Apartment),2022-03-01,2025-02-28,K-RERA/PRJ/KKD/072/2021,2021-11-20,50,15,Inprogress,Kozhikode,NELLIKODE,Kozhikode
MULBERRY HOMES - CASA BELLA,NITHIN MICHELLE BUILDERS AND DEVELOPERS P LTD,Villas (Plots & Buildings),2022-01-01,2026-02-12,K-RERA/PRJ/KTM/076/2021,2021-11-27,15,2,Inprogress,Kottayam,PERUMBAYIKKADU,Kottayam
ARYA BHANGY CENTARA,ARYA BHANGY BUILDERS PVT LTD,Mixed (Commercial & Residential),2021-12-01,2025-11-30,K-RERA/PRJ/ERN/210/2022,2022-12-20,32,15,Inprogress,Ernakulam,POONITHURA,Kanayannur
SANROYAL SANETA,SANROYAL BUILDERS AND CONTRACTORS PVT LTD,Residential (Apartment),2019-03-15,2026-04-14,K-RERA/PRJ/TVM/012/2022,2022-01-28,35,35,Inprogress,Thiruvananthapuram,ULIYAZHATHURA,THIRUVANANTHAPRUAM
SHANOOR TECH MERIDIAN,SHANOOR PROJECTS AND REALTORS PVT LTD,Residential (Apartment),2021-07-20,2026-03-31,K-RERA/PRJ/TVM/057/2021,2021-10-06,69,69,Completed,Thiruvananthapuram,ATTIPRA,THIRUVANANTHAPRUAM
Q3 LUXE VILLAS,QUE DEVELOPERS LLP,Villas (Plots & Buildings),2020-11-30,2025-04-24,K-RERA/PRJ/KKD/079/2021,2021-12-16,23,19,Inprogress,Kozhikode,OLAVANNA,Kozhikode
TRIAMITY WOODSVILLE,TRIAMITY DWELLINGS PRIVATE LIMITED,Residential (Apartment),2018-02-07,2022-06-30,K-RERA/PRJ/ERN/030/2022,2022-03-02,18,15,Completed,Ernakulam,ALUVA WEST,Aluva
WELKIN VILLAS,Joseph Devasia Ponmankal,Villas (Plots & Buildings),2019-07-09,2028-06-30,K-RERA/PRJ/269/2020,2021-08-02,28,13,Inprogress,Kottayam,LALAM,Meenachil
MELLOW SKYWATCH,MELLOW FOUNDATIONS BUILDERS AND DEVELOPERS PVT LTD,Residential (Apartment),2013-02-02,2020-06-30,K-RERA/PRJ/152/2021,2022-07-19,49,49,Completed,Kozhikode,VENGERI,Kozhikode
CIDBI CHALET,A A ABDUL LATHIF,Residential (Apartment),2021-09-20,2023-12-31,K-RERA/PRJ/TSR/059/2021,2021-10-06,28,28,Completed,Thrissur,CHIYYARAM,Thrissur
SFS HIGHLAND PARK,SKYLINE FOUNDATIONS AND STRUCTURES PRIVATE LIMITED,Residential (Apartment),2021-10-01,2025-05-31,K-RERA/PRJ/ERN/050/2021,2021-09-16,73,72,Completed,Ernakulam,VAZHAKKALA,Kanayannur
ABAD INSPIRATIONS,ABAD BUILDERS PVT LTD,Residential (Apartment),2021-01-01,2024-05-31,K-RERA/PRJ/ERN/061/2021,2021-10-18,24,15,Completed,Ernakulam,POONITHURA,Kanayannur
Tufnell Garden Block 4 and 5,Jain Housing And Constructions Limited,Residential (Apartment),2010-10-31,2024-05-31,K-RERA/PRJ/ERN/011/2022,2022-01-27,304,92,Completed,Ernakulam,KAKKANAD,Kanayannur
CVC-PUTHETHU-PETRA,CHERIAN VARKEY CONSTRUCTION COMPANY PRIVATE LIMITED,Residential (Apartment),2014-11-28,2021-09-30,K-RERA/PRJ/081/2021,2022-03-07,18,0,Completed,Kottayam,MUTTAMBALAM,Kottayam
Padmasree Ramsarovar,Padmasree Developers Pvt Ltd,Residential (Apartment),2021-12-15,2025-06-01,K-RERA/PRJ/ERN/086/2022,2022-05-17,20,10,Inprogress,Ernakulam,NADAMA,Kanayannur
ASSET LUMINANCE,ASSET HOMES PRIVATE LIMITED,Residential (Apartment),2021-11-30,2024-11-30,K-RERA/PRJ/ERN/071/2021,2021-11-18,16,16,Completed,Ernakulam,VAZHAKKALA,Kanayannur
KRISHNA HOMES AMBADI RESIDENCY,BALARAMAN K N,Residential (Apartment),2017-05-31,2023-12-31,K-RERA/PRJ/161/2020,2022-02-10,18,16,Inprogress,Thrissur,THRISSUR,Thrissur
KMP Vaishnavapuri,Parameswaran Kizhakkemadam Mahadeva Iyyer,Residential (Apartment),2015-03-20,2021-09-18,K-RERA/PRJ/187/2021,2022-07-18,14,8,Completed,Thrissur,THRISSUR,Thrissur
ANTA - HILL TREE,ANTA BUILDERS & DEVELOPERS PVT LTD,Villas (Plots & Buildings),2021-11-01,2026-10-31,K-RERA/PRJ/TVM/035/2022,2022-03-07,7,6,Inprogress,Thiruvananthapuram,KOWDIAR,THIRUVANANTHAPRUAM
Sowparnika YARA,Sowparnika Supertech pvt Ltd,Residential (Apartment),2021-11-15,2026-12-31,K-RERA/PRJ/TVM/073/2021,2021-11-20,80,72,Inprogress,Thiruvananthapuram,ATTIPRA,THIRUVANANTHAPRUAM
Hanco Fort Heights,Hanco Property Developers Pvt Ltd,Residential (Apartment),2021-12-01,2029-11-30,K-RERA/PRJ/PKD/009/2022,2022-01-21,80,15,Inprogress,Palakkad,PALAKKAD-3,Palakkad
MULBERRY HOMES-PAM RIDGE,NITHIN MICHELLE BUILDERS AND DEVELOPERS P LTD,Residential (Apartment),2022-01-01,2024-07-27,K-RERA/PRJ/TSR/074/2021,2021-11-24,18,0,Inprogress,Thrissur,KUTTOOR THRISSUR,Thrissur
ECLAT TOWER,Nizwa Property Developers,Residential (Apartment),2019-12-16,2022-09-30,K-RERA/PRJ/TVM/051/2022,2022-03-24,28,0,Inprogress,Thiruvananthapuram,KADINAMKULAM,THIRUVANANTHAPRUAM
LANDMARK BLUEBERRY,CALICUT LANDMARK BUILDERS AND DEVELOPERS INDIA PRIVATE LIMITED,Residential (Apartment),2021-12-03,2023-12-31,K-RERA/PRJ/KKD/081/2021,2021-12-21,72,57,Completed,Kozhikode,VALAYANAD,Kozhikode
DD JADE TOWER,Desai Rachana Private Limited,Residential (Apartment),2021-11-14,2026-12-31,K-RERA/PRJ/TSR/066/2021,2021-11-09,110,51,Inprogress,Thrissur,POTTORE,Thrissur
CREDENCE APARTMENT,A A ABDUL LATHIF,Residential (Apartment),2017-02-28,2020-08-28,K-RERA/PRJ/162/2021,2021-11-19,62,62,Completed,Thrissur,CHEMBUKAVU,Thrissur
Estilo Eden Luxury Apartments,Estilo Projects Private Limited,Mixed (Commercial & Residential),2014-05-12,2023-06-30,K-RERA/PRJ/195/2021,2022-02-11,48,0,Completed,Kottayam,LALAM,Meenachil
ANTA - MARVEL,ANTA BUILDERS & DEVELOPERS PVT LTD,Residential (Apartment),2014-09-01,2019-12-31,K-RERA/PRJ/ERN/003/2022,2022-01-04,52,52,Completed,Ernakulam,MARADU,Kanayannur
SANROYAL ROSCARA,SANROYAL BUILDERS AND CONTRACTORS PVT LTD,Residential (Apartment),2019-02-19,2024-02-18,K-RERA/PRJ/337/2020,2022-03-04,36,36,Inprogress,Thiruvananthapuram,ULOOR,THIRUVANANTHAPRUAM
V3 FELIZ CASA,Vthree Homes And Infrastructure India Private Limited,Villas (Plots & Buildings),2020-09-17,2025-02-28,K-RERA/PRJ/PKD/052/2021,2021-09-23,14,14,Completed,Palakkad,PIRIYARI,Palakkad
BOUGAINVILLEA VILLAS,PRIMESPACE PROJECTS PVT LTD,Villas (Plots & Buildings),2018-06-01,2021-03-01,K-RERA/PRJ/KKD/094/2022,2022-05-30,17,16,Completed,Kozhikode,KOTTOOLI,Kozhikode
SANROYAL-JIVANTA,SANROYAL BUILDERS AND CONTRACTORS PVT LTD,Residential (Apartment),2017-08-25,2023-03-01,K-RERA/PRJ/239/2020,2022-03-07,63,63,Completed,Thrissur,CHITTILAPPILLY,Thrissur
LEVIS CASA,Levi  Thomas,Residential (Apartment),2020-02-01,2024-10-31,K-RERA/PRJ/KNR/058/2021,2021-10-06,15,0,Completed,Kannur,PUZHATHI,Kannur
Indian Oil Officers Cooperative Housing Society Limited Petronest,INDIAN OIL OFFICERS COOPERATIVE HOUSING SOCIETY LIMITED,Residential (Apartment),2017-12-18,2022-07-31,K-RERA/PRJ/ERN/080/2021,2021-12-16,112,112,Completed,Ernakulam,POONITHURA,Kanayannur
Prayag,SREEPATHI ASSOCIATES BUILDERS & PROMOTERS,Residential (Apartment),2021-03-01,2023-06-30,K-RERA/PRJ/TSR/085/2021,2021-12-28,45,13,Completed,Thrissur,GURUVAYUR,Chavakkad
SANROYAL ASTORIA,SANROYAL BUILDERS AND CONTRACTORS PVT LTD,Residential (Apartment),2017-10-01,2022-03-18,K-RERA/PRJ/176/2021,2022-01-04,78,78,Completed,Thiruvananthapuram,MENAMKULAM,THIRUVANANTHAPRUAM
Palmtree Apartments,Pratheeksha Builders LLP,Residential (Apartment),2018-01-01,2022-12-30,K-RERA/PRJ/120/2021,2022-03-07,20,12,Completed,Ernakulam,EDAPPALLY SOUTH,Kanayannur
SIDDHI PRANAVAM,SIDDHI HOMES,Residential (Apartment),2021-12-01,2026-08-05,K-RERA/PRJ/ERN/077/2021,2021-12-01,49,39,Inprogress,Ernakulam,THEKKUMBHAGOM KANAYANNUR,Kanayannur
ERA TRANQUIL,ERA HOMES AND PROJECTS PVT LTD,Residential (Apartment),2017-03-19,2022-12-15,K-RERA/PRJ/200/2021,2022-03-07,20,14,Inprogress,Ernakulam,THEKKUMBHAGOM KANAYANNUR,Kanayannur
Tulsi Capitol pointe,TULSI DEVELOPERS INDIA PRIVATE LIMITED,Residential (Apartment),2014-11-28,2021-12-30,K-RERA/PRJ/309/2020,2022-01-25,56,32,Completed,Ernakulam,EDAPPALLY SOUTH,Kanayannur
FIFTH AVENUE,ABBA REALTORS & BUILDERS COMPANY PRIVATE LIMITED,Villas (Plots & Buildings),2015-05-04,2025-12-31,K-RERA/PRJ/TSR/058/2022,2022-03-30,12,4,Completed,Thrissur,OLLUR,Thrissur
CASADEL GARDENS OF DELIGHT,CASADEL BUILDERS INDIA PRIVATE LIMITED,Villas (Plots & Buildings),2018-10-24,2026-06-26,K-RERA/PRJ/179/2021,2022-03-03,0,8,Completed,Ernakulam,VARAPPUZHA,Paravur
Sophia Elanza,Joyce  George,Villas (Plots & Buildings),2021-05-20,2023-05-20,K-RERA/PRJ/ERN/093/2022,2022-05-28,8,0,Completed,Ernakulam,VENGOLA,Kunnathunad
SOWPARNIKA SUDARSHANAM,Sowparnika Projects & Infrasturcture Pvt Ltd,Mixed (Commercial & Residential),2014-01-13,2022-12-31,K-RERA/PRJ/TSR/091/2022,2022-05-27,152,149,Completed,Thrissur,GURUVAYUR,Chavakkad
MARUTHAM CREST ONE35,MARUTHAM APPARTMENT,Residential (Apartment),2022-01-01,2025-12-31,K-RERA/PRJ/TVM/086/2021,2021-12-31,31,15,Inprogress,Thiruvananthapuram,KADAKAMPALLY,THIRUVANANTHAPRUAM
SOPHIA EVANIA,Joyce  George,Residential (Apartment),2020-02-02,2023-07-11,K-RERA/PRJ/ERN/075/2022,2022-05-04,8,0,Completed,Ernakulam,ELOOR,Paravur
CASADEL TOWNSUITES,CASADELO DEVELOPERS PVT LTD,Mixed (Commercial & Residential),2022-05-20,2027-12-20,K-RERA/PRJ/ERN/131/2022,2022-08-08,54,30,Inprogress,Ernakulam,CHOORNIKKARA,Aluva
Heather ENTICE,Heather Homes Private Limited,Residential (Apartment),2022-04-15,2026-04-14,K-RERA/PRJ/TVM/036/2022,2022-03-07,30,30,Completed,Thiruvananthapuram,VANCHIYOOR,THIRUVANANTHAPRUAM
ASSET DOMINION,ASSET HOMES PRIVATE LIMITED,Residential (Apartment),2022-02-02,2026-03-31,K-RERA/PRJ/ERN/022/2022,2022-02-18,78,74,Inprogress,Ernakulam,NADAMA,Kanayannur
TRAVANCORE OPUS HIGHWAY TOWER I,Travancore Builders Pvt Ltd,Residential (Apartment),2012-05-31,2022-09-30,K-RERA/PRJ/ERN/081/2022,2022-05-12,80,39,Completed,Ernakulam,EDAPPALLY SOUTH,Kanayannur
AI BY SREEDHANYA,Sree Dhanya Homes Pvt ltd,Residential (Apartment),2022-02-28,2028-12-31,K-RERA/PRJ/TVM/054/2022,2022-03-24,99,73,Inprogress,Thiruvananthapuram,KOWDIAR,THIRUVANANTHAPRUAM
ORCHID PARK,NEST Realties India Private Limited,Residential (Apartment),2011-01-01,2022-09-30,K-RERA/PRJ/008/2022,2022-07-14,165,80,Inprogress,Kottayam,VIJAYAPURAM,Kottayam
ARCON EXOTICA,ARCON HOME BUILDERS PRIVATE LIMITED,Residential (Apartment),2022-02-01,2027-04-30,K-RERA/PRJ/TVM/085/2022,2022-05-12,55,45,Inprogress,Thiruvananthapuram,KADAKAMPALLY,THIRUVANANTHAPRUAM
ASSET BELFORD,ASSET HOMES PRIVATE LIMITED,Residential (Apartment),2022-08-01,2025-03-31,K-RERA/PRJ/KTM/137/2022,2022-08-22,18,11,Inprogress,Kottayam,PUTHUPPALLY KOTTAYAM,Kottayam
The Address UPTOWN,The Address Builders Pvt Ltd,Residential (Apartment),2022-04-01,2027-02-13,K-RERA/PRJ/TVM/062/2022,2022-04-06,10,7,Completed,Thiruvananthapuram,SASTHAMANGALAM,THIRUVANANTHAPRUAM
Sowparnika Promenade Square,Sowparnika Projects & Infrasturcture Pvt Ltd,Residential (Apartment),2008-12-30,2020-09-28,K-RERA/PRJ/TVM/063/2022,2022-04-06,96,96,Completed,Thiruvananthapuram,KADAKAMPALLY,THIRUVANANTHAPRUAM
TOWER ELEVEN,MERITRA HOMES PVT LTD,Residential (Apartment),2014-08-12,2018-04-20,K-RERA/PRJ/ERN/068/2022,2022-04-19,22,22,Completed,Ernakulam,MARADU,Kanayannur
Cordial i-Nest,Cordial Properties India Pvt Ltd,Villas (Plots & Buildings),2022-04-18,2026-09-30,K-RERA/PRJ/TVM/066/2022,2022-04-11,13,13,Inprogress,Thiruvananthapuram,VEILOOR,THIRUVANANTHAPRUAM
TBPL GREENS,Thrissur Builders Private Limited,Villas (Plots & Buildings),2017-04-15,2020-03-31,K-RERA/PRJ/205/2021,2022-07-18,20,20,Completed,Thrissur,VELAPPAYA,Thrissur
Sophia Eden,Joyce  George,Residential (Apartment),2016-01-11,2017-06-29,K-RERA/PRJ/ERN/115/2022,2022-07-11,5,5,Completed,Ernakulam,KOTTUVALLY,Paravur
GRAND VIEW APARTMENTS,MOTIF BUILDERS AND DEVELOPERS Pvt Ltd,Residential (Apartment),2008-04-02,2023-08-31,K-RERA/PRJ/ERN/174/2022,2022-10-26,34,10,Inprogress,Ernakulam,ALUVA WEST,Aluva
SHOPPERS MALL AND EL ROI,Shoppers International Malls Pvt Ltd,Mixed (Commercial & Residential),2015-02-09,2020-12-15,K-RERA/PRJ/TSR/129/2022,2022-08-05,16,10,Completed,Thrissur,THRISSUR,Thrissur
Hoysala First,Hoysala Projects Pvt Ltd,Residential (Apartment),2012-01-01,2024-12-30,K-RERA/PRJ/014/2022,2022-08-10,82,20,Inprogress,Kottayam,KOTTAYAM,Kottayam
VICTORIA REALTORS VANDHANAM,DHARMIC LIVING PVT LTD,Villas (Plots & Buildings),2022-05-04,2025-04-30,K-RERA/PRJ/TSR/083/2022,2022-05-12,1,16,Completed,Thrissur,VELUR,KUNNAMKULAM
MIR CINTRA,MIR BUILDERS AND DEVELOPERS PVT LTD,Residential (Apartment),2014-02-15,2023-06-30,K-RERA/PRJ/139/2021,2022-01-22,72,47,Inprogress,Ernakulam,ANGAMALY,Aluva
SHANOOR ORANGE WOODS,SHANOOR PROJECTS AND REALTORS PVT LTD,Residential (Apartment),2022-01-01,2026-12-30,K-RERA/PRJ/TVM/013/2022,2022-01-28,0,18,Completed,Thiruvananthapuram,MENAMKULAM,THIRUVANANTHAPRUAM
PRESTIGE EDEN GARDEN,PRESTIGE ESTATES PROJECTS LIMITED,Residential (Apartment),2022-03-01,2026-12-01,K-RERA/PRJ/ERN/002/2022,2022-01-03,112,79,Completed,Ernakulam,CHOORNIKKARA,Aluva
ASSET MAJESTIC,ASSET HOMES PRIVATE LIMITED,Residential (Apartment),2021-12-28,2025-12-28,K-RERA/PRJ/TSR/082/2021,2021-12-21,87,67,Inprogress,Thrissur,CHIYYARAM,Thrissur
Q2 RESIDENCES,QUE DEVELOPERS LLP,Residential (Apartment),2021-10-07,2027-12-31,K-RERA/PRJ/KKD/025/2022,2022-02-18,34,14,Inprogress,Kozhikode,KUTTIKKATTOOR,Kozhikode
Orchid Courtyard,Orchid Homes,Residential (Apartment),2018-07-12,2023-06-30,K-RERA/PRJ/ERN/024/2022,2022-02-18,28,22,Completed,Ernakulam,ALUVA EAST,Aluva
GOVIND SUITE,VAILOPPILLY SAJI GOVIND,Residential (Apartment),2022-03-21,2026-10-15,K-RERA/PRJ/TSR/177/2022,2022-10-28,16,7,Inprogress,Thrissur,AYYANTHOLE,Thrissur
SREEROSH SYMPHONY,SREEROSH DEVELOPERS PVT LTD,Residential (Apartment),2022-01-15,2025-09-30,K-RERA/PRJ/KNR/007/2022,2022-01-15,38,29,Completed,Kannur,PAYYANNUR,PAYYANNUR
CONFIDENT AMBER,Confident Projects Residential,Villas (Plots & Buildings),2019-12-31,2022-08-17,K-RERA/PRJ/004/2022,2022-03-07,21,21,Completed,Ernakulam,ALUVA EAST,Aluva
WHITE WISTERIA,KAROLLIL PROPERTIES,Residential (Apartment),2022-09-01,2025-03-31,K-RERA/PRJ/ERN/027/2022,2022-02-21,20,0,Completed,Ernakulam,EDAPPALLY NORTH,Kanayannur
O2 ZONE,BAYSHORE SEAWOODS PROJECT,Residential (Apartment),2010-01-01,2021-07-23,K-RERA/PRJ/ERN/032/2022,2022-03-02,114,0,Completed,Ernakulam,KAKKANAD,Kanayannur
SFS AMBER,SKYLINE FOUNDATIONS AND STRUCTURES PRIVATE LIMITED,Residential (Apartment),2022-04-01,2026-10-27,K-RERA/PRJ/TVM/067/2022,2022-04-12,65,60,Inprogress,Thiruvananthapuram,KUDAPPANAKUNNU,THIRUVANANTHAPRUAM
Sailors Cove,MIR BUILDERS AND DEVELOPERS PVT LTD,Villas (Plots & Buildings),2010-06-10,2026-06-30,K-RERA/PRJ/198/2021,2022-07-18,211,64,Inprogress,Kannur,CHIRAKKAL,Kannur
MULBERRY HOMES-PAMVILLE,NITHIN MICHELLE BUILDERS AND DEVELOPERS P LTD,Villas (Plots & Buildings),2015-09-03,2025-03-02,K-RERA/PRJ/204/2021,2022-03-07,7,7,Completed,Thrissur,KOLAZHY,Thrissur
INFRA NOUVELLE,Infra Housing Pvt Ltd,Mixed (Commercial & Residential),2009-01-01,2022-06-30,K-RERA/PRJ/006/2022,2022-02-24,104,98,Inprogress,Ernakulam,KAKKANAD,Kanayannur
SANROYAL CHANAKYA,SANROYAL BUILDERS AND CONTRACTORS PVT LTD,Residential (Apartment),2022-04-25,2027-04-14,K-RERA/PRJ/TVM/064/2022,2022-04-06,48,46,Inprogress,Thiruvananthapuram,KUDAPPANAKUNNU,THIRUVANANTHAPRUAM
SPARROW HILL VILLAS,VALIYAKULANGARA INFRAZONE PVT LTD,Villas (Plots & Buildings),2019-12-31,2027-11-30,K-RERA/PRJ/ERN/082/2022,2022-05-12,14,9,Inprogress,Ernakulam,MARADY,Muvattupuzha
THE PARK BY FAVOURITE HOMES,FAVOURITE CONSTRUCTIONS PRIVATE LIMITED,Residential (Apartment),2016-11-11,2020-02-22,K-RERA/PRJ/005/2022,2022-03-03,56,56,Completed,Thiruvananthapuram,KUDAPPANAKUNNU,THIRUVANANTHAPRUAM
ASSET RADIANCE,ASSET HOMES PRIVATE LIMITED,Residential (Apartment),2022-02-28,2025-02-28,K-RERA/PRJ/ERN/033/2022,2022-03-04,24,24,Completed,Ernakulam,VAZHAKKALA,Kanayannur
SYMPHONY TRINITY,HARIDAS BUILDERS,Residential (Apartment),2017-11-03,2022-05-30,K-RERA/PRJ/062/2021,2022-07-18,20,4,Completed,Palakkad,VANIYAKULAM II,Ottappalam
TOWNWALK,CASADEL BUILDERS INDIA PRIVATE LIMITED,Residential (Apartment),2019-12-13,2026-06-15,K-RERA/PRJ/264/2020,2022-01-27,45,26,Completed,Ernakulam,THRIKKAKARA NORTH,Kanayannur
Aero Homes,Kerala HealthCare P Ltd,Mixed (Commercial & Residential),2021-10-01,2025-03-31,K-RERA/PRJ/TVM/173/2022,2022-10-26,25,9,Inprogress,Thiruvananthapuram,KADAKAMPALLY,THIRUVANANTHAPRUAM
DEODATE PRAYAGA,DEODATE ENVIRONMENTAL HOMES PVT LTD,Villas (Plots & Buildings),2018-02-23,2023-08-23,K-RERA/PRJ/202/2021,2022-03-07,16,5,Inprogress,Thiruvananthapuram,VATTAPPARA,Nedumangad
Sowparnika ISTA,Sowparnika Projects & Infrasturcture Pvt Ltd,Residential (Apartment),2021-01-01,2026-12-31,K-RERA/PRJ/TVM/087/2022,2022-05-17,63,21,Inprogress,Thiruvananthapuram,ULOOR,THIRUVANANTHAPRUAM
greenest ONE,GREENEST BUILDINGS AND BUSINESS PRIVATE LIMITED,Villas (Plots & Buildings),2022-06-01,2025-06-30,K-RERA/PRJ/TVM/092/2022,2022-05-28,29,25,Inprogress,Thiruvananthapuram,ULIYAZHATHURA,THIRUVANANTHAPRUAM
PRS Ramsaras,P R S Builders,Residential (Apartment),2022-03-01,2023-12-31,K-RERA/PRJ/TVM/037/2022,2022-03-08,12,12,Completed,Thiruvananthapuram,THYCAUD,THIRUVANANTHAPRUAM
DREAMFLOWER VIVALDI,DREAM FLOWER HOUSING PROJECTS PVT LTD,Residential (Apartment),2021-12-29,2023-12-31,K-RERA/PRJ/ERN/004/2022,2022-01-06,16,16,Completed,Ernakulam,EDAPPALLY SOUTH,Kanayannur
Skyview,Akib Abdul Aziz Abdul Aziz,Plots,2022-01-01,2022-01-21,K-RERA/PRJ/TVM/162/2023,2023-09-14,,0,Completed,Thiruvananthapuram,PEROORKADA,THIRUVANANTHAPRUAM
ASSET MAGNUM,ASSET HOMES PRIVATE LIMITED,Residential (Apartment),2022-01-12,2026-03-31,K-RERA/PRJ/KNR/040/2022,2022-03-11,144,143,Inprogress,Kannur,EDAKKAD,Kannur
Alfa- breeze,Scott  John,Residential (Apartment),2018-04-01,2019-12-31,K-RERA/PRJ/TSR/197/2022,2022-11-26,30,30,Completed,Thrissur,CHEMBUKAVU,Thrissur
Golden Heights,BUILDOWN DEVELOPERS PRIVATE LIMITED,Villas (Plots & Buildings),2021-10-01,2025-12-01,K-RERA/PRJ/ERN/107/2022,2022-06-23,33,32,Inprogress,Ernakulam,KEEZHMAD,Aluva
Anklets By Sree Dhanya,Sree Dhanya Homes Pvt ltd,Residential (Apartment),2022-04-01,2028-12-31,K-RERA/PRJ/TVM/053/2022,2022-03-24,49,24,Inprogress,Thiruvananthapuram,KUDAPPANAKUNNU,THIRUVANANTHAPRUAM
ROSEBUD TERRACES,ROSEBUD PROJECTS PRIVATE LIMITED,Residential (Apartment),2010-01-01,2022-03-31,K-RERA/PRJ/ERN/029/2022,2022-02-23,15,0,Completed,Ernakulam,POONITHURA,Kanayannur
PARVATHY RESIDENCY,PARVATHY RESIDENCY,Mixed (Commercial & Residential),2018-12-05,2024-06-05,K-RERA/PRJ/001/2022,2022-05-09,25,0,Inprogress,Alappuzha,HARIPPAD,Karthikappally
Winterlake Kuttikanam,Ei Holdings,Villas (Plots & Buildings),2022-01-15,2025-12-15,K-RERA/PRJ/IDK/015/2022,2022-02-11,38,25,Inprogress,Idukki,ELAPPARA,PEERUMADE
ERA PRIME,ERA HOMES AND PROJECTS PVT LTD,Villas (Plots & Buildings),2019-02-23,2023-06-30,K-RERA/PRJ/201/2021,2022-03-03,17,17,Inprogress,Ernakulam,MANAKUNNAM,Kanayannur
Graffiti By Sree Dhanya,Sree Dhanya Homes Pvt ltd,Residential (Apartment),2022-03-01,2027-12-31,K-RERA/PRJ/TVM/052/2022,2022-03-24,27,20,Inprogress,Thiruvananthapuram,KADAKAMPALLY,THIRUVANANTHAPRUAM
VISTA RIO,KSEB OFFICERS HOUSE CONSTRUCTION COOPERATIVE SOCIETY,Residential (Apartment),2022-02-14,2026-12-29,K-RERA/PRJ/TVM/098/2022,2022-05-31,42,24,Inprogress,Thiruvananthapuram,ATTIPRA,THIRUVANANTHAPRUAM
SOWPARNIKA VALLE,Sowparnika Projects & Infrasturcture Pvt Ltd,Residential (Apartment),2016-04-20,2022-06-30,K-RERA/PRJ/206/2021,2022-03-04,66,66,Completed,Kottayam,ATHIRAMPUZHA,Kottayam
ELITE PARADIZA,ELITE GARDENIA LLP,Villas (Plots & Buildings),2022-03-01,2026-03-31,K-RERA/PRJ/TSR/078/2022,2022-05-09,18,16,Completed,Thrissur,KUTTOOR THRISSUR,Thrissur
COPPER VISTA,NATE BUILDERS PRIVATE LIMITED,Shops/Office Space (Commercial),2022-03-08,2025-06-30,K-RERA/PRJ/KKD/049/2024,2024-02-28,70,19,Completed,Kozhikode,NAGARAM,Kozhikode
NJN MERITON,NJN HOMES & HOUSING PROJECTS,Residential (Apartment),2022-05-07,2027-03-20,K-RERA/PRJ/ERN/113/2022,2022-07-04,12,2,Completed,Ernakulam,EDAPPALLY SOUTH,Kanayannur
Dasco Royal Valley Phase 3,Mahesh Ayanimoodu Vijayan,Villas (Plots & Buildings),2022-05-30,2025-05-05,K-RERA/PRJ/TVM/095/2022,2022-05-30,10,2,Completed,Thiruvananthapuram,VEMBAYAM,Nedumangad
DREAMFLOWER MAGNA IATROS,DREAM FLOWER HOUSING PROJECTS PVT LTD,Residential (Apartment),2022-05-12,2025-11-30,K-RERA/PRJ/030/2021,2022-06-16,39,37,Completed,Ernakulam,EDAPPALLY NORTH,Kanayannur
VICTORIA REALTORS SHOBANAM,VICTORIA REALTORS,Villas (Plots & Buildings),2017-06-01,2023-05-30,K-RERA/PRJ/PKD/165/2022,2022-10-17,0,0,Completed,Palakkad,KOZHINJAMPARA,Chittur
VICTORIA REALTORS SPANDHANAM,DHARMIC LIVING PVT LTD,Villas (Plots & Buildings),2022-06-07,2025-05-30,K-RERA/PRJ/PKD/122/2022,2022-07-19,0,13,Completed,Palakkad,PARALI II,Palakkad
DIVINE HOMES,DIVINITY DESIGNS & CONSTRUCT,Villas (Plots & Buildings),2022-05-16,2027-05-15,K-RERA/PRJ/PKD/002/2023,2023-01-05,12,11,Inprogress,Palakkad,MARUTHUROAD,Palakkad
ABAD WOODS PARK,ABAD BUILDERS PVT LTD,Residential (Apartment),2022-02-11,2025-06-30,K-RERA/PRJ/ERN/118/2022,2022-07-14,63,63,Completed,Ernakulam,MARADU,Kanayannur
CORDIAL LAYAM,CORDIAL HOMES PVT LTD,Residential (Apartment),2022-09-12,2027-03-11,K-RERA/PRJ/TVM/124/2022,2022-07-21,39,24,Inprogress,Thiruvananthapuram,SASTHAMANGALAM,THIRUVANANTHAPRUAM
PERIYAR CASTLE,Dew Angel Builders And Developers Private Limited,Residential (Apartment),2015-03-15,2019-02-14,K-RERA/PRJ/199/2021,2022-07-14,28,28,Completed,Ernakulam,KADUNGALLOOR,Paravur
KSHB NEELAMBARI AMBALANAGAR APARTMENTS,KEERALA STATE HOUSING BOARD,Residential (Apartment),2022-08-01,2025-07-31,K-RERA/PRJ/TVM/132/2022,2022-08-08,80,80,Completed,Thiruvananthapuram,KOWDIAR,THIRUVANANTHAPRUAM
MELONWOOD WAVES PHASE 2,Melonwood Homes Private Limited,Villas (Plots & Buildings),2019-09-30,2024-04-30,K-RERA/PRJ/015/2022,2022-09-24,4,1,Completed,Ernakulam,KANAYANNUR,Kanayannur
Sunpaul Alna,Sunpaul Properties Pvt Ltd,Residential (Apartment),2014-03-21,2021-09-30,K-RERA/PRJ/098/2021,2022-09-12,45,32,Completed,Ernakulam,NADAMA,Kanayannur
ANTA - PALACE AVENUE,ANTA BUILDERS & DEVELOPERS PVT LTD,Villas (Plots & Buildings),2022-07-11,2027-07-10,K-RERA/PRJ/TVM/130/2022,2022-08-05,4,4,Inprogress,Thiruvananthapuram,PEROORKADA,THIRUVANANTHAPRUAM
SPICE VALLEY,KEM BUILDERS,Villas (Plots & Buildings),2021-12-28,2025-12-25,K-RERA/PRJ/ERN/078/2023,2023-05-03,84,13,Inprogress,Ernakulam,KUNNATHUNAD,Kunnathunad
VICTORIA REALTORS SWARAM SECOND PHASE,DHARMIC LIVING PVT LTD,Villas (Plots & Buildings),2022-08-01,2026-08-31,K-RERA/PRJ/TSR/149/2022,2022-09-06,34,34,Completed,Thrissur,AVANNUR,Thrissur
VICTORIA REALTORS NIVEDYAM,DHARMIC LIVING PVT LTD,Villas (Plots & Buildings),2022-08-16,2026-08-31,K-RERA/PRJ/PKD/162/2022,2022-10-12,21,13,Inprogress,Palakkad,AMBALAPPARA II,Ottappalam
BOUGAIN VILLA,KCC HOMES PRIVATE LIMITED,Villas (Plots & Buildings),2022-04-01,2028-08-30,K-RERA/PRJ/KTM/014/2023,2023-01-19,14,9,Inprogress,Kottayam,KOTTAYAM,Kottayam
SANROYAL SUKRITI,SANROYAL BUILDERS AND CONTRACTORS PVT LTD,Residential (Apartment),2015-10-08,2023-07-02,K-RERA/PRJ/TSR/107/2023,2023-06-17,30,30,Inprogress,Thrissur,CHITTILAPPILLY,Thrissur
ARCON ELITE,ARCON HOME BUILDERS PRIVATE LIMITED,Residential (Apartment),2022-10-19,2026-08-30,K-RERA/PRJ/TVM/161/2022,2022-10-12,12,2,Inprogress,Thiruvananthapuram,SASTHAMANGALAM,THIRUVANANTHAPRUAM
Sowparnika Sandal Tower,Sowparnika Projects & Infrasturcture Pvt Ltd,Residential (Apartment),2014-04-07,2024-10-31,K-RERA/PRJ/TVM/045/2022,2022-03-22,56,56,Completed,Thiruvananthapuram,CHERUVAKKAL,THIRUVANANTHAPRUAM
Anvita Royal Grande,ANVITA BUILDERS PVT LTD,Residential (Apartment),2014-02-12,2023-04-29,K-RERA/PRJ/ERN/072/2022,2022-04-29,24,23,Completed,Ernakulam,EDAPPALLY SOUTH,Kanayannur
CONFIDENT BOUGAINVILLE,Confident Projects Residential,Residential (Apartment),2022-04-18,2027-04-18,K-RERA/PRJ/ERN/084/2022,2022-05-12,95,95,Inprogress,Ernakulam,KAKKANAD,Kanayannur
HiLITE OLYMPUS,HiLITE Builders Pvt Ltd,Residential (Apartment),2022-06-18,2026-12-31,K-RERA/PRJ/KKD/110/2022,2022-07-02,526,486,Inprogress,Kozhikode,OLAVANNA,Kozhikode
CONFIDENT AVIOR,Confident Projects India Pvt Ltd,Residential (Apartment),2014-11-24,2018-04-14,K-RERA/PRJ/TVM/096/2022,2022-05-30,144,144,Completed,Thiruvananthapuram,AYIROOPARA,THIRUVANANTHAPRUAM
CORDIAL PARADISE,CORDIAL HOMES PVT LTD,Residential (Apartment),2022-09-12,2027-03-11,K-RERA/PRJ/TVM/099/2022,2022-06-01,99,69,Inprogress,Thiruvananthapuram,THIRUMALA,THIRUVANANTHAPRUAM
ZURA LUXURY LIVING,Kad Builders And Developpers Pvt LtdEW,Residential (Apartment),2021-03-03,2026-03-30,K-RERA/PRJ/KSD/120/2022,2022-07-18,90,16,Inprogress,Kasaragod,MUTTATHODI,Kasaragod
Dwarakamayi,SUNIL P  CHANDRAN,Plots,2016-01-01,2027-04-27,K-RERA/PRJ/TVM/048/2023,2023-03-20,,3,Inprogress,Thiruvananthapuram,KARAKULAM,Nedumangad
DD LEGACY HEIGHTS,DESAI HOMES,Residential (Apartment),2022-06-22,2027-07-31,K-RERA/PRJ/KTM/114/2022,2022-07-04,75,59,Inprogress,Kottayam,PERUMBAYIKKADU,Kottayam
GRAND MAPLE,Malabar Developers Private Limited,Residential (Apartment),2014-02-17,2019-02-27,K-RERA/PRJ/KTM/146/2022,2022-08-31,32,0,Completed,Kottayam,KAIPPUZHA,Kottayam
ELEGANCE,RAJEEV  GANGADHARAN,Residential (Apartment),2012-01-09,2022-12-19,K-RERA/PRJ/ERN/037/2024,2024-02-12,32,32,Inprogress,Ernakulam,KANAYANNUR,Kanayannur
Ramani Swamy Enclave,RAMANI REALTORS PRIVATE LIMITED,Residential (Apartment),2019-03-23,2023-03-31,K-RERA/PRJ/357/2020,2024-08-07,30,10,Completed,Kollam,KOLLAM EAST,Kollam
CONFIDENT OASIS,Confident Projects Residential,Residential (Apartment),2022-06-01,2027-06-01,K-RERA/PRJ/TVM/097/2022,2022-05-31,130,127,Inprogress,Thiruvananthapuram,MENAMKULAM,THIRUVANANTHAPRUAM
VICTORIA REALTORS VANDHANAM SECOND PHASE,DHARMIC LIVING PVT LTD,Villas (Plots & Buildings),2022-05-13,2025-05-31,K-RERA/PRJ/TSR/105/2022,2022-06-15,0,15,Completed,Thrissur,VELUR,KUNNAMKULAM
NOEL CLOUDWALK,NOEL VILLAS AND APARTMENTS,Residential (Apartment),2022-06-01,2026-09-30,K-RERA/PRJ/ERN/090/2022,2022-05-26,114,97,Inprogress,Ernakulam,MARADU,Kanayannur
MISTY ORCHIDS,Malabar Developers Private Limited,Villas (Plots & Buildings),2022-06-01,2026-12-31,K-RERA/PRJ/TVM/123/2022,2022-07-21,16,5,Inprogress,Thiruvananthapuram,MALAYINKEEZH,KATTAKADA
SREEROSH CITADEL,SREEROSH DEVELOPERS PVT LTD,Residential (Apartment),2022-07-01,2026-06-30,K-RERA/PRJ/KNR/116/2022,2022-07-11,109,93,Inprogress,Kannur,PALLIKKUNNU,Kannur
Navera Taneira,Navera Builders Private Limited,Residential (Apartment),2022-05-21,2026-12-31,K-RERA/PRJ/TSR/112/2022,2022-07-04,74,59,Inprogress,Thrissur,CHIYYARAM,Thrissur
NATIONAL TREEDOM PARK TOWER 2,NATIONAL BUILDERS,Residential (Apartment),2014-07-30,2026-07-30,K-RERA/PRJ/ERN/022/2023,2023-02-02,34,18,Inprogress,Ernakulam,NADAMA,Kanayannur
PRESTIGE OCEAN PEARL,PRESTIGE ESTATES PROJECTS LIMITED,Residential (Apartment),2022-11-01,2028-05-26,K-RERA/PRJ/KKD/139/2022,2022-08-24,530,412,Inprogress,Kozhikode,PUTHIYANGADI,Kozhikode
Tulsi Nest,TULSI DEVELOPERS INDIA PRIVATE LIMITED,Residential (Apartment),2016-03-10,2022-06-30,K-RERA/PRJ/ERN/055/2022,2022-03-29,36,36,Completed,Ernakulam,THRIKKAKARA NORTH,Kanayannur
LANDMARK MERITUS,CALICUT LANDMARK BUILDERS AND DEVELOPERS INDIA PRIVATE LIMITED,Mixed (Commercial & Residential),2022-03-08,2027-02-23,K-RERA/PRJ/KKD/039/2022,2022-03-10,148,139,Inprogress,Kozhikode,PANNIYANKARA,Kozhikode
VEEGALAND SPRINGBELL,VEEGALAND DEVELOPERS PRIVATE LIMITED,Residential (Apartment),2022-02-17,2025-12-31,K-RERA/PRJ/ERN/046/2022,2022-03-22,99,99,Completed,Ernakulam,VAZHAKKALA,Kanayannur
NANMA ONE COCHIN,NANMA PROPERTIES LTD,Residential (Apartment),2022-04-20,2025-04-20,K-RERA/PRJ/ERN/070/2022,2022-04-25,907,786,Inprogress,Ernakulam,NADAMA,Kanayannur
VARMA SUBURBAN,VARMA HOMES PRIVATE LIMITED,Residential (Apartment),2022-07-01,2027-06-30,K-RERA/PRJ/TVM/076/2022,2022-05-05,36,32,Inprogress,Thiruvananthapuram,MENAMKULAM,THIRUVANANTHAPRUAM
CONFIDENT PINEWOOD,Confident Projects Residential,Residential (Apartment),2022-04-03,2027-03-31,K-RERA/PRJ/ERN/071/2022,2022-04-26,140,139,Inprogress,Ernakulam,KAKKANAD,Kanayannur
VILLAGE GARDEN,INDUS GRATIA CREATIVE HOMES PVT LTD,Villas (Plots & Buildings),2014-12-03,2026-04-27,K-RERA/PRJ/ERN/184/2022,2022-11-14,19,16,Inprogress,Ernakulam,AMBALLUR KANAYANNUR,Kanayannur
Neamath Acacia,Neamath Realty Private Ltd,Villas (Plots & Buildings),2022-04-15,2024-11-30,K-RERA/PRJ/PKD/102/2022,2022-06-07,8,5,Completed,Palakkad,SHORANUR I,Ottappalam
AKSHAYA AGRAHARAM,JOJU  KV,Residential (Apartment),2009-12-21,2025-12-31,K-RERA/PRJ/TSR/204/2023,2023-11-09,120,90,Inprogress,Thrissur,GURUVAYUR,Chavakkad
ARTECH EMPIRE,ARTECH REALTORS PRIVATE LIMITED,Residential (Apartment),2011-12-24,2018-04-21,K-RERA/PRJ/TVM/126/2022,2022-07-21,124,124,Completed,Thiruvananthapuram,VANCHIYOOR,THIRUVANANTHAPRUAM
VFIVE LIFE,VFIVE HOMES PRIVATE LIMITED,Residential (Apartment),2022-05-15,2026-11-14,K-RERA/PRJ/TVM/133/2022,2022-08-12,130,50,Inprogress,Thiruvananthapuram,KUDAPPANAKUNNU,THIRUVANANTHAPRUAM
SERENE PARK VILLA,GOPAKUMAR BALAKRISHNAN NAIR,Villas (Plots & Buildings),2011-10-01,2024-12-31,K-RERA/PRJ/TVM/196/2022,2022-11-26,19,19,Inprogress,Thiruvananthapuram,KADAKAMPALLY,THIRUVANANTHAPRUAM
VICTORIA REALTORS SWASTHIKA,DHARMIC LIVING PVT LTD,Villas (Plots & Buildings),2022-05-10,2025-05-10,K-RERA/PRJ/PKD/127/2022,2022-08-01,0,9,Completed,Palakkad,SREEKRISHNAPURAM I,Ottappalam
GALAXY OXTON,GALAXY HOMES PVT LTD,Residential (Apartment),2014-10-23,2020-05-29,K-RERA/PRJ/ERN/049/2023,2023-03-20,72,70,Inprogress,Ernakulam,ELAMKULAM,Kanayannur
SKYLINE OZONE,M/s Skyline Builders,Residential (Apartment),2022-09-01,2027-08-31,K-RERA/PRJ/ERN/125/2022,2022-07-21,50,49,Completed,Ernakulam,POONITHURA,Kanayannur
LANDMARK MAGNUM CENTRE,CALICUT LANDMARK BUILDERS AND DEVELOPERS INDIA PRIVATE LIMITED,Residential (Apartment),2022-06-21,2027-06-19,K-RERA/PRJ/KKD/140/2022,2022-08-26,156,120,Inprogress,Kozhikode,PANTHEERANKAVU,Kozhikode
SWASTHI PRAKASAMANDIRAM,SWASTHI HOMES,Residential (Apartment),2022-08-01,2024-03-31,K-RERA/PRJ/ERN/145/2022,2022-08-29,9,0,Completed,Ernakulam,NADAMA,Kanayannur
STHIRA AAVAS,STHIRA DEVELOPERS,Villas (Plots & Buildings),2022-07-25,2027-07-19,K-RERA/PRJ/PKD/081/2023,2023-05-11,8,6,Inprogress,Palakkad,PIRIYARI,Palakkad
Sophia Celestia,Joyce  George,Residential (Apartment),2021-11-02,2022-07-20,K-RERA/PRJ/ERN/178/2022,2022-10-28,81,0,Completed,Ernakulam,VAZHAKKALA,Kanayannur
HiLITE PATRAS,HiLITE Builders Pvt Ltd,Residential (Apartment),2022-10-01,2026-09-30,K-RERA/PRJ/KKD/159/2022,2022-10-07,72,63,Completed,Kozhikode,OLAVANNA,Kozhikode
Leela Madhavam Legacy by SI Property,SI Property Kerala Private Limited,Residential (Apartment),2022-09-30,2027-12-31,K-RERA/PRJ/TVM/148/2022,2022-09-03,39,22,Inprogress,Thiruvananthapuram,THIRUMALA,THIRUVANANTHAPRUAM
VICTORIA REALTORS SPANDHANAM II,DHARMIC LIVING PVT LTD,Villas (Plots & Buildings),2022-08-03,2025-08-31,K-RERA/PRJ/PKD/141/2022,2022-08-29,0,14,Completed,Palakkad,PARALI II,Palakkad
HYACINTH VILLAS,INDUS GRATIA CREATIVE HOMES PVT LTD,Villas (Plots & Buildings),2022-11-01,2027-09-30,K-RERA/PRJ/ERN/188/2022,2022-11-16,12,7,Inprogress,Ernakulam,MANAKUNNAM,Kanayannur
THE TECH SQUARE BY FAVOURITE HOMES,FAVOURITE CONSTRUCTIONS PRIVATE LIMITED,Residential (Apartment),2022-08-30,2025-12-31,K-RERA/PRJ/TVM/145/2022,2022-08-30,95,92,Completed,Thiruvananthapuram,KAZHAKOOTTAM,THIRUVANANTHAPRUAM
Hill Homes,New Moon Builders,Residential (Apartment),2021-04-01,2026-04-01,K-RERA/PRJ/IDK/203/2022,2022-12-06,30,25,Completed,Idukki,ELAPPARA,PEERUMADE
SKYLINE ZEN,M/s Skyline Builders,Residential (Apartment),2022-10-15,2027-10-14,K-RERA/PRJ/ERN/150/2022,2022-09-06,44,44,Inprogress,Ernakulam,EDAPPALLY SOUTH,Kanayannur
SUKRUTHA LIVING,PARADISE SENIOR LIVING,Residential (Apartment),2022-10-05,2026-01-16,K-RERA/PRJ/PKD/027/2023,2023-02-08,80,33,Inprogress,Palakkad,PUTHUPPARIYARAM II,Palakkad
FERN KENSINGTON,FERN VALLEY PROJECTS PRIVATE LIMITED,Residential (Apartment),2010-01-05,2025-07-31,K-RERA/PRJ/ERN/193/2023,2023-10-31,167,110,Inprogress,Ernakulam,MARADU,Kanayannur
USHAKIRAN,GANGOTHRI BUILDERS AND DEVELOPERS,Residential (Apartment),2016-03-30,2024-04-30,K-RERA/PRJ/TVM/026/2023,2023-02-07,44,13,Inprogress,Thiruvananthapuram,NEMOM,THIRUVANANTHAPRUAM
V3 ECO VILLAGE 2,Vthree Homes And Infrastructure India Private Limited,Villas (Plots & Buildings),2022-11-01,2026-12-31,K-RERA/PRJ/PKD/075/2023,2023-04-26,29,19,Inprogress,Palakkad,OTTAPALAM I,Ottappalam
Casa Serena by Providence,Providence Lifespace Pvt Ltd,Residential (Apartment),2022-11-15,2025-11-30,K-RERA/PRJ/ERN/170/2022,2022-10-26,16,11,Completed,Ernakulam,ANGAMALY,Aluva
Kalyan Legacy,Kalyan Developers,Residential (Apartment),2022-12-30,2027-10-20,K-RERA/PRJ/KKD/186/2022,2022-11-14,62,56,Inprogress,Kozhikode,KASABA,Kozhikode
REIGATE FINSBURY PARK,REIGATEBUILDERSPRIVATELIMITED,Residential (Apartment),2022-10-27,2026-10-27,K-RERA/PRJ/KKD/181/2022,2022-11-03,60,59,Inprogress,Kozhikode,KASABA,Kozhikode
ASSET NILAAVU,ASSET HOMES PRIVATE LIMITED,Residential (Apartment),2023-04-03,2027-03-31,K-RERA/PRJ/ALP/044/2023,2023-03-03,79,58,Inprogress,Alappuzha,ARYAD SOUTH,Ambalappuzha
SALPA NIRVANA,M/S SALPA ESTATES AND PROPERTIES PVT LTD,Residential (Apartment),2022-02-01,2025-01-31,K-RERA/PRJ/TSR/003/2023,2023-01-06,16,11,Completed,Thrissur,THRISSUR,Thrissur
Sophia Avani,Joyce  George,Residential (Apartment),2021-07-13,2023-11-09,K-RERA/PRJ/ERN/011/2023,2023-01-13,9,0,Completed,Ernakulam,THIRUVANIYOOR,Kunnathunad
Prakriti,Promag Realtors & Developers Pvt Ltd,Plots,2016-07-26,2023-01-20,K-RERA/PRJ/TVM/010/2023,2023-01-13,,9,Completed,Thiruvananthapuram,KARAKULAM,Nedumangad
SECURA CENTRE PERINTHALMANNA,Secura Developers Pvt Ltd,Shops/Office Space (Commercial),2022-12-01,2026-12-01,K-RERA/PRJ/MPM/202/2022,2022-12-05,132,117,Inprogress,Malappuram,PATHAIKKARA,Perinthalmanna
Ghazal White Fort,Ghazal Builders & Developers LLP,Residential (Apartment),2023-01-21,2025-12-25,K-RERA/PRJ/MPM/206/2022,2022-12-15,55,55,Completed,Malappuram,KOTTAKKAL,Tirur
SFS BELLAGIO,SKYLINE FOUNDATIONS AND STRUCTURES PRIVATE LIMITED,Residential (Apartment),2022-12-05,2026-03-31,K-RERA/PRJ/ERN/214/2022,2022-12-23,29,25,Completed,Ernakulam,POONITHURA,Kanayannur
V3 VIVAREA,Vthree Homes And Infrastructure India Private Limited,Villas (Plots & Buildings),2022-09-25,2025-12-31,K-RERA/PRJ/PKD/016/2023,2023-01-24,0,15,Inprogress,Palakkad,CHERPULACHERRY,Ottappalam
VICTORIA REALTORS SAMRRUDDHI,DHARMIC LIVING PVT LTD,Villas (Plots & Buildings),2022-09-19,2026-09-30,K-RERA/PRJ/PKD/176/2022,2022-10-27,28,28,Completed,Palakkad,VANIYAKULAM II,Ottappalam
Hillocks Apartment,Nile Homes Private Limited,Residential (Apartment),2012-03-01,2025-06-30,K-RERA/PRJ/KTM/137/2024,2024-07-12,56,13,Inprogress,Kottayam,KOTTAYAM,Kottayam
MONTANA ESTATES,Malabar Developers Private Limited,Plots,2016-01-20,2037-12-31,K-RERA/PRJ/KKD/013/2023,2023-01-19,,80,Inprogress,Kozhikode,PERUVAYAL,Kozhikode
MERIDIAN HEIGHTS,M MAK BUILDERS LLP,Plots,2022-11-01,2027-12-31,K-RERA/PRJ/MPM/180/2022,2022-11-01,,20,Inprogress,Malappuram,PATHAIKKARA,Perinthalmanna
PINNACLE ALTURA,PINNACLE PROJECTS,Residential (Apartment),2022-10-25,2026-09-30,K-RERA/PRJ/KKD/205/2022,2022-12-13,28,25,Inprogress,Kozhikode,KOTTOOLI,Kozhikode
CASADEL TOWNHILL,CASADEL BUILDERS INDIA PRIVATE LIMITED,Residential (Apartment),2022-10-21,2027-12-26,K-RERA/PRJ/ERN/066/2023,2023-04-20,55,35,Inprogress,Ernakulam,CHOORNIKKARA,Aluva
CASADEL AFTER THE RAIN,CASADEL BUILDERS INDIA PRIVATE LIMITED,Villas (Plots & Buildings),2022-11-21,2028-10-27,K-RERA/PRJ/ERN/211/2022,2022-12-20,16,14,Inprogress,Ernakulam,KUNNATHUNAD,Kunnathunad
The Square,Chothy's Building Promoters Pvt Ltd,Residential (Apartment),2022-10-29,2027-10-28,K-RERA/PRJ/TVM/195/2022,2022-11-26,47,54,Inprogress,Thiruvananthapuram,ATTIPRA,THIRUVANANTHAPRUAM
AC CEEKAYS ENCLAVE,AC CITY PROJECTS PVT LTD,Residential (Apartment),2023-01-01,2025-12-31,K-RERA/PRJ/ERN/201/2022,2022-12-02,16,16,Completed,Ernakulam,ELAMKULAM,Kanayannur
AUREX LIARD,AUREX BUILDERS PVT LTD,Residential (Apartment),2022-12-10,2026-11-30,K-RERA/PRJ/TSR/194/2022,2022-11-26,31,28,Completed,Thrissur,KILLANNUR,Thrissur
The Leaf,NOA PROPERTIES,Plots,2022-11-01,2027-12-31,K-RERA/PRJ/ERN/106/2023,2023-06-17,,1,Inprogress,Ernakulam,KIZHAKKAMBALAM,Kunnathunad
Skyland,Praveen Kumar P,Plots,2019-04-01,2022-08-02,K-RERA/PRJ/TVM/209/2022,2022-12-20,,8,Completed,Thiruvananthapuram,VEILOOR,THIRUVANANTHAPRUAM
EVERGREENS,Chothy's Building Promoters Pvt Ltd,Villas (Plots & Buildings),2022-12-15,2027-12-14,K-RERA/PRJ/TVM/045/2023,2023-03-06,62,62,Inprogress,Thiruvananthapuram,VILAVOORKAL,KATTAKADA
SA CHARIOT,S A Homes,Residential (Apartment),2022-08-31,2025-08-21,K-RERA/PRJ/PKD/071/2023,2023-04-24,16,16,Completed,Palakkad,PALAKKAD-2,Palakkad
PARKA LUXNOVA,PARKA HOMES PRIVATE LIMITED,Residential (Apartment),2023-01-22,2028-01-21,K-RERA/PRJ/TVM/008/2023,2023-01-13,26,0,Inprogress,Thiruvananthapuram,VANCHIYOOR,THIRUVANANTHAPRUAM
VICTORIA REALTORS SANGEETHAM,DHARMIC LIVING PVT LTD,Villas (Plots & Buildings),2022-12-31,2025-12-31,K-RERA/PRJ/PKD/006/2023,2023-01-07,7,5,Completed,Palakkad,ELAPPULY II,Palakkad
Kalyan Horizon,Kalyan Developers,Residential (Apartment),2023-02-01,2027-12-20,K-RERA/PRJ/TVM/033/2023,2023-02-10,100,51,Inprogress,Thiruvananthapuram,KADAKAMPALLY,THIRUVANANTHAPRUAM
ADDRESS ASHRAMAM,ADDRESS BUILDERS AND DEVELOPERS LLP,Residential (Apartment),2023-01-16,2026-03-26,K-RERA/PRJ/KLM/018/2023,2023-01-30,15,11,Completed,Kollam,KOLLAM EAST,Kollam
ASSET EMINENCE,ASSET HOMES PRIVATE LIMITED,Residential (Apartment),2023-01-01,2025-07-31,K-RERA/PRJ/ERN/020/2023,2023-01-31,23,23,Inprogress,Ernakulam,VAZHAKKALA,Kanayannur
SKYLINE CITY LIGHT,M/s Skyline Builders,Residential (Apartment),2023-03-01,2028-02-28,K-RERA/PRJ/TSR/021/2023,2023-02-02,40,39,Inprogress,Thrissur,CHEMBUKAVU,Thrissur
SANTHI MELROSE,ALMARK HOUSING CO PVT LTD,Residential (Apartment),2013-10-01,2023-03-22,K-RERA/PRJ/ERN/008/2024,2024-01-06,12,8,Inprogress,Ernakulam,MARADU,Kanayannur
NATIONAL MAJESTIC,NATIONAL BUILDERS,Residential (Apartment),2022-11-17,2027-12-31,K-RERA/PRJ/ERN/032/2023,2023-02-10,20,8,Inprogress,Ernakulam,EDAPPALLY NORTH,Kanayannur
Landchester Felicita,Landchester Builders India Private Ltd,Mixed (Commercial & Residential),2022-12-12,2027-12-31,K-RERA/PRJ/TSR/215/2022,2022-12-23,61,0,Inprogress,Thrissur,VELAPPAYA,Thrissur
RDS ZEAL,RDS REALTIES LTD,Residential (Apartment),2022-12-15,2026-12-31,K-RERA/PRJ/ERN/216/2022,2022-12-27,32,21,Inprogress,Ernakulam,EDAPPALLY NORTH,Kanayannur
KALARIKKANS K MALL,LICHENBUILDER,Mixed (Commercial & Residential),2016-03-17,2021-01-02,K-RERA/PRJ/ERN/182/2024,2024-09-11,138,138,Completed,Ernakulam,NADAMA,Kanayannur
LANDCHESTER ASTORIA,Landchester Builders India Private Ltd,Mixed (Commercial & Residential),2022-12-31,2027-12-31,K-RERA/PRJ/TSR/079/2023,2023-05-11,68,12,Inprogress,Thrissur,KILLANNUR,Thrissur
VICTORIA REALTORS PUNYAM,DHARMIC LIVING PVT LTD,Villas (Plots & Buildings),2022-12-31,2026-12-31,K-RERA/PRJ/TSR/007/2023,2023-01-09,14,15,Completed,Thrissur,VELOOKKARA,MUKUNDAPURAM
Raja Parks CASA NUEVA,CASA NUEVA VILLAS LLP,Plots,2023-01-23,2026-01-19,K-RERA/PRJ/TVM/056/2023,2023-03-27,,0,Inprogress,Thiruvananthapuram,VARKALA,VARKALA
Anugraha Srishti Kochi,Ei Holdings,Villas (Plots & Buildings),2023-01-15,2028-01-14,K-RERA/PRJ/ERN/051/2023,2023-03-22,25,24,Inprogress,Ernakulam,AIKARANAD NORTH,Kunnathunad
LANDMARK VILLAGE TOWER V,CALICUT LANDMARK BUILDERS AND DEVELOPERS INDIA PRIVATE LIMITED,Residential (Apartment),2023-06-01,2027-12-31,K-RERA/PRJ/KKD/031/2023,2023-02-09,110,14,Inprogress,Kozhikode,KODANCHERY,THAMARASSERY
GOLDEN NEST,PVS Builders & Developers,Residential (Apartment),2023-04-02,2028-04-02,K-RERA/PRJ/KNR/039/2023,2023-02-23,78,23,Inprogress,Kannur,ELAYAVOOR,Kannur
CASLA HOMES DOZEN,M/s Casla Homes LLP,Residential (Apartment),2023-04-01,2028-03-30,K-RERA/PRJ/IDK/055/2023,2023-03-27,12,0,Inprogress,Idukki,THODUPUZHA,Thodupuzha
LANDMARK VILLAGE TOWER VII PHASE II,CALICUT LANDMARK BUILDERS AND DEVELOPERS INDIA PRIVATE LIMITED,Mixed (Commercial & Residential),2018-08-15,2028-06-30,K-RERA/PRJ/231/2020,2023-07-25,386,118,Inprogress,Kozhikode,KODANCHERY,THAMARASSERY
Kalyan Infinity,Kalyan Developers,Mixed (Commercial & Residential),2023-04-30,2027-04-30,K-RERA/PRJ/TSR/062/2023,2023-04-10,75,56,Inprogress,Thrissur,THRISSUR,Thrissur
OMG OLIVIA VILLAS,OMG PROPERTIES PRIVATE LIMITED,Villas (Plots & Buildings),2023-03-16,2028-02-16,K-RERA/PRJ/PKD/132/2023,2023-07-31,11,10,Inprogress,Palakkad,PIRIYARI,Palakkad
DD HIGHWAY HOMES,DESAI'S DREAM RETREAT PRIVATE LIMITED,Residential (Apartment),2023-06-01,2027-12-31,K-RERA/PRJ/ERN/090/2023,2023-05-27,23,0,Inprogress,Ernakulam,MARADU,Kanayannur
Sreepathi Prayag II,SREEPATHI ASSOCIATES BUILDERS & PROMOTERS,Residential (Apartment),2023-04-01,2025-09-01,K-RERA/PRJ/TSR/046/2024,2024-02-21,10,10,Completed,Thrissur,GURUVAYUR,Chavakkad
SIDDHI CHANDRAVILASAM,SIDDHI HOMES,Residential (Apartment),2023-06-01,2028-03-01,K-RERA/PRJ/ERN/085/2023,2023-05-18,23,12,Inprogress,Ernakulam,NADAMA,Kanayannur
ARTECH SREYA,ARTECH REALTORS PRIVATE LIMITED,Residential (Apartment),2013-06-07,2023-06-14,K-RERA/PRJ/TVM/094/2023,2023-05-29,75,75,Completed,Thiruvananthapuram,VANCHIYOOR,THIRUVANANTHAPRUAM
VICTORIA REALTORS NAYANAM,DHARMIC LIVING PVT LTD,Villas (Plots & Buildings),2023-04-15,2026-04-30,K-RERA/PRJ/PKD/064/2023,2023-04-20,6,6,Completed,Palakkad,PARALI II,Palakkad
ADORA AVRITI,ADORA HOMES PRIVATE LIMITED,Residential (Apartment),2022-12-15,2026-12-31,K-RERA/PRJ/TSR/134/2022,2022-08-16,37,37,Inprogress,Thrissur,ARANATTUKARA,Thrissur
VARMA URBAN HEIGHTS,VARMA HOMES PRIVATE LIMITED,Residential (Apartment),2022-10-28,2027-09-30,K-RERA/PRJ/ERN/136/2022,2022-08-17,20,16,Inprogress,Ernakulam,ELAMKULAM,Kanayannur
ARTECH PANORAMA,ARTECH REALTORS PRIVATE LIMITED,Residential (Apartment),2022-08-17,2027-12-31,K-RERA/PRJ/TVM/121/2022,2022-07-18,99,85,Inprogress,Thiruvananthapuram,SASTHAMANGALAM,THIRUVANANTHAPRUAM
Vattapara Green woods,JOSH  KURIAKOSE,Plots,2022-08-10,2023-03-31,K-RERA/PRJ/TVM/168/2022,2022-10-17,,1,Completed,Thiruvananthapuram,VATTAPPARA,Nedumangad
ARTECH FLORENZA,ARTECH REALTORS PRIVATE LIMITED,Residential (Apartment),2012-03-01,2018-02-20,K-RERA/PRJ/TVM/154/2022,2022-09-22,86,86,Completed,Thiruvananthapuram,PATTOM,THIRUVANANTHAPRUAM
VARMA CRYSTAL,VARMA HOMES PRIVATE LIMITED,Residential (Apartment),2023-11-01,2028-10-31,K-RERA/PRJ/ERN/103/2023,2023-06-17,32,31,Inprogress,Ernakulam,NADAMA,Kanayannur
VARMA HARMONY,VARMA HOMES PRIVATE LIMITED,Residential (Apartment),2023-04-15,2028-03-30,K-RERA/PRJ/ERN/028/2023,2023-02-09,27,27,Inprogress,Ernakulam,EDAPPALLY NORTH,Kanayannur
VARMA FICUS,VARMA HOMES PRIVATE LIMITED,Residential (Apartment),2023-07-01,2028-06-30,K-RERA/PRJ/ERN/073/2023,2023-04-26,33,30,Inprogress,Ernakulam,EDAPPALLY SOUTH,Kanayannur
Glenwood,Mesco Realtors LLP,Residential (Apartment),2022-06-20,2027-07-31,K-RERA/PRJ/KKD/147/2022,2022-09-02,43,37,Inprogress,Kozhikode,KACHERY,Kozhikode
DD GALLERIA,DESAI HOMES,Residential (Apartment),2023-07-01,2028-12-31,K-RERA/PRJ/TVM/154/2023,2023-09-07,126,80,Inprogress,Thiruvananthapuram,VEILOOR,THIRUVANANTHAPRUAM
Chithanya,Angleplus Projects Pvt Ltd,Residential (Apartment),2015-06-10,2018-06-10,K-RERA/PRJ/ERN/023/2023,2023-02-02,12,12,Completed,Ernakulam,NADAMA,Kanayannur
SOBHA MEADOWS WHISPERING HILL,SOBHA LIMITED,Residential (Apartment),2022-12-31,2027-12-31,K-RERA/PRJ/TVM/142/2022,2022-08-29,98,96,Inprogress,Thiruvananthapuram,CHERUVAKKAL,THIRUVANANTHAPRUAM
OMG SILVERCREST VILLAS,OMG PROPERTIES PRIVATE LIMITED,Villas (Plots & Buildings),2022-08-25,2027-08-25,K-RERA/PRJ/PKD/012/2023,2023-01-19,31,19,Inprogress,Palakkad,MARUTHUROAD,Palakkad
VISHRAAM LIMELITE,VISHRAAM BUILDERS,Residential (Apartment),2022-11-01,2027-10-31,K-RERA/PRJ/TSR/183/2022,2022-11-05,82,47,Inprogress,Thrissur,VIYYUR,Thrissur
VISWAM GREEN FIELD,AARJAY DWELLINGS,Residential (Apartment),2015-12-21,2018-08-31,K-RERA/PRJ/TVM/109/2023,2023-06-19,12,12,Completed,Thiruvananthapuram,KAZHAKOOTTAM,THIRUVANANTHAPRUAM
The World Apartment,NEST Realties India Private Limited,Residential (Apartment),2011-02-01,2023-04-30,K-RERA/PRJ/016/2022,2022-10-17,144,81,Inprogress,Ernakulam,KEEZHMAD,Aluva
BUTTERFLY GARDENS,SWASTHI HOMES,Residential (Apartment),2022-09-15,2025-09-15,K-RERA/PRJ/ERN/182/2022,2022-11-03,12,3,Completed,Ernakulam,THEKKUMBHAGOM KANAYANNUR,Kanayannur
ASSET WINSIDE,ASSET HOMES PRIVATE LIMITED,Residential (Apartment),2022-09-15,2026-11-30,K-RERA/PRJ/TSR/179/2022,2022-10-31,72,56,Inprogress,Thrissur,KILLANNUR,Thrissur
STORIES IN THE SKY,ICLOUD HOMES PRIVATE LIMITED,Residential (Apartment),2022-09-16,2026-09-15,K-RERA/PRJ/TVM/153/2022,2022-09-15,96,46,Inprogress,Thiruvananthapuram,CHERUVAKKAL,THIRUVANANTHAPRUAM
ANTA - HARMONY,ANTA BUILDERS & DEVELOPERS PVT LTD,Villas (Plots & Buildings),2019-01-01,2024-12-31,K-RERA/PRJ/ERN/190/2022,2022-11-19,8,3,Inprogress,Ernakulam,ELAMKULAM,Kanayannur
HIGHNESS HOME DALE,HIGHNESS APARTMENTS PRIVATE LIMITED,Residential (Apartment),2023-09-06,2027-09-06,K-RERA/PRJ/ERN/096/2023,2023-06-02,57,0,Inprogress,Ernakulam,KIZHAKKAMBALAM,Kunnathunad
ARTECH LATTITUDE,ARTECH REALTORS PRIVATE LIMITED,Residential (Apartment),2023-08-21,2028-08-21,K-RERA/PRJ/TVM/123/2023,2023-07-21,305,123,Inprogress,Thiruvananthapuram,ULOOR,THIRUVANANTHAPRUAM
ASSET ZENITH,ASSET HOMES PRIVATE LIMITED,Residential (Apartment),2023-08-16,2027-08-14,K-RERA/PRJ/KKD/133/2023,2023-08-02,52,51,Inprogress,Kozhikode,KOTTOOLI,Kozhikode
TBPL ARCADE,Thrissur Builders Private Limited,Mixed (Commercial & Residential),2017-10-13,2022-10-26,K-RERA/PRJ/TSR/118/2023,2023-06-30,12,7,Completed,Thrissur,THRISSUR,Thrissur
ROYAL PINE,Malabar Developers Private Limited,Residential (Apartment),2016-04-01,2021-01-13,K-RERA/PRJ/KKD/120/2023,2023-07-07,122,0,Completed,Kozhikode,KASABA,Kozhikode
MUTHOOT CAPITAL VIEW,MUTHOOT HOUSING AND INFRASTRUCTURE,Residential (Apartment),2008-09-02,2024-01-01,K-RERA/PRJ/TVM/185/2023,2023-10-18,52,0,Inprogress,Thiruvananthapuram,THYCAUD,THIRUVANANTHAPRUAM
ASSET THE GRAND ENTRY,ASSET HOMES PRIVATE LIMITED,Residential (Apartment),2023-12-15,2027-12-14,K-RERA/PRJ/ERN/211/2023,2023-11-18,59,35,Inprogress,Ernakulam,EDAPPALLY NORTH,Kanayannur
SHANOOR RAINBOW HEIGHTS,SHANOOR PROJECTS AND REALTORS PVT LTD,Residential (Apartment),2023-07-01,2029-06-30,K-RERA/PRJ/TVM/117/2023,2023-06-30,62,22,Inprogress,Thiruvananthapuram,PANGAPARA,THIRUVANANTHAPRUAM
MORE THAN WORDS,iSPOTZ DEVELOPERS LLP,Plots,2023-07-01,2026-12-31,K-RERA/PRJ/TVM/136/2023,2023-08-04,,63,Completed,Thiruvananthapuram,CHERUVAKKAL,THIRUVANANTHAPRUAM
SHIVADAM,Rockshield Realtors and Developers Pvt Ltd,Residential (Apartment),2019-12-12,2026-06-30,K-RERA/PRJ/TSR/190/2023,2023-10-27,8,7,Inprogress,Thrissur,GURUVAYUR,Chavakkad
HEATHER FELICITY,Heather Homes Private Limited,Residential (Apartment),2023-09-01,2027-02-28,K-RERA/PRJ/TVM/121/2023,2023-07-10,28,7,Inprogress,Thiruvananthapuram,KOWDIAR,THIRUVANANTHAPRUAM
EVALIA - Paul Alukkas Developers,Paul Alukkas Developers Pvt Ltd,Residential (Apartment),2015-11-12,2018-11-09,K-RERA/PRJ/ERN/218/2023,2023-11-23,55,39,Completed,Ernakulam,ERNAKULAM,Kanayannur
TRINITY UP TOWN,TRINITY ARCADE PVT LTD,Residential (Apartment),2023-07-15,2028-06-30,K-RERA/PRJ/ERN/135/2023,2023-08-04,48,36,Inprogress,Ernakulam,EDAPPALLY SOUTH,Kanayannur
TALENVISTA VILLAS PHASE 1,TALENMARK PROPERTIES LLP,Villas (Plots & Buildings),2023-08-28,2027-12-31,K-RERA/PRJ/KKD/005/2024,2024-01-03,64,7,Inprogress,Kozhikode,KODANCHERY,THAMARASSERY
FYFFAR REGALIA,Fyffar Infra Projects LLP,Residential (Apartment),2011-10-01,2024-10-31,K-RERA/PRJ/TSR/146/2023,2023-08-11,89,75,Inprogress,Thrissur,THRISSUR,Thrissur
Fern Silver Springs,Fern Valley Estates And Projects,Residential (Apartment),2015-01-01,2021-04-08,K-RERA/PRJ/ERN/134/2025,2025-10-08,81,36,Inprogress,Ernakulam,KEEZHMAD,Aluva
VEEGALAND GREEN HEIGHTS,VEEGALAND DEVELOPERS PRIVATE LIMITED,Residential (Apartment),2023-10-09,2028-08-30,K-RERA/PRJ/ERN/182/2023,2023-10-16,141,141,Inprogress,Ernakulam,THEKKUMBHAGOM KANAYANNUR,Kanayannur
DD EMERALD GARDENS,DESAI HOMES PROPERTIES PRIVATE LIMITED,Residential (Apartment),2023-08-15,2028-12-31,K-RERA/PRJ/TSR/129/2023,2023-07-27,188,69,Inprogress,Thrissur,OLLUR,Thrissur
VEEGALAND MAYBELL,VEEGALAND DEVELOPERS PRIVATE LIMITED,Residential (Apartment),2023-10-01,2027-12-31,K-RERA/PRJ/ERN/170/2023,2023-09-23,84,84,Inprogress,Ernakulam,VAZHAKKALA,Kanayannur
Blessed Arcade,Beno  Varughese,Mixed (Commercial & Residential),2023-11-01,2026-03-31,K-RERA/PRJ/PTA/165/2023,2023-09-18,41,10,Inprogress,Pathanamthitta,THIRUVALLA,Thiruvalla
OCEAN PEARL,J S HOMES,Villas (Plots & Buildings),2019-03-11,2024-03-31,K-RERA/PRJ/TVM/111/2023,2023-06-23,18,18,Inprogress,Thiruvananthapuram,THIRUVALLAM,THIRUVANANTHAPRUAM
DREAMFLOWER VELVETUDE - 4,DREAM FLOWER HOUSING PROJECTS PVT LTD,Residential (Apartment),2023-03-01,2026-03-31,K-RERA/PRJ/ERN/036/2023,2023-02-23,36,26,Inprogress,Ernakulam,THRIKKAKARA NORTH,Kanayannur
ASSET SAMSKRITI,ASSET HOMES PRIVATE LIMITED,Residential (Apartment),2023-03-15,2027-03-15,K-RERA/PRJ/ERN/047/2023,2023-03-13,29,22,Inprogress,Ernakulam,ERNAKULAM,Kanayannur
VARMA KOVILAKAM,VARMA HOMES PRIVATE LIMITED,Residential (Apartment),2026-04-15,2031-04-14,K-RERA/PRJ/ERN/003/2026,2026-01-12,57,17,Inprogress,Ernakulam,THEKKUMBHAGOM KANAYANNUR,Kanayannur
ASSET WINCHESTER,ASSET HOMES PRIVATE LIMITED,Residential (Apartment),2024-01-15,2028-01-15,K-RERA/PRJ/KTM/235/2023,2023-12-18,16,8,Inprogress,Kottayam,PEROOR,Kottayam
SOBHA METROPOLIS - PHASE 2,M/S SOBHA HIGHRISE VENTURES PRIVATE LIMITED,Residential (Apartment),2023-06-30,2028-06-30,K-RERA/PRJ/TSR/101/2023,2023-06-13,92,90,Inprogress,Thrissur,OLLUR,Thrissur
7ELYSEE HOMES,Raasi Homes India Private Limited,Residential (Apartment),2022-08-01,2027-02-25,K-RERA/PRJ/TSR/058/2023,2023-03-29,7,0,Completed,Thrissur,VILVATTOM,Thrissur
ASSET ELAN CASA,ASSET HOMES PRIVATE LIMITED,Residential (Apartment),2023-05-03,2027-05-31,K-RERA/PRJ/KKD/053/2023,2023-03-23,36,28,Inprogress,Kozhikode,CHEVAYUR,Kozhikode
Maple Leaf,Joyce  George,Residential (Apartment),2021-11-29,2024-11-30,K-RERA/PRJ/ERN/070/2023,2023-04-24,12,0,Completed,Ernakulam,ELOOR,Paravur
V3 SPARROWS NEST,Vthree Homes And Infrastructure India Private Limited,Villas (Plots & Buildings),2023-04-01,2028-01-31,K-RERA/PRJ/PKD/214/2023,2023-11-20,0,0,Inprogress,Palakkad,OTTAPALAM I,Ottappalam
Anugraha Srishti,Ei Holdings,Villas (Plots & Buildings),2019-09-30,2028-01-14,K-RERA/PRJ/ERN/089/2023,2023-05-25,40,39,Inprogress,Ernakulam,AIKARANAD NORTH,Kunnathunad
Kalyan Paramount,Kalyan Developers,Residential (Apartment),2023-05-31,2028-03-24,K-RERA/PRJ/ERN/161/2023,2023-09-14,64,36,Inprogress,Ernakulam,ELAMKULAM,Kanayannur
Sustainable Village,Green Collective Projects Pvt Ltd,Plots,2023-06-01,2028-05-31,K-RERA/PRJ/TVM/127/2023,2023-07-26,,0,Completed,Thiruvananthapuram,VATTAPPARA,Nedumangad
ISLAND VALLEY,SREE MOUNT BUILDERS & DEVELOPERS PVT LTD,Residential (Apartment),2023-06-01,2026-06-30,K-RERA/PRJ/ERN/119/2023,2023-07-07,12,4,Inprogress,Ernakulam,KUNNATHUNAD,Kunnathunad
HYBA BLOOM,Vasco Square Builders and Developers,Plots,2023-04-28,2024-04-27,K-RERA/PRJ/KKD/093/2023,2023-05-27,,9,Completed,Kozhikode,CHELAVUR,Kozhikode
CARISTO,INHOUSE PROJECTS INDIA PRIVATE LIMITED,Villas (Plots & Buildings),2023-04-01,2026-03-31,K-RERA/PRJ/ERN/139/2023,2023-08-07,73,2,Inprogress,Ernakulam,VENGOLA,Kunnathunad
SURAKSHA THE BANK RETIREES COMMUNITY LIVING,SURAKSHA THE BANK RETIREES COMMUNITY LIVING,Villas (Plots & Buildings),2023-05-18,2028-05-17,K-RERA/PRJ/TVM/144/2023,2023-08-09,26,26,Inprogress,Thiruvananthapuram,NELLANAD,Nedumangad
ARCON SERENE,ARCON HOME BUILDERS PRIVATE LIMITED,Residential (Apartment),2023-06-19,2027-06-30,K-RERA/PRJ/TVM/105/2023,2023-06-17,33,10,Inprogress,Thiruvananthapuram,KOWDIAR,THIRUVANANTHAPRUAM
PSN Lotus,PSN Homes Pvt Ltd,Residential (Apartment),2023-04-25,2024-05-31,K-RERA/PRJ/ERN/126/2023,2023-07-26,10,0,Completed,Ernakulam,KAKKANAD,Kanayannur
RAHMA APARTMENTS,SALAMCHOLLI ABDUL SALAM,Residential (Apartment),2016-06-25,2023-06-06,K-RERA/PRJ/KNR/227/2023,2023-12-05,13,13,Completed,Kannur,ELAYAVOOR,Kannur
SUN SPRING HILL VILLA,SUN PROJECTS INDIA PRIVATE LIMITED,Villas (Plots & Buildings),2022-10-25,2028-08-01,K-RERA/PRJ/TVM/172/2023,2023-09-23,0,8,Inprogress,Thiruvananthapuram,VATTAPPARA,Nedumangad
DREAMS MALL,DESINGANADU RAPID DEVELOPMENT and ASSISTANCE CO OPERATIVE SOCIETY LTD,Residential (Apartment),2019-06-01,2024-03-31,K-RERA/PRJ/KLM/011/2024,2024-01-10,24,0,Completed,Kollam,MAYYANAD,Kollam
AMPLE,REDPORCH NEST PVT LTD,Plots,2023-09-01,2028-08-07,K-RERA/PRJ/ERN/057/2024,2024-03-12,,6,Inprogress,Ernakulam,MARADU,Kanayannur
PRIME MERIDIAN REEF,MERITRA HOMES PVT LTD,Residential (Apartment),2023-10-16,2028-08-17,K-RERA/PRJ/ERN/167/2023,2023-09-19,20,12,Inprogress,Ernakulam,EDAKOCHI,Kochi
EVER BY FAVOURITE HOMES,FAVOURITE CONSTRUCTIONS PRIVATE LIMITED,Residential (Apartment),2023-09-11,2026-10-26,K-RERA/PRJ/TVM/164/2023,2023-09-16,38,14,Inprogress,Thiruvananthapuram,THYCAUD,THIRUVANANTHAPRUAM
SULTANS OF SWING,ICLOUD HOMES PRIVATE LIMITED,Residential (Apartment),2023-10-16,2027-10-14,K-RERA/PRJ/TVM/197/2023,2023-11-02,84,39,Inprogress,Thiruvananthapuram,SASTHAMANGALAM,THIRUVANANTHAPRUAM
URBANSPACE,PRISUNIC BUILDERS PVT LTD,Residential (Apartment),2023-10-15,2026-12-31,K-RERA/PRJ/KKD/189/2023,2023-10-27,24,24,Inprogress,Kozhikode,NELLIKODE,Kozhikode
Indraneelam Infinia,Indraneelam Builders,Residential (Apartment),2024-04-01,2029-10-01,K-RERA/PRJ/TSR/063/2024,2024-03-20,40,19,Inprogress,Thrissur,AYYANTHOLE,Thrissur
Neamath Pearl,Neamath Realty Private Ltd,Villas (Plots & Buildings),2023-10-01,2028-11-30,K-RERA/PRJ/PKD/177/2023,2023-10-07,20,20,Inprogress,Palakkad,OTTAPALAM I,Ottappalam
VICTORIA REALTORS SAROVARAM,DHARMIC LIVING PVT LTD,Plots,2023-10-20,2028-10-31,K-RERA/PRJ/PKD/186/2023,2023-10-27,,0,Completed,Palakkad,AMBALAPPARA II,Ottappalam
WINSOME GARDENS,CASA VISTA CONSTRUCTIONS PVT LTD,Plots,2023-10-05,2024-10-05,K-RERA/PRJ/TVM/225/2023,2023-12-05,,15,Completed,Thiruvananthapuram,AYIROOPARA,THIRUVANANTHAPRUAM
Bhavans Laurel Greens,Bhavans Starco Builders LLP,Villas (Plots & Buildings),2023-12-01,2028-06-17,K-RERA/PRJ/TSR/205/2023,2023-11-16,12,0,Inprogress,Thrissur,PERAMANGALAM,Thrissur
WHERE DREAMS BEGIN,ICLOUD HOMES PRIVATE LIMITED,Residential (Apartment),2023-12-01,2026-11-30,K-RERA/PRJ/TVM/206/2023,2023-11-16,40,29,Inprogress,Thiruvananthapuram,PATTOM,THIRUVANANTHAPRUAM
OMG LAVENDER,OMG PROPERTIES PRIVATE LIMITED,Villas (Plots & Buildings),2023-11-30,2028-11-30,K-RERA/PRJ/ERN/034/2024,2024-02-12,14,2,Inprogress,Ernakulam,ANGAMALY,Aluva
GREEN HILLS,BTF Developers,Plots,2023-06-28,2024-03-28,K-RERA/PRJ/ERN/220/2023,2023-11-27,,10,Completed,Ernakulam,KUNNATHUNAD,Kunnathunad
MYS REGENT,MYS CONSTRUCTIONS,Residential (Apartment),2024-01-01,2027-01-04,K-RERA/PRJ/TVM/264/2024,2024-12-30,16,0,Inprogress,Thiruvananthapuram,KUDAPPANAKUNNU,THIRUVANANTHAPRUAM
PRS WINDY WOODS,PRS BUILD INDIA PRIVATE LIMITED,Residential (Apartment),2024-01-01,2028-12-31,K-RERA/PRJ/TVM/044/2024,2024-02-16,46,16,Inprogress,Thiruvananthapuram,CHERUVAKKAL,THIRUVANANTHAPRUAM
ANANTA LIVING - DHARANI,BUILTECH HOUSING LLP,Residential (Apartment),2023-12-17,2028-04-29,K-RERA/PRJ/PKD/032/2024,2024-02-12,95,6,Inprogress,Palakkad,MANKARA,Palakkad
CONFIDENT HERITAGE,Confident Projects Residential,Residential (Apartment),2023-12-15,2028-12-15,K-RERA/PRJ/ERN/222/2023,2023-12-05,68,52,Inprogress,Ernakulam,FORT KOCHI,Kochi
SANROYAL HESTIA,SANROYAL BUILDERS AND CONTRACTORS PVT LTD,Residential (Apartment),2023-08-20,2029-04-14,K-RERA/PRJ/TVM/002/2024,2024-01-01,78,27,Inprogress,Thiruvananthapuram,AYIROOPARA,THIRUVANANTHAPRUAM
KAIRALI ANOKHA GARDENS,Kairali Home Apartments and Villas Pvt Ltd,Villas (Plots & Buildings),2022-07-16,2026-08-30,K-RERA/PRJ/TSR/160/2022,2022-10-07,18,11,Inprogress,Thrissur,CHITTILAPPILLY,Thrissur
Urbanscape Solitaire,Urbanscape Properties LLP,Residential (Apartment),2022-11-10,2026-11-10,K-RERA/PRJ/TVM/192/2022,2022-11-26,62,45,Inprogress,Thiruvananthapuram,VATTIYOORKAVU,THIRUVANANTHAPRUAM
VICTORIA REALTORS NAADAM,DHARMIC LIVING PVT LTD,Plots,2022-10-05,2026-10-30,K-RERA/PRJ/PKD/175/2022,2022-10-27,,12,Inprogress,Palakkad,KUZHALMANDHAM II,ALATHUR
THE SPRING DALE BY FAVOURITE HOMES,FAVOURITE CONSTRUCTIONS PRIVATE LIMITED,Mixed (Commercial & Residential),2022-10-11,2026-03-30,K-RERA/PRJ/TVM/166/2022,2022-10-17,67,51,Completed,Thiruvananthapuram,CHERUVAKKAL,THIRUVANANTHAPRUAM
OMG SOVEREIGN VILLAS,OMG PROPERTIES PRIVATE LIMITED,Villas (Plots & Buildings),2022-10-15,2027-10-31,K-RERA/PRJ/ERN/077/2023,2023-05-02,16,16,Inprogress,Ernakulam,KARUKUTTY,Aluva
AJL SERENE VALLEY,AJL HOMES,Villas (Plots & Buildings),2022-11-01,2027-09-30,K-RERA/PRJ/ERN/009/2023,2023-01-13,56,35,Inprogress,Ernakulam,ALUVA EAST,Aluva
VARMA GARDENIA,VARMA HOMES PRIVATE LIMITED,Residential (Apartment),2023-12-01,2028-11-30,K-RERA/PRJ/ERN/142/2023,2023-08-08,28,14,Inprogress,Ernakulam,POONITHURA,Kanayannur
ASIAN ALORA,ASIAN DEVELOPERS,Residential (Apartment),2020-12-07,2025-12-07,K-RERA/PRJ/ERN/001/2023,2023-01-05,12,8,Inprogress,Ernakulam,CHERANALLUR,Kanayannur
Neamath Brookfield,Neamath Realty Private Ltd,Villas (Plots & Buildings),2022-12-01,2027-11-30,K-RERA/PRJ/PKD/052/2023,2023-03-22,20,20,Completed,Palakkad,PARALI II,Palakkad
VICTORIA REALTORS PRANAVAM,DHARMIC LIVING PVT LTD,Villas (Plots & Buildings),2022-12-10,2025-12-31,K-RERA/PRJ/TVM/017/2023,2023-01-27,10,10,Completed,Thiruvananthapuram,AYIROOPARA,THIRUVANANTHAPRUAM
VARMA SYMPHONY,VARMA HOMES PRIVATE LIMITED,Residential (Apartment),2023-11-01,2029-10-31,K-RERA/PRJ/ERN/113/2023,2023-06-26,26,18,Inprogress,Ernakulam,EDAPPALLY NORTH,Kanayannur
ARCON ANANT,ARCON HOME DEVELOPERS PVT LTD,Villas (Plots & Buildings),2022-10-28,2026-12-28,K-RERA/PRJ/TVM/005/2023,2023-01-07,11,11,Completed,Thiruvananthapuram,MENAMKULAM,THIRUVANANTHAPRUAM
PIMENTO GARDEN,Synthite Industries Pvt Ltd,Residential (Apartment),2022-04-19,2027-04-18,K-RERA/PRJ/ERN/084/2023,2023-05-17,26,8,Inprogress,Ernakulam,POONITHURA,Kanayannur
KENT BAYWATCH SUITES,Kent Constructions Pvt Ltd,Residential (Apartment),2014-04-10,2018-09-10,K-RERA/PRJ/ERN/108/2023,2023-06-17,100,58,Completed,Ernakulam,EDAKOCHI,Kochi
ALPINE HEIGHTS,Alpine Homes,Residential (Apartment),2009-09-29,2023-12-30,K-RERA/PRJ/PTA/040/2023,2023-02-23,20,4,Completed,Pathanamthitta,KUTTAPUZHA,Thiruvalla
Royal View,Biju K Skaria,Residential (Apartment),2022-11-01,2024-10-31,K-RERA/PRJ/TVM/042/2023,2023-03-03,9,3,Completed,Thiruvananthapuram,MUTTATHARA,THIRUVANANTHAPRUAM
GREEN COUNTY,Malabar Developers Private Limited,Plots,2011-02-14,2033-12-31,K-RERA/PRJ/KKD/091/2023,2023-05-27,,42,Inprogress,Kozhikode,PERUVAYAL,Kozhikode
SHANOOR RAINBOW CITY,SHANOOR PROJECTS AND REALTORS PVT LTD,Villas (Plots & Buildings),2023-02-01,2030-12-31,K-RERA/PRJ/TVM/102/2023,2023-06-17,7,6,Inprogress,Thiruvananthapuram,PANGAPARA,THIRUVANANTHAPRUAM
Kairali Peace Manor,Kairali Constructions Pvt Ltd,Villas (Plots & Buildings),2022-11-16,2027-11-16,K-RERA/PRJ/KTM/082/2023,2023-05-17,16,0,Inprogress,Kottayam,NATTAKOM,Kottayam
VICTORIA REALTORS SOUPARNIKA,DHARMIC LIVING PVT LTD,Villas (Plots & Buildings),2023-03-01,2026-02-28,K-RERA/PRJ/PKD/125/2023,2023-07-25,11,11,Completed,Palakkad,KANNADI I,Palakkad
VICTORIA REALTORS VANDHANAM THIRD PHASE,DHARMIC LIVING PVT LTD,Villas (Plots & Buildings),2023-06-30,2027-06-30,K-RERA/PRJ/TSR/131/2023,2023-07-27,33,33,Completed,Thrissur,VELUR,KUNNAMKULAM
THE NEXT PRODIGY,CASADEL PROPERTIES PRIVATE LIMITED,Residential (Apartment),2023-07-20,2029-10-10,K-RERA/PRJ/ERN/174/2023,2023-09-30,74,47,Inprogress,Ernakulam,PUTHENCRUZ,Kunnathunad
ARC BY SREEDHNAYA,Sree Dhanya Homes Pvt ltd,Residential (Apartment),2023-08-01,2029-07-31,K-RERA/PRJ/TVM/122/2023,2023-07-21,52,37,Inprogress,Thiruvananthapuram,SASTHAMANGALAM,THIRUVANANTHAPRUAM
GLOBAL MISTY HILLS,GLOBAL HABITAT PRIVATE LIMITED,Villas (Plots & Buildings),2023-07-10,2026-12-31,K-RERA/PRJ/KKD/128/2023,2023-07-27,23,10,Inprogress,Kozhikode,KURUVATTOOR,Kozhikode
CASADEL TOWNCASTLE,CASADEL BUILDERS INDIA PRIVATE LIMITED,Mixed (Commercial & Residential),2023-09-25,2027-12-26,K-RERA/PRJ/ERN/147/2023,2023-08-14,49,17,Inprogress,Ernakulam,THRIKKAKARA NORTH,Kanayannur
ROYAL PEARLS,OMG PROPERTIES PRIVATE LIMITED,Plots,2023-07-28,2028-07-24,K-RERA/PRJ/TSR/141/2023,2023-08-08,,3,Inprogress,Thrissur,KUTTOOR THRISSUR,Thrissur
ASSET SREYAS,ASSET HOMES PRIVATE LIMITED,Residential (Apartment),2023-11-13,2027-11-12,K-RERA/PRJ/ERN/196/2023,2023-11-02,74,26,Inprogress,Ernakulam,CHERANALLUR,Kanayannur
ROYALE COURTYARD,MOTIF BUILDERS AND DEVELOPERS Pvt Ltd,Residential (Apartment),2007-12-11,2025-11-24,K-RERA/PRJ/ERN/060/2024,2024-03-12,53,38,Inprogress,Ernakulam,THRIKKAKARA NORTH,Kanayannur
CONFIDENT SILVEROAK,Confident Projects Residential,Residential (Apartment),2023-11-15,2028-11-14,K-RERA/PRJ/KTM/150/2023,2023-09-07,142,61,Inprogress,Kottayam,VIJAYAPURAM,Kottayam
Anugraha Srishti Kochi - II,Ei Holdings,Villas (Plots & Buildings),2023-08-05,2028-08-04,K-RERA/PRJ/ERN/151/2023,2023-09-07,5,5,Inprogress,Ernakulam,AIKARANAD NORTH,Kunnathunad
GREENLAND HIILTOP,Greenland Properties and devolopers,Villas (Plots & Buildings),2021-11-20,2022-12-16,K-RERA/PRJ/ERN/026/2024,2024-01-29,9,9,Completed,Ernakulam,VENGOLA,Kunnathunad
SOBHA METROPOLIS - PHASE 3,M/S SOBHA HIGHRISE VENTURES PRIVATE LIMITED,Residential (Apartment),2023-12-31,2028-12-31,K-RERA/PRJ/TSR/191/2023,2023-10-30,160,128,Inprogress,Thrissur,OLLUR,Thrissur
RABBIT HABITAT,Venkateshwara Realtors,Villas (Plots & Buildings),2024-01-22,2026-11-30,K-RERA/PRJ/ERN/042/2024,2024-02-16,10,0,Inprogress,Ernakulam,THIRUVANIYOOR,Kunnathunad
AUREOLE VILLAS,INDUS GRATIA CREATIVE HOMES PVT LTD,Residential (Apartment),2023-10-25,2028-12-01,K-RERA/PRJ/ERN/215/2023,2023-11-21,12,3,Inprogress,Ernakulam,THIRUVANKULAM,Kanayannur
VEEGALAND GREEN FORT,VEEGALAND DEVELOPERS PRIVATE LIMITED,Residential (Apartment),2023-12-01,2027-08-31,K-RERA/PRJ/ERN/213/2023,2023-11-20,54,54,Inprogress,Ernakulam,THIRUVANKULAM,Kanayannur
NOEL PEACE,NOEL VILLAS AND APARTMENTS,Residential (Apartment),2024-01-01,2027-03-31,K-RERA/PRJ/ERN/180/2023,2023-10-12,59,57,Inprogress,Ernakulam,VAZHAKKALA,Kanayannur
TULSI LALITA,TULSI DEVELOPERS INDIA PRIVATE LIMITED,Residential (Apartment),2024-06-15,2028-10-20,K-RERA/PRJ/ERN/077/2024,2024-04-12,22,0,Inprogress,Ernakulam,EDAPPALLY NORTH,Kanayannur
ASIAN ALLEGRA,ASIAN DEVELOPERS,Residential (Apartment),2015-10-14,2023-09-05,K-RERA/PRJ/ERN/217/2023,2023-11-23,16,16,Completed,Ernakulam,MARADU,Kanayannur
BLUE DIAMOND,JS HOMES,Villas (Plots & Buildings),2023-10-10,2028-10-09,K-RERA/PRJ/TVM/003/2024,2024-01-01,14,13,Inprogress,Thiruvananthapuram,MENAMKULAM,THIRUVANANTHAPRUAM
SCOTLAND YARD VILLAS,GREENTECH BUILDERS,Villas (Plots & Buildings),2019-12-31,2028-08-31,K-RERA/PRJ/ERN/103/2024,2024-05-24,33,32,Inprogress,Ernakulam,KUNNATHUNAD,Kunnathunad
DOWNTOWN BY VARMA,VARMA HOMES PRIVATE LIMITED,Residential (Apartment),2024-09-01,2029-09-05,K-RERA/PRJ/TSR/110/2024,2024-06-03,39,30,Inprogress,Thrissur,CHEMBUKAVU,Thrissur
DREAMFLOWER AURELIUS,DREAM FLOWER HOUSING PROJECTS PVT LTD,Residential (Apartment),2023-05-01,2026-05-31,K-RERA/PRJ/ERN/072/2023,2023-04-26,24,17,Completed,Ernakulam,EDAPPALLY NORTH,Kanayannur
RAY GRAND,ANIL KUMAR  N,Plots,2023-05-01,2027-03-10,K-RERA/PRJ/TVM/006/2024,2024-01-05,,9,Inprogress,Thiruvananthapuram,ULIYAZHATHURA,THIRUVANANTHAPRUAM
SREEROSH LAURELS,SREEROSH DEVELOPERS PVT LTD,Residential (Apartment),2023-04-01,2026-12-31,K-RERA/PRJ/KNR/068/2023,2023-04-24,50,50,Inprogress,Kannur,PALLIKKUNNU,Kannur
GREENLAND HILLVIEW,GREENLAND HILLVIEW,Villas (Plots & Buildings),2022-11-28,2029-12-31,K-RERA/PRJ/ERN/116/2023,2023-06-30,61,2,Inprogress,Ernakulam,KOOVAPPADY,Kunnathunad
CASA BELLEZA,ETHER BUILDERS AND DEVELOPERS LLP,Villas (Plots & Buildings),2017-10-20,2026-12-01,K-RERA/PRJ/KKD/039/2024,2024-02-13,32,20,Inprogress,Kozhikode,KUTTIKKATTOOR,Kozhikode
CONFIDENT SUNFLOWER,Confident Projects Residential,Residential (Apartment),2023-07-01,2028-06-30,K-RERA/PRJ/ERN/087/2023,2023-05-25,63,53,Inprogress,Ernakulam,EDAPPALLY SOUTH,Kanayannur
SFS WHISPERING HILLS,SKYLINE FOUNDATIONS AND STRUCTURES PRIVATE LIMITED,Residential (Apartment),2023-06-01,2027-05-31,K-RERA/PRJ/ERN/097/2023,2023-06-02,63,62,Inprogress,Ernakulam,VAZHAKKALA,Kanayannur
Cheloor Green Terrace,Cheloor Property Development Projects Ltd,Residential (Apartment),2019-10-01,2030-06-30,K-RERA/PRJ/TSR/110/2023,2023-06-23,36,23,Inprogress,Thrissur,VILVATTOM,Thrissur
Ecomount Green City Homes,Ecomount Builders & Developers Private Limited,Villas (Plots & Buildings),2023-05-23,2029-12-31,K-RERA/PRJ/KKD/175/2023,2023-10-06,53,12,Inprogress,Kozhikode,PUTHUPPADY,THAMARASSERY
CONFIDENT FAIRFIELD,Confident Projects Residential,Residential (Apartment),2023-08-16,2028-08-16,K-RERA/PRJ/TVM/104/2023,2023-06-17,88,38,Inprogress,Thiruvananthapuram,MENAMKULAM,THIRUVANANTHAPRUAM
GRANARY NEST,Rockshield Realtors and Developers Pvt Ltd,Villas (Plots & Buildings),2023-06-01,2026-06-30,K-RERA/PRJ/PKD/169/2023,2023-09-23,8,3,Inprogress,Palakkad,OTTAPALAM I,Ottappalam
Granday Mansion,WAYFAIR DEVELOPERS PRIVATE LIMITED,Residential (Apartment),2023-06-30,2027-12-22,K-RERA/PRJ/ERN/140/2023,2023-08-07,6,0,Inprogress,Ernakulam,ELAMKULAM,Kanayannur
ELITE SAMRUDDHI PHASE II,ELITE GARDENIA LLP,Mixed (Commercial & Residential),2023-07-01,2027-04-30,K-RERA/PRJ/TVM/176/2023,2023-10-06,66,42,Inprogress,Thiruvananthapuram,MENAMKULAM,THIRUVANANTHAPRUAM
PB TIGRIS,PB HOMES PVT LTD,Residential (Apartment),2023-07-15,2027-12-31,K-RERA/PRJ/TSR/148/2023,2023-09-07,46,34,Inprogress,Thrissur,THRISSUR,Thrissur
Elora,Santhoosh  J,Plots,2023-07-20,2025-12-31,K-RERA/PRJ/PKD/187/2023,2023-10-27,,0,Completed,Palakkad,SHOLAYUR,Attappadi Tribal
TULIPS,K Y HOMES,Residential (Apartment),2023-06-30,2025-12-30,K-RERA/PRJ/ERN/156/2023,2023-09-07,9,0,Completed,Ernakulam,ELAMKULAM,Kanayannur
GREENOCK VILLAS - PHASE 1,Green Reality Consultancy Private Limited,Villas (Plots & Buildings),2023-07-01,2028-06-30,K-RERA/PRJ/ERN/208/2023,2023-11-16,0,5,Inprogress,Ernakulam,KAKKANAD,Kanayannur
ILLAM BY FAVOURITE HOMES,FAVOURITE CONSTRUCTIONS PRIVATE LIMITED,Residential (Apartment),2023-09-11,2026-10-26,K-RERA/PRJ/TVM/163/2023,2023-09-14,27,8,Inprogress,Thiruvananthapuram,THYCAUD,THIRUVANANTHAPRUAM
Good Earth Saarang,Good Earth Eco Development Private Limited,Plots,2023-07-21,2024-11-30,K-RERA/PRJ/KNR/158/2023,2023-09-08,,11,Completed,Kannur,THOLAMBRA,Thalassery
DWELLING HOMES,FELIX  JOHNS,Plots,2023-11-21,2023-11-29,K-RERA/PRJ/KTM/229/2023,2023-12-08,,0,Completed,Kottayam,PULIYANNOOR,Meenachil
UTSAVAM APPARTMENT,DREAMSWORLD LIVING SPACE PRIVATE LIMITED,Residential (Apartment),2013-12-18,2022-12-15,K-RERA/PRJ/TSR/128/2024,2024-07-02,84,37,Inprogress,Thrissur,THAIKKAD CHAVAKKAD,Chavakkad
Anugraha Srishti Kochi - III,NISARGA ENGINEERING INDIA PRIVATE LIMITED,Plots,2023-11-28,2028-11-27,K-RERA/PRJ/ERN/035/2024,2024-02-12,,10,Inprogress,Ernakulam,AIKARANAD NORTH,Kunnathunad
SKYLINE ZEST,M/s Skyline Builders,Residential (Apartment),2024-01-01,2028-12-31,K-RERA/PRJ/ERN/230/2023,2023-12-13,36,34,Inprogress,Ernakulam,EDAPPALLY SOUTH,Kanayannur
VENTURA IRIS,Ventura Realtors India Pvt Ltd,Residential (Apartment),2024-01-01,2026-04-19,K-RERA/PRJ/ERN/121/2024,2024-06-25,24,0,Completed,Ernakulam,THRIKKAKARA NORTH,Kanayannur
KMP Suvarnabhoomi,Parameswaran Kizhakkemadathil Mahadeva Iyyer,Residential (Apartment),2024-04-01,2028-03-31,K-RERA/PRJ/TSR/105/2024,2024-05-24,30,1,Inprogress,Thrissur,CHIYYARAM,Thrissur
MID AVENUE,Jamna  ,Plots,2023-12-23,2028-07-19,K-RERA/PRJ/ERN/161/2024,2024-08-08,,0,Inprogress,Ernakulam,VAZHAKKALA,Kanayannur
Elkor Prime,ELKOR BUILDERS LLP,Residential (Apartment),2024-05-01,2026-03-10,K-RERA/PRJ/MPM/023/2024,2024-01-19,50,47,Inprogress,Malappuram,PATHAIKKARA,Perinthalmanna
VISHRAAM UTSAV,VISHRAAM BUILDERS,Residential (Apartment),2024-02-01,2028-12-31,K-RERA/PRJ/TSR/016/2024,2024-01-18,47,41,Inprogress,Thrissur,THRISSUR,Thrissur
SFS CONSTELLATION,SKYLINE FOUNDATIONS AND STRUCTURES PRIVATE LIMITED,Residential (Apartment),2024-02-01,2027-08-31,K-RERA/PRJ/ERN/020/2024,2024-01-19,68,66,Inprogress,Ernakulam,KAKKANAD,Kanayannur
SFS CASABELLA,SKYLINE FOUNDATIONS AND STRUCTURES PRIVATE LIMITED,Residential (Apartment),2024-01-10,2027-07-31,K-RERA/PRJ/TVM/017/2024,2024-01-18,29,22,Inprogress,Thiruvananthapuram,KOWDIAR,THIRUVANANTHAPRUAM
ASHVAMERU,SHERNA PROPERTIES,Plots,2023-06-13,2024-06-30,K-RERA/PRJ/PKD/112/2024,2024-06-12,,0,Completed,Palakkad,SHOLAYUR,Attappadi Tribal
VICTORIA REALTORS POORNAM,DHARMIC LIVING PVT LTD,Plots,2024-01-20,2029-01-31,K-RERA/PRJ/TSR/024/2024,2024-01-29,,0,Completed,Thrissur,KIRALUR,KUNNAMKULAM
IDENTITY URBAN VILLAGE,Pavalius Homes Pvt Ltd,Villas (Plots & Buildings),2024-01-25,2029-01-14,K-RERA/PRJ/ERN/028/2024,2024-02-01,42,11,Inprogress,Ernakulam,KAKKANAD,Kanayannur
VILAMONT APARTMENTS,Ravissan Homes Pvt Ltd,Residential (Apartment),2024-08-28,2027-10-28,K-RERA/PRJ/TSR/125/2024,2024-06-26,16,0,Inprogress,Thrissur,PURANATTUKARA,Thrissur
HEATHER STEPS,Heather Homes Private Limited,Residential (Apartment),2024-04-15,2028-12-15,K-RERA/PRJ/TVM/041/2024,2024-02-16,99,75,Inprogress,Thiruvananthapuram,KUDAPPANAKUNNU,THIRUVANANTHAPRUAM
PREMIUM LAND DEVELOPERS,PRADEEP KUMAR CHANDRASEKARANNAIR PRASANNAKUMARI,Plots,2024-01-05,2024-05-08,K-RERA/PRJ/TVM/115/2024,2024-06-19,,0,Inprogress,Thiruvananthapuram,VEMBAYAM,Nedumangad
MAPLETREE LIVING - THE LANTERN,MAPLETREE HABITATS LLP,Residential (Apartment),2024-02-01,2025-06-02,K-RERA/PRJ/ERN/054/2024,2024-03-01,12,12,Inprogress,Ernakulam,THIRUVANKULAM,Kanayannur
CONFIDENT AMAZE,Confident Projects Residential,Residential (Apartment),2024-04-02,2029-04-02,K-RERA/PRJ/TVM/056/2024,2024-03-12,156,109,Inprogress,Thiruvananthapuram,MENAMKULAM,THIRUVANANTHAPRUAM
DD GLOBAL KINGDOM,DESAI HOMES,Residential (Apartment),2024-04-15,2028-08-31,K-RERA/PRJ/ERN/061/2024,2024-03-18,128,56,Inprogress,Ernakulam,CHOORNIKKARA,Aluva
VICTORIA REALTORS UDAYAM,DHARMIC LIVING PVT LTD,Villas (Plots & Buildings),2023-10-31,2028-10-31,K-RERA/PRJ/PKD/200/2023,2023-11-06,32,18,Inprogress,Palakkad,VANIYAKULAM II,Ottappalam
Sobha Atlantis Phase 2 block 1 and 2,Sobha Limited,Residential (Apartment),2017-03-16,2029-12-31,K-RERA/PRJ/ERN/040/2024,2024-02-13,192,40,Inprogress,Ernakulam,NADAMA,Kanayannur
ARCON PLATINUM HEIGHTS,ARCON HOME BUILDERS PRIVATE LIMITED,Residential (Apartment),2023-11-27,2028-11-30,K-RERA/PRJ/TVM/226/2023,2023-12-05,69,23,Inprogress,Thiruvananthapuram,PETTAH,THIRUVANANTHAPRUAM
SMS MAPLE,SMS BUILDERS,Residential (Apartment),2023-12-11,2028-05-06,K-RERA/PRJ/ERN/231/2023,2023-12-13,20,6,Inprogress,Ernakulam,EDAPPALLY SOUTH,Kanayannur
ASSET SERENITY,ASSET HOMES PRIVATE LIMITED,Residential (Apartment),2024-01-15,2028-10-15,K-RERA/PRJ/KTM/238/2023,2023-12-22,74,23,Inprogress,Kottayam,MUTTAMBALAM,Kottayam
CONDOR DAHLIA,CONDOR BUILDERS PVT LTD,Residential (Apartment),2024-01-01,2028-07-01,K-RERA/PRJ/TVM/047/2024,2024-02-22,52,2,Inprogress,Thiruvananthapuram,KOWDIAR,THIRUVANANTHAPRUAM
Hanco Krishna Leela Residency,Hanco Property Developers Pvt Ltd,Residential (Apartment),2024-02-01,2028-01-19,K-RERA/PRJ/PKD/025/2024,2024-01-29,16,2,Inprogress,Palakkad,PALAKKAD I,Palakkad
PURSUIT OF HAPPINESS,UNINEST DEVELOPERS PRIVATE LIMITED,Villas (Plots & Buildings),2024-01-01,2027-03-31,K-RERA/PRJ/ALP/053/2024,2024-03-01,12,7,Inprogress,Alappuzha,KOMALAPURAM,Ambalappuzha
DREAMFLOWER VALENTIA,DREAM FLOWER HOUSING PROJECTS PVT LTD,Residential (Apartment),2022-02-17,2025-12-30,K-RERA/PRJ/ERN/240/2023,2023-12-22,16,16,Completed,Ernakulam,VAZHAKKALA,Kanayannur
OMG THE PLATINUM VILLAS,OMG PROPERTIES PRIVATE LIMITED,Villas (Plots & Buildings),2023-12-21,2028-12-17,K-RERA/PRJ/PKD/030/2024,2024-02-12,8,5,Inprogress,Palakkad,MARUTHUROAD,Palakkad
CORDON CRYSTAL PARK,CORDON CONSTRUCTORS & REALTORS Pvt Ltd,Residential (Apartment),2024-01-08,2028-12-19,K-RERA/PRJ/TVM/018/2024,2024-01-18,50,39,Inprogress,Thiruvananthapuram,ATTIPRA,THIRUVANANTHAPRUAM
GRACELAND FOUNDATIONS,GRACELAND FOUNDATIONS,Residential (Apartment),2016-01-10,2017-04-07,K-RERA/PRJ/ERN/072/2024,2024-04-06,56,56,Completed,Ernakulam,MULAMTHURUTHY,Kanayannur
KARIPPERIPARAMBIL GARDENS,SURESH  K,Plots,2023-05-07,2024-03-12,K-RERA/PRJ/TSR/152/2024,2024-07-29,,0,Inprogress,Thrissur,VALLACHIRA,Thrissur
Reigate Bluemont Park,REIGATE BUILDERS PRIVATE LIMITED,Residential (Apartment),2023-12-21,2026-12-21,K-RERA/PRJ/KKD/033/2024,2024-02-12,14,13,Inprogress,Kozhikode,CHEVAYUR,Kozhikode
SHANOOR EMBASSY SQUARE,SHANOOR PROJECTS AND REALTORS PVT LTD,Plots,2024-01-01,2029-01-30,K-RERA/PRJ/TVM/021/2024,2024-01-19,,23,Inprogress,Thiruvananthapuram,CHERUVAKKAL,THIRUVANANTHAPRUAM
THE HEAVEN HILLS,PNR HOMES PRIVATE LIMITED,Villas (Plots & Buildings),2024-02-01,2027-01-15,K-RERA/PRJ/TVM/045/2024,2024-02-16,28,18,Inprogress,Thiruvananthapuram,MENAMKULAM,THIRUVANANTHAPRUAM
INDEL KARIYATH HEIGHTS,INDEL INFRA PROJECTS,Mixed (Commercial & Residential),2024-02-01,2028-01-31,K-RERA/PRJ/TVM/048/2024,2024-02-28,13,0,Inprogress,Thiruvananthapuram,VANCHIYOOR,THIRUVANANTHAPRUAM
EDEN GARDENS,CASA VISTA CONSTRUCTIONS PVT LTD,Plots,2024-01-26,2025-01-26,K-RERA/PRJ/TVM/078/2024,2024-04-12,,11,Completed,Thiruvananthapuram,PALLIPURAM TRIVANDRUM,THIRUVANANTHAPRUAM
GD CHAITHANYA APARTMENTS AND GD CENTRE,GD BUILDERS,Mixed (Commercial & Residential),2024-02-15,2029-01-20,K-RERA/PRJ/ERN/051/2024,2024-03-01,37,23,Inprogress,Ernakulam,NADAMA,Kanayannur
THE SILICON DRIVE BY FAVOURITE HOMES,FAVOURITE CONSTRUCTIONS PRIVATE LIMITED,Residential (Apartment),2024-02-06,2027-06-30,K-RERA/PRJ/TVM/038/2024,2024-02-13,99,67,Inprogress,Thiruvananthapuram,PALLIPURAM TRIVANDRUM,THIRUVANANTHAPRUAM
ARCON MAY DEW,ARCON HOME DEVELOPERS PVT LTD,Villas (Plots & Buildings),2024-04-15,2028-04-15,K-RERA/PRJ/TVM/084/2024,2024-04-24,6,5,Inprogress,Thiruvananthapuram,MENAMKULAM,THIRUVANANTHAPRUAM
Adithya Paradise,Rajesh Kumar  Krishnan,Residential (Apartment),2024-04-15,2026-12-31,K-RERA/PRJ/TVM/052/2024,2024-03-01,8,0,Completed,Thiruvananthapuram,PETTAH,THIRUVANANTHAPRUAM
FORUS LAVENDER,FORUS INITIATIVES,Residential (Apartment),2024-04-01,2028-04-27,K-RERA/PRJ/TSR/068/2024,2024-03-30,42,22,Inprogress,Thrissur,CHEMBUKAVU,Thrissur
THE PARK VIEW BY FAVOURITE HOMES,FAVOURITE CONSTRUCTIONS PRIVATE LIMITED,Residential (Apartment),2024-03-25,2027-06-30,K-RERA/PRJ/TVM/069/2024,2024-03-30,64,48,Inprogress,Thiruvananthapuram,ATTIPRA,THIRUVANANTHAPRUAM
Golden Castle Phase 1,Santhosh Kumar J R,Plots,2023-05-05,2029-11-29,K-RERA/PRJ/TVM/092/2024,2024-05-15,,10,Inprogress,Thiruvananthapuram,AYIROOPARA,THIRUVANANTHAPRUAM
URBANSCAPE MIDTOWN,Urbanscape Properties LLP,Residential (Apartment),2024-04-14,2028-05-31,K-RERA/PRJ/TVM/073/2024,2024-04-12,84,51,Inprogress,Thiruvananthapuram,KAZHAKOOTTAM,THIRUVANANTHAPRUAM
CORDIAL VAJRAM,CORDIAL DEVELOPERS PVT LTD,Mixed (Commercial & Residential),2024-06-20,2029-05-09,K-RERA/PRJ/TVM/096/2024,2024-05-17,46,3,Inprogress,Thiruvananthapuram,SASTHAMANGALAM,THIRUVANANTHAPRUAM
SWAN GREEN EARTH,SWAN PROPERTY DEVELOPERS INDIA PVT LTD,Plots,2023-06-01,2024-06-01,K-RERA/PRJ/ERN/106/2024,2024-05-24,,15,Completed,Ernakulam,MANAKUNNAM,Kanayannur
GREECE GARDENS BY SREE DHANYA,SREEDHANYA DEVELOPERS AND INFRASTRUCTURES PRIVATE LIMITED,Villas (Plots & Buildings),2024-09-09,2029-09-30,K-RERA/PRJ/TVM/202/2024,2024-10-09,100,35,Inprogress,Thiruvananthapuram,ATTIPRA,THIRUVANANTHAPRUAM
Sangamam Valley,Antony  Varghese,Plots,2023-11-02,2024-12-31,K-RERA/PRJ/TVM/251/2024,2024-12-09,,15,Inprogress,Thiruvananthapuram,VATTIYOORKAVU,THIRUVANANTHAPRUAM
AZURE VILLAS,AZURE INDIA BUILDERS PRIVATE LIMITED,Villas (Plots & Buildings),2024-04-16,2029-04-15,K-RERA/PRJ/TSR/087/2024,2024-04-30,12,0,Inprogress,Thrissur,PERAMANGALAM,Thrissur
HAVEN,JOHN PAUL REALTY,Residential (Apartment),2024-07-01,2029-02-08,K-RERA/PRJ/ERN/176/2024,2024-09-04,29,4,Inprogress,Ernakulam,THRIKKAKARA NORTH,Kanayannur
PLOTS,M K DAMODARAN NAIR  ,Plots,2024-01-10,2024-05-20,K-RERA/PRJ/TVM/116/2024,2024-06-19,,0,Inprogress,Thiruvananthapuram,KOLIYACODE,Nedumangad
GOOD EARTH UMANG,GOOD EARTH INDIA INFRA LIMITED,Residential (Apartment),2024-08-01,2028-12-31,K-RERA/PRJ/ERN/145/2024,2024-07-22,68,55,Inprogress,Ernakulam,CHERANALLUR,Kanayannur
VISHRAAM TYKHE,Vishraam Builders and Developers Pvt Ltd,Residential (Apartment),2024-08-16,2029-12-31,K-RERA/PRJ/ERN/123/2024,2024-06-25,74,59,Inprogress,Ernakulam,POONITHURA,Kanayannur
HiLITE OLYMPUS II,HiLITE Builders Pvt Ltd,Residential (Apartment),2025-01-15,2029-06-30,K-RERA/PRJ/KKD/019/2025,2025-02-03,412,359,Inprogress,Kozhikode,OLAVANNA,Kozhikode
Golden Castle Phase 2,Arjun  S,Plots,2024-06-07,2029-07-30,K-RERA/PRJ/TVM/206/2024,2024-10-14,,6,Inprogress,Thiruvananthapuram,AYIROOPARA,THIRUVANANTHAPRUAM
CONFIDENT BLISS,Confident Projects Residential,Residential (Apartment),2024-08-17,2029-08-17,K-RERA/PRJ/TSR/134/2024,2024-07-09,176,113,Inprogress,Thrissur,EDAKKUNNI,Thrissur
The Roman Empire,Raja RajanS  ,Plots,2024-06-26,2025-06-30,K-RERA/PRJ/PKD/205/2024,2024-10-14,,7,Completed,Palakkad,KOTTATHARA,Attappadi Tribal
BEACON OASIS,Beacon Projects Pvt Ltd,Residential (Apartment),2024-08-01,2028-01-28,K-RERA/PRJ/TVM/157/2024,2024-08-02,24,1,Inprogress,Thiruvananthapuram,SASTHAMANGALAM,THIRUVANANTHAPRUAM
Crown,Chothy's Building Promoters Pvt Ltd,Residential (Apartment),2024-02-02,2029-02-01,K-RERA/PRJ/TVM/085/2024,2024-04-24,37,27,Inprogress,Thiruvananthapuram,KAZHAKOOTTAM,THIRUVANANTHAPRUAM
SHANOOR RAINBOW CITY PHASE III,SHANOOR PROJECTS AND REALTORS PVT LTD,Plots,2024-02-01,2034-01-30,K-RERA/PRJ/TVM/059/2024,2024-03-12,,4,Inprogress,Thiruvananthapuram,PANGAPARA,THIRUVANANTHAPRUAM
MALABAR HILLS,OAKHILL LAND DEVELOPERS PRIVATE LIMITED,Plots,2009-03-18,2026-11-28,K-RERA/PRJ/MPM/262/2024,2024-12-23,,54,Inprogress,Malappuram,PERINTALMANNA,Perinthalmanna
Claysys Highlands,CLAYSYS LIFESTYLE PRIVATE LIMITED,Residential (Apartment),2024-02-01,2029-01-14,K-RERA/PRJ/ERN/086/2024,2024-04-29,40,0,Inprogress,Ernakulam,KUNNATHUNAD,Kunnathunad
MALIEKAL GARDENS,TOBY JOSEPH  ,Plots,2024-02-29,2024-07-30,K-RERA/PRJ/ERN/180/2024,2024-09-10,,0,Completed,Ernakulam,KEEZHMAD,Aluva
SREEROSH ORCHARD,SREEROSH DEVELOPERS PVT LTD,Villas (Plots & Buildings),2024-03-01,2029-02-26,K-RERA/PRJ/KNR/091/2024,2024-08-30,38,14,Inprogress,Kannur,CHEMBILODE,Kannur
THE ADDRESS TEMPLE BELL,The Address Builders Pvt Ltd,Residential (Apartment),2024-04-01,2029-12-31,K-RERA/PRJ/TVM/076/2024,2024-04-12,13,0,Inprogress,Thiruvananthapuram,SASTHAMANGALAM,THIRUVANANTHAPRUAM
Swan Green Isle,Swan Developers,Plots,2024-04-15,2025-10-10,K-RERA/PRJ/ERN/118/2024,2024-06-21,,0,Completed,Ernakulam,KANAYANNUR,Kanayannur
ASSET ALPZ,ASSET HOMES PRIVATE LIMITED,Residential (Apartment),2024-05-01,2026-04-15,K-RERA/PRJ/KTM/101/2024,2024-05-24,15,2,Inprogress,Kottayam,PUTHUPPALLY KOTTAYAM,Kottayam
CORDIAL PUNYAM,CORDIAL HOMES PVT LTD,Mixed (Commercial & Residential),2024-05-13,2028-06-30,K-RERA/PRJ/TVM/083/2024,2024-04-23,62,27,Inprogress,Thiruvananthapuram,THIRUMALA,THIRUVANANTHAPRUAM
Venad Lakeview,Venad Builders and Developers Private Limited,Residential (Apartment),2015-07-03,2024-10-08,K-RERA/PRJ/KLM/199/2024,2024-10-07,30,17,Completed,Kollam,KOLLAM EAST,Kollam
ABAD MAGNIFICENT,ABAD BUILDERS PVT LTD,Residential (Apartment),2024-05-02,2028-09-30,K-RERA/PRJ/ERN/081/2024,2024-04-22,32,16,Inprogress,Ernakulam,POONITHURA,Kanayannur
SHANOOR TULIPS,SHANOOR PROJECTS AND REALTORS PVT LTD,Residential (Apartment),2024-04-01,2030-04-30,K-RERA/PRJ/TVM/088/2024,2024-05-10,84,29,Inprogress,Thiruvananthapuram,KAZHAKOOTTAM,THIRUVANANTHAPRUAM
ASSET THE LEAF,ASSET HOMES PRIVATE LIMITED,Residential (Apartment),2024-06-15,2029-06-15,K-RERA/PRJ/TVM/100/2024,2024-05-22,122,80,Inprogress,Thiruvananthapuram,AYIROOPARA,THIRUVANANTHAPRUAM
SOWPARNIKA CANNARY,Sowparnika Projects & Infrasturcture Pvt Ltd,Residential (Apartment),2015-05-02,2019-01-15,K-RERA/PRJ/KTM/099/2024,2024-05-20,74,74,Completed,Kottayam,CHANGANNASSERY,Changanassery
HI LIFE INSPIRE,HiLife Builders Pvt Ltd,Residential (Apartment),2024-12-01,2029-06-30,K-RERA/PRJ/TSR/108/2024,2024-05-28,52,15,Inprogress,Thrissur,OLLUKKARA,Thrissur
VIKAS LNN,VIDHYA  R,Residential (Apartment),2018-01-06,2028-01-05,K-RERA/PRJ/TSR/156/2024,2024-08-02,19,7,Inprogress,Thrissur,NELLAI,MUKUNDAPURAM
BHANU BHAVAN BY VARMA,VARMA HOMES PRIVATE LIMITED,Residential (Apartment),2024-12-02,2029-12-31,K-RERA/PRJ/ERN/237/2024,2024-11-21,45,27,Inprogress,Ernakulam,NADAMA,Kanayannur
PRAJAPATHYS GREENS VILLAGE,SARIKA  A G,Plots,2024-07-01,2029-07-01,K-RERA/PRJ/TVM/141/2024,2024-07-19,,17,Completed,Thiruvananthapuram,VILAVOORKAL,KATTAKADA
BUILTECH AURA,KRISHNAN  RAJAN,Residential (Apartment),2024-05-20,2028-05-20,K-RERA/PRJ/PKD/127/2024,2024-06-28,116,46,Inprogress,Palakkad,PALAKKAD-2,Palakkad
Aishwarya Vista,ASTRIDE BUILDERS,Residential (Apartment),2014-07-23,2019-01-10,K-RERA/PRJ/TVM/236/2024,2024-11-18,49,49,Inprogress,Thiruvananthapuram,PATTOM,THIRUVANANTHAPRUAM
ELITE HOMES AND REALTY,ELITE HOMES&REALTY,Mixed (Commercial & Residential),2015-08-01,2021-09-03,K-RERA/PRJ/TSR/155/2024,2024-08-01,17,15,Inprogress,Thrissur,THRISSUR,Thrissur
Gardens,ANU  SHAJI,Plots,2024-09-01,2026-02-16,K-RERA/PRJ/KTM/190/2024,2024-09-24,,1,Inprogress,Kottayam,VALLICHIRA,Meenachil
Park Avenue Premium Appartments,Babu Majeed P M,Residential (Apartment),2017-09-26,2022-12-20,K-RERA/PRJ/TSR/151/2024,2024-07-29,10,9,Completed,Thrissur,GURUVAYUR,Chavakkad
ROSE GARDEN PHASE I,ANIL KUMAR O M,Plots,2024-08-01,2029-07-07,K-RERA/PRJ/TSR/231/2024,2024-11-18,,0,Inprogress,Thrissur,NENMANIKKARA,MUKUNDAPURAM
PARADISE,SWASTHI HOMES,Residential (Apartment),2024-09-02,2029-05-31,K-RERA/PRJ/ERN/162/2024,2024-08-12,20,5,Inprogress,Ernakulam,NADAMA,Kanayannur
MABCO OPULENCE,MABCO DEVELOPERS LLP,Villas (Plots & Buildings),2024-08-31,2027-08-31,K-RERA/PRJ/MPM/191/2024,2024-09-24,15,13,Inprogress,Malappuram,PERINTALMANNA,Perinthalmanna
MERLIN AMALA HEIGHTS,ITTIACHEN  VL,Mixed (Commercial & Residential),2010-07-31,2019-07-30,K-RERA/PRJ/TSR/209/2024,2024-10-18,24,22,Inprogress,Thrissur,PUZHAKKAL,Thrissur
Anns Garden,VARGHESE EDAKKERIYIL PATHROSE,Plots,2024-09-15,2026-09-14,K-RERA/PRJ/ERN/194/2024,2024-09-28,,0,Inprogress,Ernakulam,KUNNATHUNAD,Kunnathunad
GREHA FIVE ELEMENTS,GREHA HOMES PVT LTD,Mixed (Commercial & Residential),2024-01-01,2025-12-31,K-RERA/PRJ/ERN/212/2024,2024-10-23,14,9,Completed,Ernakulam,ELAMKULAM,Kanayannur
SHADES - CEDAR HEIGHTS,BINOY  ABRAHAM,Residential (Apartment),2024-12-28,2030-12-30,K-RERA/PRJ/ERN/080/2025,2025-07-04,60,0,Inprogress,Ernakulam,KOTHAMANGALAM,Kothamangalam
SPAN HOMES DHALAM,OTTAPPALAM SPAN HOMES OPC PRIVATE LIMITED,Residential (Apartment),2024-04-08,2029-04-07,K-RERA/PRJ/PKD/244/2024,2024-11-26,16,0,Inprogress,Palakkad,OTTAPALAM II,Ottappalam
JJ VISTARA,JJ Builders & Developers,Mixed (Commercial & Residential),2024-11-10,2029-05-09,K-RERA/PRJ/TVM/230/2024,2024-11-18,84,10,Inprogress,Thiruvananthapuram,KADAKAMPALLY,THIRUVANANTHAPRUAM
THE ARTLE,BUILDOWN DEVELOPERS PRIVATE LIMITED,Villas (Plots & Buildings),2024-10-01,2030-12-31,K-RERA/PRJ/TVM/222/2024,2024-11-05,34,15,Inprogress,Thiruvananthapuram,VEMBAYAM,Nedumangad
ARCON CYBER HEIGHTS,ARCON HOME BUILDERS PRIVATE LIMITED,Mixed (Commercial & Residential),2024-10-17,2029-12-31,K-RERA/PRJ/TVM/210/2024,2024-10-22,120,40,Inprogress,Thiruvananthapuram,ATTIPRA,THIRUVANANTHAPRUAM
ATARASHII SERENITY,Powerlink Builders Pvt Ltd,Residential (Apartment),2024-11-15,2028-10-03,K-RERA/PRJ/TVM/224/2024,2024-11-06,39,5,Inprogress,Thiruvananthapuram,VATTIYOORKAVU,THIRUVANANTHAPRUAM
Land Links Pearl,Sethumadhavan  K S,Residential (Apartment),2023-01-01,2027-12-30,K-RERA/PRJ/PKD/008/2025,2025-01-09,44,0,Inprogress,Palakkad,MARUTHUROAD,Palakkad
Paithrika Navami,Paithrika Homes And Estates Pvt Ltd,Villas (Plots & Buildings),2024-10-24,2027-10-24,K-RERA/PRJ/TVM/014/2025,2025-01-23,0,1,Inprogress,Thiruvananthapuram,AYIROOPARA,THIRUVANANTHAPRUAM
Providence Surabhi,Providence Lifespace,Residential (Apartment),2024-12-10,2028-12-03,K-RERA/PRJ/ERN/233/2024,2024-11-18,31,12,Inprogress,Ernakulam,ANGAMALY,Aluva
FORMZ PLUS MANOR,FORMZ PROJECTS PVT LTD,Residential (Apartment),2024-11-01,2028-04-30,K-RERA/PRJ/MPM/255/2024,2024-12-17,32,9,Inprogress,Malappuram,TIRUR,Tirur
TRAVANCORE GARDENS,Levita Developers LLP,Villas (Plots & Buildings),2024-12-01,2027-12-31,K-RERA/PRJ/TVM/246/2024,2024-12-05,14,0,Inprogress,Thiruvananthapuram,AYIROOPARA,THIRUVANANTHAPRUAM
SANTHOSH CONSTRUCTIONS AND LORRY SERVISES,K K PILLAI  ,Plots,2024-05-24,2024-05-31,K-RERA/PRJ/TVM/208/2024,2024-10-18,,0,Inprogress,Thiruvananthapuram,ULIYAZHATHURA,THIRUVANANTHAPRUAM
VICTORIA REALTORS PRIYAM,DHARMIC LIVING PVT LTD,Plots,2024-06-30,2029-06-30,K-RERA/PRJ/TSR/129/2024,2024-07-02,,0,Inprogress,Thrissur,PERAMANGALAM,Thrissur
Silent Valley,Aji Kumar S,Villas (Plots & Buildings),2023-10-18,2025-09-12,K-RERA/PRJ/TVM/167/2024,2024-08-23,19,0,Inprogress,Thiruvananthapuram,ULIYAZHATHURA,THIRUVANANTHAPRUAM
Campus Heights,M/s Kem Builders,Plots,2024-02-03,2026-07-01,K-RERA/PRJ/ERN/140/2024,2024-07-19,,3,Inprogress,Ernakulam,ALUVA WEST,Aluva
ASSET BUTTERFLIES,ASSET HOMES PRIVATE LIMITED,Residential (Apartment),2024-10-01,2029-10-01,K-RERA/PRJ/ERN/196/2024,2024-09-28,71,44,Inprogress,Ernakulam,KAKKANAD,Kanayannur
Lekshya Plots,Philomina  Thomas,Plots,2024-02-13,2025-06-30,K-RERA/PRJ/TVM/165/2024,2024-08-19,,6,Inprogress,Thiruvananthapuram,VEMBAYAM,Nedumangad
VICTORIA REALTORS ANCHANAM,DHARMIC LIVING PVT LTD,Plots,2024-08-05,2029-07-31,K-RERA/PRJ/TSR/185/2024,2024-09-19,,20,Inprogress,Thrissur,AVANNUR,Thrissur
VISHRAAM CITYLITE,VISHRAAM BUILDERS,Residential (Apartment),2024-08-15,2028-12-31,K-RERA/PRJ/TSR/195/2024,2024-09-28,24,22,Inprogress,Thrissur,THRISSUR,Thrissur
ORIDAM,CHATEAU KAVE BUILD WORKS OPC PRIVATE LIMITED,Plots,2024-10-01,2026-08-04,K-RERA/PRJ/ERN/188/2024,2024-09-19,,26,Inprogress,Ernakulam,KUNNATHUNAD,Kunnathunad
Harmony Heights,Chinnamma  David,Plots,2024-08-20,2024-12-20,K-RERA/PRJ/ERN/171/2024,2024-09-02,,0,Inprogress,Ernakulam,THIRUVANIYOOR,Kunnathunad
AC MANUELS,AC CITY PROJECTS PVT LTD,Residential (Apartment),2024-08-17,2028-03-31,K-RERA/PRJ/ERN/174/2024,2024-09-03,21,12,Inprogress,Ernakulam,ERNAKULAM,Kanayannur
SILVER HILLS,PREMLAL  CHANDRAN,Plots,2019-02-23,2027-02-21,K-RERA/PRJ/TSR/261/2024,2024-12-23,,73,Inprogress,Thrissur,KOLAZHY,Thrissur
MARITIME PRIME,MARITIME BUILDERS PRIVATE LIMITED,Mixed (Commercial & Residential),2024-11-30,2026-11-29,K-RERA/PRJ/ERN/197/2024,2024-09-28,17,14,Inprogress,Ernakulam,ERNAKULAM,Kanayannur
READYHUT ELEGANZA,ABDUL NAZAR UMMER PUZHACKERA  ,Plots,2024-02-01,2027-01-06,K-RERA/PRJ/KKD/211/2024,2024-10-22,,4,Inprogress,Kozhikode,VALAYANAD,Kozhikode
Skyline Hilltop,M/s Skyline Builders,Residential (Apartment),2024-10-01,2029-10-01,K-RERA/PRJ/ERN/183/2024,2024-09-19,102,58,Inprogress,Ernakulam,ELOOR,Paravur
Abad Tanzeel Green,ABAD BUILDERS PVT LTD,Residential (Apartment),2014-03-05,2019-08-09,K-RERA/PRJ/ERN/225/2024,2024-11-08,1,1,Completed,Ernakulam,ELAMKULAM,Kanayannur
CORDIAL LEORA,Cordial Properties India Pvt Ltd,Residential (Apartment),2024-11-16,2029-06-30,K-RERA/PRJ/TVM/215/2024,2024-10-28,54,25,Inprogress,Thiruvananthapuram,KOWDIAR,THIRUVANANTHAPRUAM
Kiwano Villas,Chameri Builders and Developers,Villas (Plots & Buildings),2025-05-05,2026-12-31,K-RERA/PRJ/KNR/075/2025,2025-06-21,9,2,Inprogress,Kannur,KODIYERI,Thalassery
Oceanus Ample Grace,Oceanus Dwellings Pvt Ltd,Residential (Apartment),2024-12-02,2029-10-22,K-RERA/PRJ/TVM/235/2024,2024-11-18,82,30,Inprogress,Thiruvananthapuram,AYIROOPARA,THIRUVANANTHAPRUAM
OMG BLOOMING DALE,OMG PROPERTIES,Villas (Plots & Buildings),2024-10-22,2029-10-21,K-RERA/PRJ/PKD/234/2024,2024-11-18,8,6,Inprogress,Palakkad,PALAKKAD-2,Palakkad
SUN FELICIA,SUN PROJECTS INDIA PRIVATE LIMITED,Residential (Apartment),2024-12-06,2029-10-23,K-RERA/PRJ/TVM/241/2024,2024-11-26,44,6,Inprogress,Thiruvananthapuram,PATTOM,THIRUVANANTHAPRUAM
GREEN VIEW,SALIM P RAJAN,Plots,2023-07-10,2024-12-09,K-RERA/PRJ/ERN/138/2023,2023-08-07,,4,Inprogress,Ernakulam,MULAMTHURUTHY,Kanayannur
Oasis Villas,R A SALIM  ,Residential (Apartment),2023-02-25,2028-02-24,K-RERA/PRJ/TSR/136/2024,2024-07-12,0,0,Inprogress,Thrissur,POOKODE,Chavakkad
IMPACT MILESTONE TOWER B,ROBINSON PROPERTIES INTERNATIONAL PVT LTD,Residential (Apartment),2023-09-11,2027-02-28,K-RERA/PRJ/TVM/173/2023,2023-09-23,80,16,Inprogress,Thiruvananthapuram,ATTIPRA,THIRUVANANTHAPRUAM
Aspire Mansions,ASPIRE MANSIONS OPC PRIVATE LIMITED,Residential (Apartment),2023-10-01,2026-05-31,K-RERA/PRJ/TVM/160/2023,2023-09-12,9,0,Inprogress,Thiruvananthapuram,PEROORKADA,THIRUVANANTHAPRUAM
White Maanor,Chothy's Building Promoters Pvt Ltd,Residential (Apartment),2021-08-25,2027-08-24,K-RERA/PRJ/TVM/153/2023,2023-09-07,27,20,Inprogress,Thiruvananthapuram,MANACAUD,THIRUVANANTHAPRUAM
SPARKLE SCAPES,SPARKLE HOMES,Residential (Apartment),2015-06-15,2017-12-22,K-RERA/PRJ/ERN/166/2023,2023-09-18,15,15,Inprogress,Ernakulam,EDAPPALLY SOUTH,Kanayannur
MOON VALLEY,BUILDOWN DEVELOPERS PRIVATE LIMITED,Villas (Plots & Buildings),2023-07-24,2027-12-27,K-RERA/PRJ/ERN/149/2023,2023-09-07,17,9,Inprogress,Ernakulam,KAKKANAD,Kanayannur
THE CYBER BAY BY FAVOURITE HOMES,FAVOURITE CONSTRUCTIONS PRIVATE LIMITED,Mixed (Commercial & Residential),2023-09-18,2026-12-31,K-RERA/PRJ/TVM/171/2023,2023-09-23,56,35,Inprogress,Thiruvananthapuram,KADAKAMPALLY,THIRUVANANTHAPRUAM
DEODATE MERCEDES,DEODATE ENVIRONMENTAL HOMES PVT LTD,Villas (Plots & Buildings),2023-09-21,2028-09-20,K-RERA/PRJ/TVM/036/2024,2024-02-12,11,0,Inprogress,Thiruvananthapuram,PEROORKADA,THIRUVANANTHAPRUAM
Navera Regalia,Navera Builders Private Limited,Residential (Apartment),2023-07-24,2027-12-31,K-RERA/PRJ/TSR/216/2023,2023-11-22,26,9,Inprogress,Thrissur,CHIYYARAM,Thrissur
Sophia Aspire,Joyce  George,Villas (Plots & Buildings),2022-09-30,2025-10-02,K-RERA/PRJ/ERN/181/2023,2023-10-12,9,0,Completed,Ernakulam,VADAVUKODE,Kunnathunad
SFS SKY GARDEN,SKYLINE FOUNDATIONS AND STRUCTURES PRIVATE LIMITED,Residential (Apartment),2023-10-16,2027-12-31,K-RERA/PRJ/TVM/184/2023,2023-10-18,58,44,Inprogress,Thiruvananthapuram,PEROORKADA,THIRUVANANTHAPRUAM
Seasaga Living,SEASAGA ENTERPRISES PVT LTD,Villas (Plots & Buildings),2023-05-16,2026-10-17,K-RERA/PRJ/ERN/236/2023,2023-12-19,11,1,Inprogress,Ernakulam,CHENGAMANAD,Aluva
SHANOOR SKYVILLA,SHANOOR PROJECTS AND REALTORS PVT LTD,Residential (Apartment),2023-10-01,2029-10-30,K-RERA/PRJ/TVM/198/2023,2023-11-02,77,22,Inprogress,Thiruvananthapuram,CHERUVAKKAL,THIRUVANANTHAPRUAM
AMBIENT LUXURY VILLAS,WHB Constructions LLP,Residential (Apartment),2024-02-08,2027-12-31,K-RERA/PRJ/TVM/265/2024,2024-12-30,26,18,Inprogress,Thiruvananthapuram,KARAKULAM,Nedumangad
CHAKOLAS 360 MARINA,CHAKOLAS REALTORS,Residential (Apartment),2023-12-04,2027-12-03,K-RERA/PRJ/ERN/209/2023,2023-11-17,14,11,Inprogress,Ernakulam,EDAKOCHI,Kochi
VICTORIA REALTORS DIVYAM,DHARMIC LIVING PVT LTD,Plots,2023-11-10,2028-10-31,K-RERA/PRJ/TSR/201/2023,2023-11-06,,15,Inprogress,Thrissur,AVANNUR,Thrissur
Kairali Bansuri Apartments,Kairali Home Apartments and Villas Pvt Ltd,Residential (Apartment),2023-11-15,2026-12-28,K-RERA/PRJ/TSR/210/2023,2023-11-18,12,11,Inprogress,Thrissur,THRISSUR,Thrissur
NOEL SENTRUM,NOEL VILLAS AND APARTMENTS,Residential (Apartment),2024-01-01,2027-06-30,K-RERA/PRJ/ERN/207/2023,2023-11-16,44,25,Inprogress,Ernakulam,ERNAKULAM,Kanayannur
BEACON NEST,Beacon Projects Pvt Ltd,Residential (Apartment),2024-01-01,2027-06-29,K-RERA/PRJ/TVM/004/2024,2024-01-03,21,16,Inprogress,Thiruvananthapuram,THYCAUD,THIRUVANANTHAPRUAM
Adonai Elegant,Adonai Realtors Company,Residential (Apartment),2025-02-16,2029-07-25,K-RERA/PRJ/TVM/250/2024,2024-12-09,12,3,Inprogress,Thiruvananthapuram,ATTIPRA,THIRUVANANTHAPRUAM
Ambadi Apartments,SREEPATHI ASSOCIATES BUILDERS & PROMOTERS,Residential (Apartment),2024-11-25,2026-11-25,K-RERA/PRJ/TSR/260/2024,2024-12-23,12,9,Inprogress,Thrissur,GURUVAYUR,Chavakkad
MAJESTIC VILLAGE,JAZCO DEVELOPERS,Villas (Plots & Buildings),2024-12-25,2028-10-14,K-RERA/PRJ/TSR/259/2024,2024-12-23,13,0,Inprogress,Thrissur,KILLANNUR,Thrissur
CLOUD HAVEN,DR PP  Vijayan,Plots,2024-08-17,2029-08-16,K-RERA/PRJ/TVM/028/2025,2025-02-11,,0,Inprogress,Thiruvananthapuram,CHERUVAKKAL,THIRUVANANTHAPRUAM
LANDMARK LAREINA,CALICUT LANDMARK BUILDERS PRIVATE LIMITED,Mixed (Commercial & Residential),2025-01-01,2029-09-24,K-RERA/PRJ/KKD/257/2024,2024-12-23,53,27,Inprogress,Kozhikode,NELLIKODE,Kozhikode
HANCO NELLARA GRAMAM,Hanco Property Developers Pvt Ltd,Plots,2026-01-15,2032-12-31,K-RERA/PRJ/PKD/071/2026,2026-05-18,,0,Inprogress,Palakkad,PARALI I,Palakkad
SKOPOS Vadayamabath Hills,Paulose V John and Prasanna Paulose,Plots,2025-01-01,2029-11-24,K-RERA/PRJ/ERN/058/2025,2025-05-15,,0,Inprogress,Ernakulam,PUTHENCRUZ,Kunnathunad
ASSET HILLSEDGE,ASSET HOMES PRIVATE LIMITED,Residential (Apartment),2025-08-30,2030-08-30,K-RERA/PRJ/KKD/096/2025,2025-07-28,83,48,Inprogress,Kozhikode,NELLIKODE,Kozhikode
E One Nest,E ONE PROJECTS & DEVELOPERS PRIVATE LIMITED,Residential (Apartment),2025-03-01,2030-01-07,K-RERA/PRJ/KKD/011/2025,2025-01-20,16,15,Inprogress,Kozhikode,PANTHEERANKAVU,Kozhikode
ASSET PRAGATHI,ASSET HOMES PRIVATE LIMITED,Residential (Apartment),2025-03-15,2030-03-15,K-RERA/PRJ/TVM/035/2025,2025-03-04,50,19,Inprogress,Thiruvananthapuram,KUDAPPANAKUNNU,THIRUVANANTHAPRUAM
Green City,Mammen  Paul,Plots,2024-06-30,2026-06-30,K-RERA/PRJ/ERN/033/2025,2025-02-25,,7,Completed,Ernakulam,KUNNATHUNAD,Kunnathunad
SERENE YOUNG AT HEART BY ASSET HOMES AND COLUMBIA PACIFIC COMMUNITIES AT KOCHI,ASSET HOMES PRIVATE LIMITED,Residential (Apartment),2025-04-20,2030-06-20,K-RERA/PRJ/ERN/111/2025,2025-09-08,211,34,Inprogress,Ernakulam,KIZHAKKAMBALAM,Kunnathunad
Summer Breeze,FORGE CONSTRUCTIONS,Plots,2025-01-15,2028-01-15,K-RERA/PRJ/ERN/130/2025,2025-10-08,,0,Inprogress,Ernakulam,MAZHUVANNOOR,Kunnathunad
BBC ATLANTIS,BBC BUILDERS AND DEVELOPERS LLP,Residential (Apartment),2025-04-01,2029-03-31,K-RERA/PRJ/MPM/049/2025,2025-05-03,55,19,Inprogress,Malappuram,PERINTALMANNA,Perinthalmanna
CORDON VISTARA,CORDON CONSTRUCTORS & REALTORS Pvt Ltd,Residential (Apartment),2025-04-24,2030-02-13,K-RERA/PRJ/TVM/041/2025,2025-03-17,112,31,Inprogress,Thiruvananthapuram,AYIROOPARA,THIRUVANANTHAPRUAM
SREEROSH BLUE BAY,SREEROSH DEVELOPERS PVT LTD,Residential (Apartment),2025-03-24,2028-06-30,K-RERA/PRJ/KNR/042/2025,2025-03-17,51,18,Inprogress,Kannur,AZHIKODE SOUTH,Kannur
XXL RESIDENCY BY SREEDHANYA HOMES,Sree Dhanya Homes Pvt ltd,Residential (Apartment),2025-07-01,2030-12-31,K-RERA/PRJ/TSR/120/2025,2025-09-08,28,8,Inprogress,Thrissur,CHIYYARAM,Thrissur
M K Commune,MK Commune,Residential (Apartment),2025-04-01,2028-03-31,K-RERA/PRJ/ERN/149/2025,2025-11-13,22,10,Inprogress,Ernakulam,KAKKANAD,Kanayannur
VEEGALAND CASABELLA,VEEGALAND DEVELOPERS PRIVATE LIMITED,Residential (Apartment),2025-06-01,2029-06-30,K-RERA/PRJ/ERN/074/2025,2025-06-20,84,64,Inprogress,Ernakulam,VAZHAKKALA,Kanayannur
Prakriti Aavani,Santhini  Paul,Plots,2025-04-05,2031-12-29,K-RERA/PRJ/ERN/055/2025,2025-05-15,,0,Inprogress,Ernakulam,AIKARANAD NORTH,Kunnathunad
Elyssium,Level 100 Realty Pvt Ltd,Villas (Plots & Buildings),2024-04-26,2027-09-03,K-RERA/PRJ/ERN/247/2024,2024-12-05,3,3,Inprogress,Ernakulam,ELAMKULAM,Kanayannur
OMG SOVEREIGN VILLAS EAST,OMG PROPERTIES PRIVATE LIMITED,Villas (Plots & Buildings),2024-11-13,2029-11-12,K-RERA/PRJ/ERN/021/2025,2025-02-10,7,4,Inprogress,Ernakulam,KARUKUTTY,Aluva
Capkon Zion,CAPKON DEVELOPERS PRIVATE LIMITED,Residential (Apartment),2025-01-01,2029-11-15,K-RERA/PRJ/KKD/243/2024,2024-11-26,114,67,Inprogress,Kozhikode,PANTHEERANKAVU,Kozhikode
NAVERA ANTALYA,Navera Builders Private Limited,Residential (Apartment),2025-01-01,2030-12-31,K-RERA/PRJ/TSR/027/2025,2025-02-11,56,23,Inprogress,Thrissur,NADATHARA,Thrissur
CONFIDENT ASTORIA,Confident Projects Residential,Residential (Apartment),2025-03-05,2030-03-05,K-RERA/PRJ/TVM/005/2025,2025-01-06,125,44,Inprogress,Thiruvananthapuram,ATTIPRA,THIRUVANANTHAPRUAM
ACCORD SOVEREIGN,ACCORD HABITAT PRIVATE LIMITED,Residential (Apartment),2025-05-01,2030-07-31,K-RERA/PRJ/ERN/065/2025,2025-06-11,30,4,Inprogress,Ernakulam,KAKKANAD,Kanayannur
Capkon Pristine,CAPKON DEVELOPERS PRIVATE LIMITED,Residential (Apartment),2025-03-01,2029-12-17,K-RERA/PRJ/KKD/266/2024,2024-12-30,84,57,Inprogress,Kozhikode,CHELAVUR,Kozhikode
JAIRAJ SANVI,JAIRAJ PROJECTS PRIVATE LIMITED,Plots,2025-01-30,2028-08-30,K-RERA/PRJ/ERN/022/2025,2025-02-10,,1,Completed,Ernakulam,THEKKUMBHAGOM KANAYANNUR,Kanayannur
REIGATE MONTE MIRAGE -PHASE 2,Reigate Developers Limited Liability Partnership,Residential (Apartment),2026-05-01,2029-05-31,K-RERA/PRJ/KKD/038/2026,2026-03-12,18,0,Inprogress,Kozhikode,PUTHIYANGADI,Kozhikode
HILIFE LUXUS APARTMENTS,HiLife Builders Pvt Ltd,Residential (Apartment),2025-12-18,2030-12-18,K-RERA/PRJ/TSR/023/2025,2025-02-10,46,15,Inprogress,Thrissur,CHEMBUKAVU,Thrissur
SILPI HERITAGE COURTYARD,SILPI PROJECTS,Residential (Apartment),2025-03-15,2029-10-14,K-RERA/PRJ/ERN/039/2025,2025-03-11,23,5,Inprogress,Ernakulam,NADAMA,Kanayannur
VILLA DEEPAKAM - MUTTIKULANGARA,DEEPAKAM HOUSING,Villas (Plots & Buildings),2025-04-05,2027-12-01,K-RERA/PRJ/PKD/127/2025,2025-09-22,5,0,Completed,Palakkad,PUTHUPPARIYARAM II,Palakkad
DD STADIA,DESAI HOMES PROPERTIES PRIVATE LIMITED,Residential (Apartment),2025-08-31,2029-12-31,K-RERA/PRJ/TVM/076/2025,2025-06-21,144,13,Inprogress,Thiruvananthapuram,VEILOOR,THIRUVANANTHAPRUAM
LOTUS SAMSKRITHI,VEDAPURI LOTUS PROPERTIES PVT LTD,Residential (Apartment),2025-04-03,2027-12-30,K-RERA/PRJ/ERN/056/2025,2025-05-15,12,9,Inprogress,Ernakulam,NADAMA,Kanayannur
PREETH APARTMENTS,THIYYADATH DEVELOPERS PRIVATE LIMITED,Residential (Apartment),2025-01-01,2029-03-31,K-RERA/PRJ/TSR/141/2025,2025-10-29,50,0,Inprogress,Thrissur,CHEMBUKAVU,Thrissur
SHANOOR INFO CLUB,SHANOOR PROJECTS AND REALTORS PVT LTD,Residential (Apartment),2025-07-01,2031-02-28,K-RERA/PRJ/TVM/070/2025,2025-06-12,98,43,Inprogress,Thiruvananthapuram,ATTIPRA,THIRUVANANTHAPRUAM
KBCMWS Apartment Project,KOLLAM BANKERS CLUB MEMBERS WELFARE SOCIETY,Residential (Apartment),2025-03-27,2030-03-26,K-RERA/PRJ/KLM/053/2025,2025-05-08,60,59,Inprogress,Kollam,KOLLAM WEST,Kollam
Greens,Jayaraj  J,Plots,2025-05-05,2025-10-15,K-RERA/PRJ/TVM/106/2025,2025-08-29,,0,Completed,Thiruvananthapuram,AYIROOPARA,THIRUVANANTHAPRUAM
SKYLINE DYNASTY,M/s Skyline Builders,Mixed (Commercial & Residential),2025-09-01,2029-12-31,K-RERA/PRJ/ERN/054/2025,2025-05-14,73,54,Inprogress,Ernakulam,VAZHAKKALA,Kanayannur
EASTBROOK BY VALLUVASSERY,VALLUVASSERYBUILDERSPRIVATELTD,Villas (Plots & Buildings),2023-08-20,2027-07-26,K-RERA/PRJ/ERN/080/2026,2026-05-29,5,0,Inprogress,Ernakulam,THIRUVANIYOOR,Kunnathunad
DEKON SILVER LAND,DEKON BUILDERS AND DEVELOPERS LLP,Residential (Apartment),2025-07-07,2029-07-07,K-RERA/PRJ/KKD/057/2025,2025-05-15,36,8,Inprogress,Kozhikode,KUTTIKKATTOOR,Kozhikode
MANSIONS ICONIQ,MANSIONS,Mixed (Commercial & Residential),2025-06-15,2029-12-30,K-RERA/PRJ/TVM/084/2025,2025-07-11,56,15,Inprogress,Thiruvananthapuram,KADAKAMPALLY,THIRUVANANTHAPRUAM
Valley View,Jomy  George,Plots,2025-08-01,2026-12-31,K-RERA/PRJ/IDK/125/2025,2025-09-16,,4,Inprogress,Idukki,ELAPPARA,PEERUMADE
VEEGALAND FLORA,VEEGALAND DEVELOPERS PRIVATE LIMITED,Residential (Apartment),2025-08-01,2029-11-30,K-RERA/PRJ/ERN/097/2025,2025-07-30,44,25,Inprogress,Ernakulam,EDAPPALLY NORTH,Kanayannur
ASSET PALETTE,ASSET HOMES PRIVATE LIMITED,Residential (Apartment),2025-08-15,2030-08-15,K-RERA/PRJ/ERN/109/2025,2025-09-02,31,10,Inprogress,Ernakulam,EDAPPALLY SOUTH,Kanayannur
VICTORIA REALTORS TUSHARAM,DHARMIC LIVING PVT LTD,Plots,2025-04-25,2030-04-30,K-RERA/PRJ/PKD/081/2025,2025-07-04,,10,Inprogress,Palakkad,VANIYAKULAM II,Ottappalam
LEMONTREE,PR GIGIKUMAR  ,Residential (Apartment),2022-12-28,2025-02-27,K-RERA/PRJ/ERN/099/2025,2025-08-08,10,10,Inprogress,Ernakulam,NEDUMBASSERY,Aluva
VARMA HIGHLINE,VARMA HOMES PRIVATE LIMITED,Residential (Apartment),2026-02-05,2031-02-04,K-RERA/PRJ/ERN/172/2025,2025-12-27,74,29,Inprogress,Ernakulam,MARADU,Kanayannur
VARMA AVENUE,VARMA HOMES PRIVATE LIMITED,Residential (Apartment),2026-01-05,2031-01-04,K-RERA/PRJ/ERN/146/2025,2025-11-03,77,39,Inprogress,Ernakulam,VAZHAKKALA,Kanayannur
PATHMASEEMA LANE,LEENA MUTHALALI P,Plots,2025-05-20,2030-02-21,K-RERA/PRJ/TVM/159/2025,2025-12-01,,3,Completed,Thiruvananthapuram,ULIYAZHATHURA,THIRUVANANTHAPRUAM
ASSET TKM MALHAR,ASSET HOMES PRIVATE LIMITED,Residential (Apartment),2025-08-01,2030-08-01,K-RERA/PRJ/KLM/094/2025,2025-07-25,62,42,Inprogress,Kollam,MANGADU KOLLAM,Kollam
Kem Harmony,M/s Kem Builders,Residential (Apartment),2025-07-25,2028-05-08,K-RERA/PRJ/ERN/088/2025,2025-07-21,16,13,Inprogress,Ernakulam,KUNNATHUNAD,Kunnathunad
CORDIAL DIYA,CORDIAL HOMES PVT LTD,Residential (Apartment),2025-09-10,2028-12-30,K-RERA/PRJ/TVM/131/2025,2025-10-08,29,0,Inprogress,Thiruvananthapuram,SASTHAMANGALAM,THIRUVANANTHAPRUAM
DHARMIC AURRA,DHARMIC LIVING SPACES INDIA LIMITED,Plots,2025-07-15,2030-07-31,K-RERA/PRJ/ERN/108/2025,2025-09-02,,0,Completed,Ernakulam,ALUVA EAST,Aluva
ABAD Luxuria,ABAD BUILDERS PVT LTD,Residential (Apartment),2025-07-16,2029-07-31,K-RERA/PRJ/ERN/122/2025,2025-09-08,88,26,Inprogress,Ernakulam,VAZHAKKALA,Kanayannur
ASSET GRANARY,ASSET HOMES PRIVATE LIMITED,Residential (Apartment),2025-09-20,2030-09-20,K-RERA/PRJ/PKD/114/2025,2025-09-08,44,25,Inprogress,Palakkad,PALAKKAD-3,Palakkad
DHARMIC SANCTUM 6,DHARMIC LIVING SPACES INDIA LIMITED,Plots,2025-08-05,2030-07-16,K-RERA/PRJ/TSR/113/2025,2025-09-08,,0,Completed,Thrissur,ANJOOR THRISSUR,Thrissur
AAZIM HOMES,Abdul  Rasheed,Residential (Apartment),2025-07-07,2027-07-31,K-RERA/PRJ/TSR/124/2025,2025-09-15,18,4,Inprogress,Thrissur,GURUVAYUR,Chavakkad
ASSET BANYAN COURT,ASSET HOMES PRIVATE LIMITED,Residential (Apartment),2025-11-22,2030-11-23,K-RERA/PRJ/KNR/142/2025,2025-10-29,53,39,Inprogress,Kannur,ELAYAVOOR,Kannur
NAKSHTRA,Chothy's Building Promoters Pvt Ltd,Residential (Apartment),2025-07-31,2030-07-30,K-RERA/PRJ/TVM/154/2025,2025-11-18,57,5,Inprogress,Thiruvananthapuram,THIRUMALA,THIRUVANANTHAPRUAM
Burlington Apartments,Mesco Realty LLP,Residential (Apartment),2025-08-01,2030-07-24,K-RERA/PRJ/KKD/116/2025,2025-09-08,55,15,Inprogress,Kozhikode,PUTHIYANGADI,Kozhikode
KENT ECO SANCTUM,Kent Constructions Pvt Ltd,Residential (Apartment),2023-12-01,2027-12-31,K-RERA/PRJ/ERN/212/2023,2023-11-18,68,27,Inprogress,Ernakulam,EDAPPALLY NORTH,Kanayannur
OCEANUS GRANDEUR,OCEANUS DWELLINGS PVT LIMITED,Residential (Apartment),2024-04-10,2028-12-31,K-RERA/PRJ/PKD/220/2024,2024-11-02,195,31,Inprogress,Palakkad,PALAKKAD-2,Palakkad
Pushpagiriyil Santos Residency,Pushpagiriyil Builders and Developers,Residential (Apartment),2023-11-08,2027-12-31,K-RERA/PRJ/KTM/234/2023,2023-12-13,43,21,Inprogress,Kottayam,PAYIPPADU,Changanassery
URBANSCAPE DIVINITY VILLAS,Urbanscape Properties LLP,Villas (Plots & Buildings),2023-12-01,2028-12-01,K-RERA/PRJ/TVM/223/2023,2023-12-05,30,5,Inprogress,Thiruvananthapuram,KOLIYACODE,Nedumangad
SUN CORNER STONE PHASE 2,SUN PROJECTS INDIA PRIVATE LIMITED,Residential (Apartment),2024-01-01,2028-11-05,K-RERA/PRJ/TVM/233/2023,2023-12-13,54,27,Inprogress,Thiruvananthapuram,KADAKAMPALLY,THIRUVANANTHAPRUAM
VICTORIA REALTORS NANDANAM,DHARMIC LIVING PVT LTD,Plots,2023-12-10,2028-12-31,K-RERA/PRJ/TSR/232/2023,2023-12-13,,5,Inprogress,Thrissur,ANJOOR THRISSUR,Thrissur
ADORA ETERNITY,ADORA HOMES PRIVATE LIMITED,Residential (Apartment),2024-02-12,2028-12-31,K-RERA/PRJ/TSR/237/2023,2023-12-19,49,47,Inprogress,Thrissur,MARATHAKKARA,Thrissur
Hanco Diya,Hanco Property Developers Pvt Ltd,Residential (Apartment),2026-01-15,2031-12-31,K-RERA/PRJ/PKD/031/2026,2026-02-25,20,0,Inprogress,Palakkad,PUTHUSSERY WEST,Palakkad
SOBHA RIDGE WHISPERING HILL,SOBHA LIMITED,Residential (Apartment),2024-07-31,2029-12-31,K-RERA/PRJ/TVM/012/2024,2024-01-11,110,100,Inprogress,Thiruvananthapuram,CHERUVAKKAL,THIRUVANANTHAPRUAM
KRISHNA PALACE GURUVAYUR,KRISHNA PROPERTY DEVELOPERS,Shops/Office Space (Commercial),2023-12-14,2028-02-14,K-RERA/PRJ/TSR/022/2024,2024-01-19,45,29,Inprogress,Thrissur,THAIKKAD CHAVAKKAD,Chavakkad
ECOMOUNT GREEN CITY HEIGHTS I,Ecomount Builders & Developers Private Limited,Residential (Apartment),2024-01-01,2030-12-31,K-RERA/PRJ/KKD/014/2024,2024-01-17,111,28,Inprogress,Kozhikode,PUTHUPPADY,THAMARASSERY
Amoda,Promag Realtors & Developers Pvt Ltd,Residential (Apartment),2024-03-15,2028-10-07,K-RERA/PRJ/TVM/010/2024,2024-01-08,7,3,Inprogress,Thiruvananthapuram,SASTHAMANGALAM,THIRUVANANTHAPRUAM
SKYLINE VISTARA,M/s Skyline Builders,Residential (Apartment),2024-01-01,2028-12-31,K-RERA/PRJ/TSR/001/2024,2024-01-01,54,34,Inprogress,Thrissur,NADATHARA,Thrissur
SPACE ON EARTH BOTANICAL GARDEN,CRESCENT BUILDERS,Residential (Apartment),2024-04-01,2027-03-31,K-RERA/PRJ/KKD/027/2024,2024-01-30,31,31,Inprogress,Kozhikode,OLAVANNA,Kozhikode
THE WAVE CASTLE,BUILDOWN DEVELOPERS PRIVATE LIMITED,Villas (Plots & Buildings),2024-01-05,2030-12-31,K-RERA/PRJ/ERN/058/2024,2024-03-12,51,18,Inprogress,Ernakulam,KUNNATHUNAD,Kunnathunad
"ASSET THE AVON, BRIDGETOWN",ASSET HOMES PRIVATE LIMITED,Residential (Apartment),2024-03-15,2028-03-15,K-RERA/PRJ/ERN/015/2024,2024-01-18,48,26,Inprogress,Ernakulam,VAZHAKKALA,Kanayannur
Sayoojyam,Sudheer Kalathil Sukumaran,Plots,2018-09-18,2025-03-31,K-RERA/PRJ/PKD/043/2024,2024-02-16,,0,Completed,Palakkad,PIRIYARI,Palakkad
ECOMOUNT REDFORT,ECOMOUNT INFRA LLP,Residential (Apartment),2024-02-28,2029-02-15,K-RERA/PRJ/KKD/070/2024,2024-04-03,35,13,Inprogress,Kozhikode,KODANCHERY,THAMARASSERY
GREEN TREE,AR Builders & Contractors,Residential (Apartment),2024-08-19,2027-08-18,K-RERA/PRJ/ERN/158/2024,2024-08-07,12,3,Inprogress,Ernakulam,THEKKUMBHAGOM KANAYANNUR,Kanayannur
DD ARENA,Desai Rachana Private Limited,Residential (Apartment),2024-05-31,2028-12-31,K-RERA/PRJ/TVM/094/2024,2024-05-16,152,92,Inprogress,Thiruvananthapuram,VEILOOR,THIRUVANANTHAPRUAM
MILLENIA,OMG PROPERTIES,Plots,2025-04-23,2030-04-22,K-RERA/PRJ/PKD/066/2025,2025-06-11,,0,Inprogress,Palakkad,MARUTHUROAD,Palakkad
SITARAM TEJAL,NATE BUILDERS PRIVATE LIMITED,Shops/Office Space (Commercial),2018-02-02,2025-12-31,K-RERA/PRJ/TSR/095/2025,2025-07-25,43,2,Completed,Thrissur,THRISSUR,Thrissur
USP LAKESIDE HAVEN,Urbanscape Properties LLP,Residential (Apartment),2025-06-20,2030-01-31,K-RERA/PRJ/TVM/083/2025,2025-07-04,52,13,Inprogress,Thiruvananthapuram,CHERUVAKKAL,THIRUVANANTHAPRUAM
THE ivy ENCLAVE By Favourite Homes,FAVOURITE CONSTRUCTIONS PRIVATE LIMITED,Residential (Apartment),2025-05-13,2028-12-31,K-RERA/PRJ/TVM/068/2025,2025-06-11,62,22,Inprogress,Thiruvananthapuram,ULOOR,THIRUVANANTHAPRUAM
THE ELARA,BUILDOWN DEVELOPERS PRIVATE LIMITED,Villas (Plots & Buildings),2025-06-01,2031-12-31,K-RERA/PRJ/TVM/092/2025,2025-07-25,20,4,Inprogress,Thiruvananthapuram,CHERUVAKKAL,THIRUVANANTHAPRUAM
RIZIERE MEADOWS,JOSE  ANTONY,Plots,2025-05-13,2026-06-30,K-RERA/PRJ/ERN/128/2025,2025-09-22,,0,Inprogress,Ernakulam,KUNNATHUNAD,Kunnathunad
DREAMFLOWER PROXIMA,DREAM FLOWER HOUSING PROJECTS PVT LTD,Mixed (Commercial & Residential),2025-06-26,2027-09-30,K-RERA/PRJ/ERN/086/2025,2025-07-17,16,10,Inprogress,Ernakulam,KAKKANAD,Kanayannur
SFS MELODY OF THE WIND,SKYLINE FOUNDATIONS AND STRUCTURES PRIVATE LIMITED,Residential (Apartment),2025-08-27,2029-08-31,K-RERA/PRJ/TVM/087/2025,2025-07-17,84,44,Inprogress,Thiruvananthapuram,PALLIPURAM TRIVANDRUM,THIRUVANANTHAPRUAM
FORMS THE CROWN,FORMS BUILDERS,Plots,2025-06-11,2028-06-11,K-RERA/PRJ/TSR/104/2025,2025-08-22,,2,Completed,Thrissur,OLLUR,Thrissur
CUBE VISTA,cube associates,Villas (Plots & Buildings),2025-04-10,2027-12-30,K-RERA/PRJ/TVM/169/2025,2025-12-18,20,1,Inprogress,Thiruvananthapuram,VATTAPPARA,Nedumangad
J V N Sunrise Estate,J V N HOMES PRIVATE LIMITED,Shops/Office Space (Commercial),2025-02-03,2030-02-03,K-RERA/PRJ/ERN/045/2026,2026-03-21,3,0,Inprogress,Ernakulam,AIKARANAD SOUTH,Kunnathunad
BECORA SKY CITY - Phase 1,BECORA DEVELOPERS LLP,Residential (Apartment),2025-11-01,2030-07-28,K-RERA/PRJ/MPM/133/2025,2025-10-08,56,23,Inprogress,Malappuram,EZHAVATHURUHY,Ponnani
Woodsmanor Phase1,J P SQUARE,Plots,2025-08-13,2026-03-30,K-RERA/PRJ/ERN/174/2025,2025-12-27,,0,Inprogress,Ernakulam,KIZHAKKAMBALAM,Kunnathunad
ADORA AETHER,ADORA HOMES PRIVATE LIMITED,Residential (Apartment),2025-12-15,2030-12-31,K-RERA/PRJ/TSR/123/2025,2025-09-11,60,16,Inprogress,Thrissur,OLLUKKARA,Thrissur
CONFIDENT NATURE,Confident Projects Residential,Residential (Apartment),2025-09-22,2030-09-22,K-RERA/PRJ/TVM/136/2025,2025-10-15,95,0,Inprogress,Thiruvananthapuram,AYIROOPARA,THIRUVANANTHAPRUAM
VISHRAAM VISMAYA,Vishraam Builders and Developers Pvt Ltd,Residential (Apartment),2025-10-09,2030-10-09,K-RERA/PRJ/ERN/155/2025,2025-11-20,66,12,Inprogress,Ernakulam,KIZHAKKAMBALAM,Kunnathunad
CONFIDENT GREENVILLE,Confident Projects Residential,Residential (Apartment),2025-12-20,2030-12-20,K-RERA/PRJ/TVM/161/2025,2025-12-08,96,12,Inprogress,Thiruvananthapuram,AYIROOPARA,THIRUVANANTHAPRUAM
BLISS APARTMENTS,KAMARU  ,Residential (Apartment),2019-02-04,2022-02-21,K-RERA/PRJ/TSR/042/2026,2026-03-16,11,0,Inprogress,Thrissur,MANATHALA,Chavakkad
PALM COUNTY,SRIKUMAR K P  ,Plots,2025-07-17,2029-03-31,K-RERA/PRJ/ERN/007/2026,2026-01-12,,7,Inprogress,Ernakulam,MOOKKANNOOR,Aluva
SOBHA WOODS WHISPERING HILL,SOBHA LIMITED,Residential (Apartment),2025-12-01,2031-05-31,K-RERA/PRJ/TVM/001/2026,2026-01-05,110,25,Inprogress,Thiruvananthapuram,CHERUVAKKAL,THIRUVANANTHAPRUAM
LA PALAZZO BY FAVOURITE HOMES,FAVOURITE CONSTRUCTIONS PRIVATE LIMITED,Residential (Apartment),2025-08-05,2029-02-28,K-RERA/PRJ/TVM/126/2025,2025-09-22,94,20,Inprogress,Thiruvananthapuram,PANGAPARA,THIRUVANANTHAPRUAM
COCO BLISS,VIRUTCHAM HOMES LLP,Plots,2025-06-01,2025-12-31,K-RERA/PRJ/PKD/132/2025,2025-10-08,,0,Completed,Palakkad,SHOLAYUR,Attappadi Tribal
CREATIONS LUXON,CREATIONS VILLAS & APARTMENTS PRIVATE LIMITED,Mixed (Commercial & Residential),2025-09-25,2031-12-31,K-RERA/PRJ/TVM/164/2025,2025-12-08,77,1,Inprogress,Thiruvananthapuram,VATTIYOORKAVU,THIRUVANANTHAPRUAM
VEEGALAND LLUVIA GARDEN,VEEGALAND DEVELOPERS PRIVATE LIMITED,Residential (Apartment),2026-01-01,2031-05-31,K-RERA/PRJ/TVM/004/2026,2026-01-12,163,30,Inprogress,Thiruvananthapuram,KADAKAMPALLY,THIRUVANANTHAPRUAM
MOMS POETRY,MOMS VENTURES LLP,Villas (Plots & Buildings),2025-09-01,2030-08-31,K-RERA/PRJ/PKD/148/2025,2025-11-13,20,0,Inprogress,Palakkad,KANNADI II,Palakkad
VICTORIA REALTORS CASA SERENITY,DHARMIC LIVING PVT LTD,Plots,2025-08-30,2030-08-19,K-RERA/PRJ/ERN/138/2025,2025-10-21,,0,Completed,Ernakulam,THIRUVANIYOOR,Kunnathunad
OSKO CEDAR,OSKO BUILDERS INDIA PRIVATE LIMITED,Residential (Apartment),2025-11-12,2030-11-11,K-RERA/PRJ/TVM/019/2026,2026-02-03,55,10,Inprogress,Thiruvananthapuram,KADAKAMPALLY,THIRUVANANTHAPRUAM
ABAD Lake View Heights,ABAD BUILDERS PVT LTD,Residential (Apartment),2025-09-15,2029-09-30,K-RERA/PRJ/ERN/028/2026,2026-02-17,99,32,Inprogress,Ernakulam,MARADU,Kanayannur
Capkon Crest,CAPKON DEVELOPERS PRIVATE LIMITED,Residential (Apartment),2026-01-01,2030-06-30,K-RERA/PRJ/KNR/143/2025,2025-10-29,52,34,Inprogress,Kannur,Kannur 1,Kannur
TBPL HARIKEERTHANAM,Thrissur Builders Private Limited,Residential (Apartment),2026-01-10,2030-12-30,K-RERA/PRJ/TSR/144/2025,2025-10-31,50,21,Inprogress,Thrissur,GURUVAYUR,Chavakkad
NJN Merrivill,NJN HOMES & HOUSING PROJECTS,Residential (Apartment),2025-11-01,2029-09-01,K-RERA/PRJ/ERN/158/2025,2025-12-01,12,6,Inprogress,Ernakulam,POONITHURA,Kanayannur
SIDDHI MANSION BLUE,SIDDHI HOMES PROJECTS PVT LTD,Residential (Apartment),2025-11-01,2030-09-15,K-RERA/PRJ/ERN/024/2026,2026-02-12,39,0,Inprogress,Ernakulam,NADAMA,Kanayannur
RPN GRAND ENTRY,REDPORCH NEST PVT LTD,Plots,2025-09-17,2030-09-16,K-RERA/PRJ/TVM/022/2026,2026-02-12,,0,Inprogress,Thiruvananthapuram,ATTIPRA,THIRUVANANTHAPRUAM
BETHEL RESIDENCY,ISF PROJECTS,Residential (Apartment),2025-11-15,2028-05-14,K-RERA/PRJ/TVM/165/2025,2025-12-08,20,2,Inprogress,Thiruvananthapuram,VANCHIYOOR,THIRUVANANTHAPRUAM
ADOM HOMES,ADOM BUILDERS,Residential (Apartment),2026-01-01,2030-12-31,K-RERA/PRJ/TVM/009/2026,2026-01-16,47,0,Inprogress,Thiruvananthapuram,THIRUMALA,THIRUVANANTHAPRUAM
PROJECT DREAM WAVE,LE MIRSA DEVELOPERS LLP,Plots,2025-12-01,2027-12-31,K-RERA/PRJ/WYD/160/2025,2025-12-08,,0,Inprogress,Wayanad,KANJIRANGAD,MANANTHAVADY
Beneath The Wandering Leaf,CASADEL HOMES PRIVATE LIMITED,Residential (Apartment),2026-03-15,2030-10-20,K-RERA/PRJ/ERN/018/2026,2026-02-03,58,0,Inprogress,Ernakulam,MARADU,Kanayannur
SKYLINE MARINA BAY,M/s Skyline Builders,Mixed (Commercial & Residential),2025-12-15,2030-12-14,K-RERA/PRJ/KKD/016/2026,2026-02-03,24,5,Inprogress,Kozhikode,NAGARAM,Kozhikode
CHATHAMKULAM SWARGA,CHATHAMKULAM PROJECTS AND DEVELOPERS PVT LTD,Residential (Apartment),2026-08-01,2032-04-30,K-RERA/PRJ/PKD/021/2026,2026-02-03,60,0,Inprogress,Palakkad,KANNADI II,Palakkad
PEAK PARADISE,PARAMOUNT ISAPCE,Villas (Plots & Buildings),2026-01-10,2028-08-15,K-RERA/PRJ/ERN/033/2026,2026-03-05,14,0,Inprogress,Ernakulam,MARADU,Kanayannur
MJ Residency,MJ Builders,Mixed (Commercial & Residential),2024-01-02,2026-07-05,K-RERA/PRJ/ERN/097/2024,2024-05-20,21,0,Inprogress,Ernakulam,NEDUMBASSERY,Aluva
Yeskay Pearl View Apartments,Yeskay Builders,Residential (Apartment),2024-04-15,2028-08-15,K-RERA/PRJ/ERN/163/2024,2024-08-12,46,22,Inprogress,Ernakulam,EDAPPALLY SOUTH,Kanayannur
Galaxy Swiss Royale,Galaxy Homes Pvt Ltd,Residential (Apartment),2024-05-03,2026-12-31,K-RERA/PRJ/ERN/107/2024,2024-05-25,44,0,Inprogress,Ernakulam,EDAPPALLY SOUTH,Kanayannur
SKYLINE SANCTUARY,M/s Skyline Builders,Plots,2024-04-01,2025-10-30,K-RERA/PRJ/ERN/067/2024,2024-03-30,,44,Completed,Ernakulam,ALANGAD,Paravur
Oceanus Golden Peak,Oceanus Dwellings Pvt Ltd,Residential (Apartment),2024-05-06,2029-02-22,K-RERA/PRJ/TVM/117/2024,2024-06-20,87,30,Inprogress,Thiruvananthapuram,ATTIPRA,THIRUVANANTHAPRUAM
Udayamperoor Plots,Saramma  Joseph,Plots,2023-07-30,2024-06-17,K-RERA/PRJ/ERN/082/2024,2024-04-23,,8,Inprogress,Ernakulam,MANAKUNNAM,Kanayannur
CELESTE RIVIERA,GALAXY BUILDERS,Residential (Apartment),2024-05-15,2028-12-31,K-RERA/PRJ/KKD/089/2024,2024-05-10,96,79,Inprogress,Kozhikode,OLAVANNA,Kozhikode
DHAN TRIPADHA,VINU T S  DHAN L FOUR LANDS,Plots,2024-04-18,2025-10-17,K-RERA/PRJ/TVM/090/2024,2024-05-10,,0,Inprogress,Thiruvananthapuram,ATTIPRA,THIRUVANANTHAPRUAM
AZURI VISTA PHASE 1,Synthite Infrastructure Project Pvt Ltd,Villas (Plots & Buildings),2024-05-15,2028-08-19,K-RERA/PRJ/ERN/119/2024,2024-06-21,30,26,Inprogress,Ernakulam,AIKARANAD NORTH,Kunnathunad
SHELTERS HIGHLAND,SHELTERS  REALTY,Plots,2024-06-24,2025-06-24,K-RERA/PRJ/KTM/143/2024,2024-07-19,,0,Inprogress,Kottayam,VIJAYAPURAM,Kottayam
Neamath Sterling,Neamath Realty Private Ltd,Villas (Plots & Buildings),2024-06-15,2029-07-31,K-RERA/PRJ/PKD/130/2024,2024-07-03,17,13,Inprogress,Palakkad,OTTAPALAM I,Ottappalam
UNITY GARDENS,Vijayan K  ,Plots,2024-06-17,2025-04-30,K-RERA/PRJ/PKD/213/2024,2024-10-24,,0,Completed,Palakkad,PARALI II,Palakkad
VENTURA DALIA,Ventura Realtors India Pvt Ltd,Residential (Apartment),2016-03-18,2019-03-20,K-RERA/PRJ/ERN/144/2024,2024-07-20,42,42,Completed,Ernakulam,THRIKKAKARA NORTH,Kanayannur
HAVEN WOODS,Paulose  Paily,Plots,2023-11-01,2034-06-03,K-RERA/PRJ/ERN/153/2024,2024-08-01,,6,Inprogress,Ernakulam,AIKARANAD SOUTH,Kunnathunad
Sunpaul Grace,Eldho  Mathew,Plots,2021-02-17,2026-08-31,K-RERA/PRJ/ERN/184/2024,2024-09-19,,0,Inprogress,Ernakulam,PIRAVOM,Muvattupuzha
Kowloon,NATE BUILDERS AND DEVELOPERS LLP,Shops/Office Space (Commercial),2023-08-02,2026-01-30,K-RERA/PRJ/KLM/147/2025,2025-11-03,24,7,Inprogress,Kollam,KOLLAM EAST,Kollam
PRITHVI by SIDDHI HOMES,SIDDHI HOMES,Villas (Plots & Buildings),2024-09-02,2027-08-17,K-RERA/PRJ/ERN/179/2024,2024-09-10,8,3,Inprogress,Ernakulam,THIRUVANKULAM,Kanayannur
SUKRITHAM REGENCY,SAPTHAVARNA BUILDERS PVT LTD,Residential (Apartment),2013-10-08,2019-11-30,K-RERA/PRJ/TSR/135/2024,2024-07-09,42,29,Completed,Thrissur,GURUVAYUR,Chavakkad
ELIXIR ANFIELD,Elixir Villas & Apartments Pvt Ltd,Residential (Apartment),2024-06-05,2027-03-31,K-RERA/PRJ/TSR/133/2024,2024-07-09,27,5,Inprogress,Thrissur,OLLUR,Thrissur
CORDIAL NALINAM,CORDIAL HOMES PVT LTD,Residential (Apartment),2024-08-23,2028-09-30,K-RERA/PRJ/TVM/142/2024,2024-07-19,30,14,Inprogress,Thiruvananthapuram,VANCHIYOOR,THIRUVANANTHAPRUAM
DREAMFLOWER LA-CASITA -2,DREAM FLOWER HOUSING PROJECTS PVT LTD,Residential (Apartment),2024-08-17,2027-10-31,K-RERA/PRJ/ERN/168/2024,2024-08-23,33,24,Inprogress,Ernakulam,VAZHAKKALA,Kanayannur
SREEROSH LUXOR,SREEROSH DEVELOPERS PVT LTD,Residential (Apartment),2025-12-01,2029-06-30,K-RERA/PRJ/KNR/157/2025,2025-12-01,127,10,Inprogress,Kannur,Kannur 1,Kannur
Yamunothri Apartments,Srishty Ventures,Residential (Apartment),2025-12-01,2027-12-31,K-RERA/PRJ/KKD/005/2026,2026-01-12,9,0,Inprogress,Kozhikode,VALAYANAD,Kozhikode
CONFIDENT INFINITY,Confident Projects Residential,Residential (Apartment),2026-01-20,2031-01-20,K-RERA/PRJ/ERN/171/2025,2025-12-23,82,7,Inprogress,Ernakulam,CHERANALLUR,Kanayannur
Ghazal Elysium,Ghazal Builders & Developers LLP,Residential (Apartment),2026-01-01,2029-06-30,K-RERA/PRJ/KKD/006/2026,2026-01-12,58,10,Inprogress,Kozhikode,CHELAVUR,Kozhikode
THE WHITE LILY BY FAVOURITE HOMES,FAVOURITE CONSTRUCTIONS PRIVATE LIMITED,Residential (Apartment),2025-11-19,2029-04-30,K-RERA/PRJ/TVM/002/2026,2026-01-05,52,15,Inprogress,Thiruvananthapuram,PATTOM,THIRUVANANTHAPRUAM
KALYAN SKY HIGH,Kalyan Developers,Residential (Apartment),2026-04-01,2031-01-28,K-RERA/PRJ/TSR/046/2026,2026-03-21,121,0,Inprogress,Thrissur,THRISSUR,Thrissur
VALLATH HILLS,KURIAKOSE VATTAMATTAM ABRAHAM,Plots,2025-12-01,2028-12-31,K-RERA/PRJ/KKD/030/2026,2026-02-25,,0,Inprogress,Kozhikode,CHELAVUR,Kozhikode
CONDOR ASTER -2,CONDOR BUILDERS PVT LTD,Residential (Apartment),2026-01-01,2030-03-31,K-RERA/PRJ/TVM/056/2026,2026-04-23,51,0,Inprogress,Thiruvananthapuram,ATTIPRA,THIRUVANANTHAPRUAM
CORDIAL VIVANA,CORDIAL DEVELOPERS PVT LTD,Residential (Apartment),2026-02-05,2032-02-05,K-RERA/PRJ/TVM/032/2026,2026-02-28,100,0,Inprogress,Thiruvananthapuram,PALLIPURAM TRIVANDRUM,THIRUVANANTHAPRUAM
CONFIDENT GRAND HEIGHTS,Confident Projects Residential,Residential (Apartment),2026-01-20,2031-01-20,K-RERA/PRJ/TSR/010/2026,2026-02-02,81,1,Inprogress,Thrissur,OLLUR,Thrissur
Oceanus Elegance,Oceanus Dwellings Pvt Ltd,Residential (Apartment),2026-02-01,2029-01-31,K-RERA/PRJ/KNR/040/2026,2026-03-13,42,12,Inprogress,Kannur,Kannur 1,Kannur
CH Bhuvi,Chandrus Housing Projects Private Limited,Residential (Apartment),2026-04-01,2028-09-30,K-RERA/PRJ/ERN/058/2026,2026-04-23,16,0,Inprogress,Ernakulam,POONITHURA,Kanayannur
SMS OASIS -II,SMS BUILDERS,Residential (Apartment),2026-04-06,2031-01-27,K-RERA/PRJ/ERN/076/2026,2026-05-26,12,0,Inprogress,Ernakulam,THOPPUMPADY,Kochi
MAPLETREELIVING - THE LUMIERE,MAPLETREE HABITATS LLP,Residential (Apartment),2026-02-06,2031-02-06,K-RERA/PRJ/ERN/081/2026,2026-05-29,16,0,Inprogress,Ernakulam,KAKKANAD,Kanayannur
Aadhi Sholayoor Resort,AADHI DREAM SPACES PRIVATE LIMITED,Plots,2026-04-02,2030-11-13,K-RERA/PRJ/PKD/062/2026,2026-04-23,,0,Inprogress,Palakkad,SHOLAYUR,Attappadi Tribal
Kalyan Opal 2,Kalyan Developers,Residential (Apartment),2026-05-02,2031-02-26,K-RERA/PRJ/TSR/084/2026,2026-05-30,58,0,Inprogress,Thrissur,VILVATTOM,Thrissur
Neamath Sanskriti,Neamath Realty Private Ltd,Villas (Plots & Buildings),2026-04-01,2031-05-31,K-RERA/PRJ/PKD/069/2026,2026-05-12,20,0,Inprogress,Palakkad,VANIYAKULAM II,Ottappalam
ONE SUITE,CCJ ONE SUITE LLP,Residential (Apartment),2026-02-01,2029-12-31,K-RERA/PRJ/KKD/026/2026,2026-02-12,214,0,Inprogress,Kozhikode,KAKKODI,Kozhikode
THE SKYE,CRIETOR SKYE LLP,Villas (Plots & Buildings),2026-01-21,2030-12-31,K-RERA/PRJ/KKD/036/2026,2026-03-09,62,0,Inprogress,Kozhikode,CHELAVUR,Kozhikode
AVASA,HIMASRISHTI VENTURES PRIVATE LIMITED,Plots,2025-06-28,2029-06-30,K-RERA/PRJ/ERN/044/2026,2026-03-21,,0,Inprogress,Ernakulam,AIKARANAD NORTH,Kunnathunad
SREEROSH ICON,SREEROSH DEVELOPERS PVT LTD,Residential (Apartment),2026-01-21,2030-12-31,K-RERA/PRJ/KNR/034/2026,2026-03-07,155,28,Inprogress,Kannur,Kannur 1,Kannur
VFIVE TECHNOPOLIS,VFIVE HOMES PRIVATE LIMITED,Residential (Apartment),2026-01-12,2031-01-11,K-RERA/PRJ/TVM/067/2026,2026-05-08,89,0,Inprogress,Thiruvananthapuram,VEILOOR,THIRUVANANTHAPRUAM
GRAND VEYRA,Mox Villas and Apartments Pvt Ltd,Villas (Plots & Buildings),2026-03-01,2029-03-01,K-RERA/PRJ/ERN/075/2026,2026-05-26,13,0,Inprogress,Ernakulam,NEDUMBASSERY,Aluva
VISTA DELRIO,VISTA DELRIO LLP,Residential (Apartment),2026-01-01,2029-03-31,K-RERA/PRJ/KKD/051/2026,2026-03-30,76,0,Inprogress,Kozhikode,KODIYATHUR,Kozhikode
ARCON CYBER SPACE,ARCON HOME BUILDERS PRIVATE LIMITED,Residential (Apartment),2026-04-01,2031-02-08,K-RERA/PRJ/TVM/059/2026,2026-04-23,69,0,Inprogress,Thiruvananthapuram,ATTIPRA,THIRUVANANTHAPRUAM
USP Royal manor,Urbanscape Properties LLP,Residential (Apartment),2026-04-15,2030-04-30,K-RERA/PRJ/TVM/079/2026,2026-05-29,42,0,Inprogress,Thiruvananthapuram,PATTOM,THIRUVANANTHAPRUAM
CLASSIC INDIAN ESSENCE,Classic Constructions,Residential (Apartment),2026-04-01,2030-04-30,K-RERA/PRJ/ERN/053/2026,2026-04-23,38,0,Inprogress,Ernakulam,VAZHAKKALA,Kanayannur
Fezco Fiora,FEZCO FIORA PRIVATE LIMITED,Residential (Apartment),2026-08-01,2030-12-31,K-RERA/PRJ/KKD/085/2026,2026-05-30,66,0,Inprogress,Kozhikode,VALAYANAD,Kozhikode
SUNSHINE PARK,Sanoj  Raveendranath,Plots,2024-01-01,2026-12-31,K-RERA/PRJ/PKD/086/2026,2026-05-30,,0,Inprogress,Palakkad,OTTAPALAM II,Ottappalam
CONFIDENT LOTUS,Confident Projects Residential,Residential (Apartment),2018-01-25,2023-07-25,K-RERA/PRJ/016/2020,2021-05-14,130,126,Completed,Thrissur,ARANATTUKARA,Thrissur
ASSET MOON GRACE,ASSET HOMES PRIVATE LIMITED,Residential (Apartment),2019-12-15,2025-05-30,K-RERA/PRJ/011/2020,2021-05-26,47,27,Completed,Ernakulam,ERNAKULAM,Kanayannur
ASSET RAINTREE,ASSET HOMES PRIVATE LIMITED,Residential (Apartment),2017-07-06,2023-09-30,K-RERA/PRJ/029/2020,2021-07-12,67,67,Completed,Kannur,PUZHATHI,Kannur
SKYLINE XYLUS,M/s Skyline Builders,Residential (Apartment),2021-08-01,2026-01-31,K-RERA/PRJ/097/2021,2021-04-15,51,51,Completed,Ernakulam,KAKKANAD,Kanayannur
ANTA - ICON,ANTA BUILDERS & DEVELOPERS PVT LTD,Mixed (Commercial & Residential),2020-11-01,2025-08-31,K-RERA/PRJ/TVM/032/2021,2021-08-02,63,11,Inprogress,Thiruvananthapuram,KADAKAMPALLY,THIRUVANANTHAPRUAM
ASSET LUMINAIRE,ASSET HOMES PRIVATE LIMITED,Residential (Apartment),2018-03-05,2021-10-30,K-RERA/PRJ/328/2020,2021-05-31,52,52,Completed,Ernakulam,ELAMKULAM,Kanayannur
SKYLINE PEARL,M/s Skyline Builders,Residential (Apartment),2015-04-20,2024-09-30,K-RERA/PRJ/300/2020,2021-04-17,65,45,Completed,Kottayam,MUTTAMBALAM,Kottayam
DD DIAMOND PARK,SEA WIND REALTORS INDIA PRIVATE LIMITED,Residential (Apartment),2021-03-31,2025-06-30,K-RERA/PRJ/TSR/015/2021,2021-05-21,98,0,Completed,Thrissur,OLLUR,Thrissur
TBPL LOIRE,Thrissur Builders Private Limited,Residential (Apartment),2010-01-31,2024-12-31,K-RERA/PRJ/047/2020,2021-04-26,60,60,Completed,Thrissur,OLLUKKARA,Thrissur
EMINENT,Heather Homes Private Limited,Residential (Apartment),2019-07-04,2022-07-12,K-RERA/PRJ/353/2020,2021-07-15,12,12,Completed,Thiruvananthapuram,SASTHAMANGALAM,THIRUVANANTHAPRUAM
ASSET GATEWAY,ASSET HOMES PRIVATE LIMITED,Residential (Apartment),2017-12-13,2024-12-31,K-RERA/PRJ/194/2020,2021-06-30,43,20,Inprogress,Pathanamthitta,PATHANAMTHITTA,Kozhenchery
ASSET ORCHESTRA,ASSET HOMES PRIVATE LIMITED,Mixed (Commercial & Residential),2015-08-10,2021-09-30,K-RERA/PRJ/308/2020,2021-06-02,206,206,Completed,Thiruvananthapuram,KAZHAKOOTTAM,THIRUVANANTHAPRUAM
ASSET CHRISABELLE,ASSET HOMES PRIVATE LIMITED,Mixed (Commercial & Residential),2016-07-21,2022-04-30,K-RERA/PRJ/070/2021,2021-06-02,32,32,Completed,Kottayam,KOTTAYAM,Kottayam
ASSET CORRIDOR,ASSET HOMES PRIVATE LIMITED,Mixed (Commercial & Residential),2015-07-10,2022-04-30,K-RERA/PRJ/115/2021,2021-06-02,75,40,Completed,Ernakulam,EDAPPALLY NORTH,Kanayannur
ORCHID HEIGHTS,PALATTY BUILDERS PVT LTD,Residential (Apartment),2020-10-11,2024-06-30,K-RERA/PRJ/317/2020,2021-04-17,114,13,Completed,Thrissur,IRINJALAKUDA,MUKUNDAPURAM
VICTORIA REALTORS PRATHANA,DHARMIC LIVING PVT LTD,Villas (Plots & Buildings),2019-01-01,2022-11-30,K-RERA/PRJ/073/2020,2021-03-30,0,0,Completed,Palakkad,PIRIYARI,Palakkad
DD CITY GATE,SEA WIND REALTORS INDIA PRIVATE LIMITED,Residential (Apartment),2018-01-30,2022-12-30,K-RERA/PRJ/122/2020,2021-08-25,132,98,Completed,Kottayam,PERUMBAYIKKADU,Kottayam
CIDBI CANDOR,A A ABDUL LATHIF,Residential (Apartment),2021-02-01,2025-12-20,K-RERA/PRJ/112/2021,2021-07-20,44,44,Completed,Thrissur,THRISSUR,Thrissur
ARCON PREMIA,ARCON HOME BUILDERS PRIVATE LIMITED,Residential (Apartment),2017-01-25,2022-06-30,K-RERA/PRJ/209/2020,2021-04-23,18,16,Completed,Thiruvananthapuram,SASTHAMANGALAM,THIRUVANANTHAPRUAM
SREEROSH BHARATH,SREEROSH DEVELOPERS PVT LTD,Residential (Apartment),2017-05-24,2022-12-31,K-RERA/PRJ/071/2020,2021-04-27,40,33,Completed,Kozhikode,VALAYANAD,Kozhikode
CORDIAL JEMS,CORDIAL HOMES PVT LTD,Residential (Apartment),2019-10-16,2023-03-30,K-RERA/PRJ/109/2020,2021-06-22,30,30,Completed,Thiruvananthapuram,PATTOM,THIRUVANANTHAPRUAM
CHANDYS GRACE APARTMENTS,CHANDY'S BUILDERS,Residential (Apartment),2024-12-01,2030-07-31,K-RERA/PRJ/KTM/254/2024,2024-12-12,100,9,Inprogress,Kottayam,ATHIRAMPUZHA,Kottayam
CASADEL ABOVE THE WORLD,CASADEL BUILDERS INDIA PRIVATE LIMITED,Plots,2024-08-01,2028-12-30,K-RERA/PRJ/ERN/146/2024,2024-07-23,,8,Inprogress,Ernakulam,KUNNATHUNAD,Kunnathunad
VEEGALAND QUEENS PARK,VEEGALAND DEVELOPERS PRIVATE LIMITED,Residential (Apartment),2024-09-01,2028-10-31,K-RERA/PRJ/ERN/181/2024,2024-09-10,44,31,Inprogress,Ernakulam,EDAPPALLY NORTH,Kanayannur
The Quayside 12,TRINE INFRASTRUCTURE & LEASE LLP,Residential (Apartment),2024-08-23,2029-02-23,K-RERA/PRJ/ERN/159/2024,2024-08-07,12,8,Inprogress,Ernakulam,EDAKOCHI,Kochi
i PARK,ABDUL  JABBAR,Plots,2024-05-01,2025-12-31,K-RERA/PRJ/TVM/217/2024,2024-10-28,,7,Inprogress,Thiruvananthapuram,VEILOOR,THIRUVANANTHAPRUAM
SFS LA FORTUNA,SKYLINE FOUNDATIONS AND STRUCTURES PRIVATE LIMITED,Residential (Apartment),2024-09-05,2028-11-30,K-RERA/PRJ/ERN/189/2024,2024-09-24,31,13,Inprogress,Ernakulam,KAKKANAD,Kanayannur
ASSET PAVITHRAM,ASSET SABARI PROPERTIES PRIVATE LIMITED,Residential (Apartment),2024-10-01,2029-10-01,K-RERA/PRJ/TSR/177/2024,2024-09-09,92,17,Inprogress,Thrissur,AYYANTHOLE,Thrissur
ORCHID GARDEN,PIXEL HOMES,Plots,2010-06-10,2024-07-17,K-RERA/PRJ/TVM/172/2024,2024-09-02,,0,Completed,Thiruvananthapuram,VATTAPPARA,Nedumangad
PB ZAIRE,PB HOMES PVT LTD,Residential (Apartment),2024-08-02,2029-07-30,K-RERA/PRJ/ERN/160/2024,2024-08-08,48,40,Inprogress,Ernakulam,EDAPPALLY SOUTH,Kanayannur
GRAND CYPRESS,Malabar Developers Private Limited,Residential (Apartment),2015-12-21,2019-03-31,K-RERA/PRJ/ERN/192/2024,2024-09-24,39,30,Completed,Ernakulam,ELAMKULAM,Kanayannur
ADORA ACCENT,ADORA HOMES PRIVATE LIMITED,Residential (Apartment),2024-11-01,2029-12-31,K-RERA/PRJ/TSR/166/2024,2024-08-19,36,28,Inprogress,Thrissur,AYYANTHOLE,Thrissur
PRIME MERIDIAN METROPOLITAN,MERITRA HOMES PVT LTD,Residential (Apartment),2024-09-16,2029-07-31,K-RERA/PRJ/ERN/164/2024,2024-08-19,43,29,Inprogress,Ernakulam,POONITHURA,Kanayannur
CORDIAL LAYAM II,CORDIAL HOMES PVT LTD,Residential (Apartment),2024-08-23,2028-10-30,K-RERA/PRJ/TVM/207/2024,2024-10-15,88,7,Inprogress,Thiruvananthapuram,SASTHAMANGALAM,THIRUVANANTHAPRUAM
GREEN LEAF,Rockshield Realtors and Developers Pvt Ltd,Plots,2024-10-01,2034-10-01,K-RERA/PRJ/PKD/029/2025,2025-02-11,,4,Inprogress,Palakkad,OTTAPALAM II,Ottappalam
iDfix Rose Villa,IDFIX BUILDERS PVT LTD,Villas (Plots & Buildings),2024-08-17,2026-12-31,K-RERA/PRJ/ERN/186/2024,2024-09-19,10,9,Inprogress,Ernakulam,MARADY,Muvattupuzha
R K RESIDENCY,NASAR  ABOO,Residential (Apartment),2019-11-23,2021-08-13,K-RERA/PRJ/TSR/069/2025,2025-06-11,8,8,Inprogress,Thrissur,GURUVAYUR,Chavakkad
CORDON ELEGANCE,CORDON CONSTRUCTORS & REALTORS Pvt Ltd,Residential (Apartment),2024-11-04,2029-03-30,K-RERA/PRJ/TVM/216/2024,2024-10-28,35,5,Inprogress,Thiruvananthapuram,KUDAPPANAKUNNU,THIRUVANANTHAPRUAM
SANKAR ENCLAVE,BEENA  VALSAN,Residential (Apartment),2014-06-26,2028-04-03,K-RERA/PRJ/TSR/010/2025,2025-01-15,21,3,Inprogress,Thrissur,PURANATTUKARA,Thrissur
QUEENS GATEWAY BY VARMA,VARMA HOMES PRIVATE LIMITED,Residential (Apartment),2025-02-01,2031-03-31,K-RERA/PRJ/ERN/226/2024,2024-11-11,96,57,Inprogress,Ernakulam,CHERANALLUR,Kanayannur
REIGATE MONTE MIRAGE,Reigate Developers Limited Liability Partnership,Plots,2024-12-15,2027-06-14,K-RERA/PRJ/KKD/258/2024,2024-12-23,,3,Inprogress,Kozhikode,PUTHIYANGADI,Kozhikode
WELLAGE PRAANA BY VARMA,VARMA HOMES PRIVATE LIMITED,Residential (Apartment),2026-08-10,2032-08-10,K-RERA/PRJ/ERN/063/2026,2026-05-04,152,0,Inprogress,Ernakulam,NEDUMBASSERY,Aluva
OMG VIVANTE VILLAS PHASE -2,OMG PROPERTIES PRIVATE LIMITED,Villas (Plots & Buildings),2020-11-06,2023-09-24,K-RERA/PRJ/100/2021,2021-04-23,4,0,Completed,Palakkad,MARUTHUROAD,Palakkad
DD SUNSET ISLAND,Desai Rachana Private Limited,Residential (Apartment),2018-06-20,2024-09-30,K-RERA/PRJ/215/2020,2021-05-14,152,83,Completed,Ernakulam,ELAMKUNNAPUZHA,Kochi
VIOLET HOMES,OMG PROPERTIES PRIVATE LIMITED,Villas (Plots & Buildings),2020-02-20,2025-02-16,K-RERA/PRJ/116/2021,2021-04-27,7,0,Completed,Palakkad,MARUTHUROAD,Palakkad
NOEL OCTAVE,NOEL VILLAS AND APARTMENTS,Residential (Apartment),2017-01-10,2021-06-30,K-RERA/PRJ/009/2021,2021-06-30,58,56,Completed,Ernakulam,ELAMKULAM,Kanayannur
NANMA DOWNTOWN,NANMA PROPERTIES LTD,Residential (Apartment),2020-12-15,2022-06-15,K-RERA/PRJ/365/2020,2021-08-25,12,12,Completed,Ernakulam,EDAPPALLY NORTH,Kanayannur
Kairali Feliz Apartments,Kairali Home Apartments and Villas Pvt Ltd,Residential (Apartment),2019-11-13,2022-09-30,K-RERA/PRJ/009/2020,2021-04-23,30,26,Completed,Thrissur,CHIYYARAM,Thrissur
NOEL POETRY,NOEL VILLAS AND APARTMENTS,Residential (Apartment),2017-11-29,2021-11-30,K-RERA/PRJ/050/2021,2021-07-10,90,90,Completed,Ernakulam,KAKKANAD,Kanayannur
HiLITE CYPRESS,CALICUT APOLLO BUILDERS PRIVATE LIMITED,Residential (Apartment),2016-07-12,2025-10-31,K-RERA/PRJ/242/2020,2021-09-07,64,46,Completed,Kozhikode,NELLIKODE,Kozhikode
ARTECH VGP SKY VILLAGE,ARTECH REALTORS PRIVATE LIMITED,Residential (Apartment),2017-11-14,2021-12-31,K-RERA/PRJ/050/2020,2021-05-04,110,75,Completed,Kollam,KOLLAM EAST,Kollam
LIFE SPACE,KCC HOMES,Plots,2015-04-25,2024-06-30,K-RERA/PRJ/086/2021,2021-04-17,,7,Completed,Kottayam,PEROOR,Kottayam
MANSIONS SKYLUXE,MANSIONS,Residential (Apartment),2017-08-16,2022-01-30,K-RERA/PRJ/084/2020,2021-07-30,12,12,Completed,Thiruvananthapuram,SASTHAMANGALAM,THIRUVANANTHAPRUAM
Olive Casilda,Olive Infra & Lifestyle LLP,Residential (Apartment),2020-09-19,2026-09-30,K-RERA/PRJ/061/2021,2021-07-05,62,25,Inprogress,Thrissur,VIYYUR,Thrissur
VFIVE AMRUTHA,VFIVE HOMES PRIVATE LIMITED,Residential (Apartment),2018-08-01,2024-09-30,K-RERA/PRJ/345/2020,2021-08-02,72,72,Completed,Thiruvananthapuram,PALLIPURAM TRIVANDRUM,THIRUVANANTHAPRUAM
VICTORIA REALTORS USHAS,DHARMIC LIVING PVT LTD,Villas (Plots & Buildings),2020-09-20,2023-03-20,K-RERA/PRJ/035/2021,2021-07-05,0,0,Completed,Palakkad,PIRIYARI,Palakkad
VICTORIA REALTORS ASHIRVAAD,DHARMIC LIVING PVT LTD,Villas (Plots & Buildings),2021-01-16,2024-01-20,K-RERA/PRJ/088/2021,2021-04-21,0,0,Completed,Palakkad,OTTAPALAM I,Ottappalam
JOS ALUKKAS DIAMOND ENCLAVE,ALUKKAS REALTORS INDIA PVT LITD,Residential (Apartment),2017-06-01,2021-06-30,K-RERA/PRJ/023/2021,2021-07-19,80,1,Completed,Thrissur,NADATHARA,Thrissur
SFS OLYMPIA,SKYLINE FOUNDATIONS AND STRUCTURES PRIVATE LIMITED,Residential (Apartment),2016-05-03,2020-10-31,K-RERA/PRJ/322/2020,2021-07-15,123,123,Completed,Thiruvananthapuram,KAZHAKOOTTAM,THIRUVANANTHAPRUAM
JOS ALUKKAS GOLDEN ARK,ALUKKAS REALTORS INDIA PVT LITD,Residential (Apartment),2017-01-01,2021-06-30,K-RERA/PRJ/065/2021,2021-07-19,52,31,Completed,Thiruvananthapuram,KADAKAMPALLY,THIRUVANANTHAPRUAM
Venice Prestige,Venice Builders,Residential (Apartment),2020-02-11,2023-12-31,K-RERA/PRJ/024/2021,2021-07-05,24,10,Completed,Alappuzha,ALAPPUZHA WEST,Ambalappuzha
THAKSHASILA,RAJTECH DEVELOPERS AND BUILDERS PVT LTD,Residential (Apartment),2016-07-22,2023-09-30,K-RERA/PRJ/123/2021,2021-04-30,53,42,Completed,Thiruvananthapuram,PANGAPARA,THIRUVANANTHAPRUAM
OASIS MEDAOWS,MAJO PUTHUVEEDU ABRAHAM,Plots,2024-10-10,2029-10-09,K-RERA/PRJ/KTM/055/2026,2026-04-23,,0,Inprogress,Kottayam,MADAPPALLY,Changanassery
FINCA,VAIPPIL VILLAS AND APARTMENTS,Residential (Apartment),2024-09-15,2026-03-30,K-RERA/PRJ/ERN/089/2025,2025-07-23,9,0,Inprogress,Ernakulam,EDAPPALLY NORTH,Kanayannur
SUN ELLORA,SUN PROJECTS INDIA PRIVATE LIMITED,Residential (Apartment),2024-10-25,2029-06-06,K-RERA/PRJ/TVM/223/2024,2024-11-05,32,11,Inprogress,Thiruvananthapuram,KAZHAKOOTTAM,THIRUVANANTHAPRUAM
GLORIAG APARTMENTS,GEORGE THEKKEL AUGUSTINE,Residential (Apartment),2015-03-05,2026-12-31,K-RERA/PRJ/ERN/219/2024,2024-10-30,48,3,Inprogress,Ernakulam,THRIKKARIYOOR,Kothamangalam
FLORICAN CRESCENT,CRESCENT BUILDERS,Residential (Apartment),2024-12-01,2028-11-30,K-RERA/PRJ/KKD/227/2024,2024-11-12,62,43,Inprogress,Kozhikode,VENGERI,Kozhikode
VND CENTRAL AVENUE,V N DEVELOPERS,Plots,2024-10-01,2026-12-31,K-RERA/PRJ/TSR/228/2024,2024-11-18,,3,Inprogress,Thrissur,CHEMBUKAVU,Thrissur
ROYAL CREST,PALAZHI HOMES PRIVATE LIMITED,Residential (Apartment),2025-01-01,2029-08-13,K-RERA/PRJ/TVM/038/2025,2025-03-11,70,0,Inprogress,Thiruvananthapuram,CHERUVAKKAL,THIRUVANANTHAPRUAM
PENTIUM HARMONY HEIGHTS,PENTIUM CONSTRUCTION PRIVATE LIMITED,Residential (Apartment),2025-01-01,2028-12-31,K-RERA/PRJ/MPM/232/2024,2024-11-18,60,10,Inprogress,Malappuram,PERINTALMANNA,Perinthalmanna
OMG PRIME GARDEN,OMG PROPERTIES,Plots,2024-09-27,2029-09-27,K-RERA/PRJ/TSR/248/2024,2024-12-05,,0,Inprogress,Thrissur,AVANNUR,Thrissur
REIGATE LYNDALE PARK,REIGATE BUILDERS PRIVATE LIMITED,Residential (Apartment),2024-11-08,2030-04-30,K-RERA/PRJ/KKD/242/2024,2024-11-26,138,62,Inprogress,Kozhikode,NELLIKODE,Kozhikode
CYBERSPACE,PRISUNIC BUILDERS PVT LTD,Residential (Apartment),2025-01-06,2029-01-01,K-RERA/PRJ/KKD/012/2025,2025-01-20,41,23,Inprogress,Kozhikode,NELLIKODE,Kozhikode
HEAVEN HONOUR,MEGHA HABITATS LLP,Villas (Plots & Buildings),2024-12-15,2027-10-30,K-RERA/PRJ/ERN/006/2025,2025-01-09,7,0,Inprogress,Ernakulam,EDAPPALLY SOUTH,Kanayannur
DD GREEN GARDENS,DESAI HOMES,Residential (Apartment),2025-01-09,2029-12-31,K-RERA/PRJ/ERN/030/2025,2025-02-12,124,68,Inprogress,Ernakulam,KAKKANAD,Kanayannur
AUREX CASCADE CITY,AUREX BUILDERS PVT LTD,Residential (Apartment),2025-01-01,2028-12-31,K-RERA/PRJ/TSR/263/2024,2024-12-24,45,17,Inprogress,Thrissur,CHEMBUKAVU,Thrissur
VARSHA HEIGHTS,K VIJAYAKUMAR  ,Plots,2024-12-01,2029-12-31,K-RERA/PRJ/TVM/007/2025,2025-01-09,,0,Inprogress,Thiruvananthapuram,VEMBAYAM,Nedumangad
POOJA ARCADE,PRAVEENKUMAR  E A,Residential (Apartment),2013-12-23,2016-07-16,K-RERA/PRJ/ERN/031/2025,2025-02-17,24,24,Completed,Ernakulam,CHERANALLUR,Kanayannur
SOPHIA NEST,Joyce  George,Villas (Plots & Buildings),2024-10-25,2027-12-31,K-RERA/PRJ/ERN/009/2025,2025-01-09,4,0,Completed,Ernakulam,EDAPPALLY SOUTH,Kanayannur
10 B APARTMENTS,KSATHEESAN REALTORS PRIVATE LIMITED,Residential (Apartment),2024-09-26,2026-12-31,K-RERA/PRJ/TVM/043/2025,2025-04-15,9,1,Inprogress,Thiruvananthapuram,SASTHAMANGALAM,THIRUVANANTHAPRUAM
VEEYEM AUTUMN DALE,VEEYEM DEVELOPERS AND BUILDERS PRIVATE LIMITED,Mixed (Commercial & Residential),2025-01-31,2027-12-31,K-RERA/PRJ/ERN/079/2025,2025-07-02,39,31,Inprogress,Ernakulam,KAKKANAD,Kanayannur
NANDANAM GREENWOODS PHASE 2,SALIM ASSOCIATES BUILDERS AND DEVELOPERS PRIVATE LIMITED,Residential (Apartment),2025-01-15,2029-12-31,K-RERA/PRJ/TSR/020/2025,2025-02-06,52,24,Inprogress,Thrissur,VIYYUR,Thrissur
Florenza Arcade,Thomas  Philip,Residential (Apartment),2025-02-01,2027-12-31,K-RERA/PRJ/PTA/036/2025,2025-03-05,18,0,Inprogress,Pathanamthitta,KUTTAPUZHA,Thiruvalla
"SOWPARNIKA WEST HOLMES, OLD NAME SOWPARNIKA ROYAL",Sowparnika Projects & Infrasturcture Pvt Ltd,Residential (Apartment),2019-01-01,2025-12-31,K-RERA/PRJ/048/2021,2021-06-11,87,17,Inprogress,Thiruvananthapuram,KARAKULAM,Nedumangad
VFIVE DEEPAM,VFIVE HOMES PRIVATE LIMITED,Residential (Apartment),2015-07-01,2021-05-30,K-RERA/PRJ/346/2020,2021-08-02,72,70,Completed,Thiruvananthapuram,VATTIYOORKAVU,THIRUVANANTHAPRUAM
DREAMFLOWER ZEPHYR,DREAM FLOWER HOUSING PROJECTS PVT LTD,Residential (Apartment),2018-09-17,2020-10-30,K-RERA/PRJ/ERN/008/2021,2021-04-26,16,16,Completed,Ernakulam,EDAPPALLY SOUTH,Kanayannur
PRS PARAM RATNA,PRS BUILD INDIA PRIVATE LIMITED,Mixed (Commercial & Residential),2016-07-14,2023-12-30,K-RERA/PRJ/286/2020,2021-08-10,61,5,Completed,Thiruvananthapuram,THYCAUD,THIRUVANANTHAPRUAM
CORDIAL SKYVIEW,CORDIAL FOUNDATION PVT LTD,Residential (Apartment),2016-08-24,2021-03-30,K-RERA/PRJ/148/2020,2021-04-23,84,77,Completed,Thiruvananthapuram,THYCAUD,THIRUVANANTHAPRUAM
INFRA PROXIM,Infra Housing Pvt Ltd,Residential (Apartment),2013-12-10,2022-07-01,K-RERA/PRJ/ERN/021/2022,2022-02-16,31,31,Completed,Ernakulam,EDAPPALLY NORTH,Kanayannur
VARMA DR PAIS LEGACY,VARMA HOMES PRIVATE LIMITED,Residential (Apartment),2021-04-15,2026-10-14,K-RERA/PRJ/076/2021,2021-05-27,32,31,Completed,Thiruvananthapuram,THIRUMALA,THIRUVANANTHAPRUAM
SMS Tejus,SMS BUILDERS,Residential (Apartment),2018-06-20,2021-04-30,K-RERA/PRJ/219/2020,2021-04-30,12,12,Completed,Ernakulam,EDAPPALLY SOUTH,Kanayannur
MANSIONS PRISTINA,MANSIONS,Residential (Apartment),2019-01-31,2023-12-30,K-RERA/PRJ/226/2020,2021-07-15,12,7,Completed,Ernakulam,ELAMKULAM,Kanayannur
RIVERWIND APARTMENTS,RIVERWIND DEVELOPERS,Mixed (Commercial & Residential),2019-06-06,2025-07-11,K-RERA/PRJ/079/2021,2021-04-15,23,13,Inprogress,Kottayam,ERATTUPETTA,Meenachil
ASIAN AMARANTA,ASIAN DEVELOPERS,Residential (Apartment),2016-11-26,2022-06-30,K-RERA/PRJ/160/2021,2021-04-22,40,39,Completed,Ernakulam,EDAPPALLY NORTH,Kanayannur
Sparrow Paradisia,Sparrow Construction Management and Consultancy,Residential (Apartment),2013-08-12,2023-02-28,K-RERA/PRJ/TVM/038/2022,2022-03-10,16,14,Inprogress,Thiruvananthapuram,KUDAPPANAKUNNU,THIRUVANANTHAPRUAM
LANDMARK CENTRIO,CALICUT LANDMARK BUILDERS AND DEVELOPERS INDIA PRIVATE LIMITED,Shops/Office Space (Commercial),2019-01-06,2023-12-31,K-RERA/PRJ/134/2020,2021-07-10,96,70,Completed,Kozhikode,KASABA,Kozhikode
"LANDMARK WORLD ENTASIS, LANDMARK WORLD FRIEZE",CALICUT LANDMARK BUILDERS AND DEVELOPERS INDIA PRIVATE LIMITED,Residential (Apartment),2014-03-01,2021-12-30,K-RERA/PRJ/106/2021,2021-07-15,166,121,Completed,Kozhikode,OLAVANNA,Kozhikode
THE CARMEL HEIGHTS BY FAVOURITE HOMES,FAVOURITE CONSTRUCTIONS PRIVATE LIMITED,Residential (Apartment),2019-06-19,2022-12-18,K-RERA/PRJ/008/2020,2021-06-30,55,55,Completed,Thiruvananthapuram,CHERUVAKKAL,THIRUVANANTHAPRUAM
ANANTA LIVING - PRITHVI,BUILTECH VENTURE LLP,Residential (Apartment),2018-11-30,2022-06-30,K-RERA/PRJ/067/2020,2021-07-15,100,0,Completed,Palakkad,MANKARA,Palakkad
VISHRAAM PRAANA,VISHRAAM BUILDERS,Villas (Plots & Buildings),2019-12-01,2028-06-30,K-RERA/PRJ/234/2020,2021-07-28,10,9,Inprogress,Thrissur,PUZHAKKAL,Thrissur
BIENNALAE BLOCK II,DEVDATHAM BUILDERS AND DEVELOPERS PRIVATE LIMITED,Residential (Apartment),2016-08-30,2021-10-30,K-RERA/PRJ/055/2021,2022-03-04,28,0,Completed,Thrissur,THRISSUR,Thrissur
VISHRAAM SAROJ,VISHRAAM BUILDERS,Residential (Apartment),2020-11-01,2026-12-31,K-RERA/PRJ/199/2020,2021-07-19,23,21,Completed,Thrissur,THRISSUR,Thrissur
CLASSIC INDIAN EARTH,Classic Constructions,Residential (Apartment),2025-02-12,2029-12-31,K-RERA/PRJ/ERN/025/2025,2025-02-10,32,22,Inprogress,Ernakulam,THRIKKAKARA NORTH,Kanayannur
AUREAL GARDENS,NILAYA DEVELOPERS PRIVATE LIMITED,Villas (Plots & Buildings),2025-03-01,2030-02-28,K-RERA/PRJ/KTM/045/2025,2025-04-19,5,0,Inprogress,Kottayam,KOTTAYAM,Kottayam
DHARMIC WAVES,DHARMIC LIVING PVT LTD,Plots,2025-02-28,2030-01-31,K-RERA/PRJ/TSR/046/2025,2025-04-19,,0,Completed,Thrissur,ARANATTUKARA,Thrissur
Beyond Infinity,CASADEL PROPERTIES PRIVATE LIMITED,Mixed (Commercial & Residential),2025-03-01,2030-12-30,K-RERA/PRJ/ERN/091/2025,2025-07-23,35,0,Inprogress,Ernakulam,THRIKKAKARA NORTH,Kanayannur
Eden Gardens,UPASANA ESTATES AND COMMUNITIES LLP,Villas (Plots & Buildings),2024-12-01,2030-11-30,K-RERA/PRJ/KTM/014/2026,2026-02-02,49,5,Inprogress,Kottayam,ONAMTHURUTH,Kottayam
VISHRAAM VIHARA,VISHRAAM BUILDERS,Mixed (Commercial & Residential),2025-03-15,2030-03-14,K-RERA/PRJ/TSR/048/2025,2025-04-19,25,18,Inprogress,Thrissur,THRISSUR,Thrissur
VISHRAAM NEOLITE,VISHRAAM BUILDERS,Residential (Apartment),2025-05-02,2030-05-01,K-RERA/PRJ/TSR/047/2025,2025-04-19,91,22,Inprogress,Thrissur,ARANATTUKARA,Thrissur
SWASTHAM ECO VILLAGE LLP,SWASTHAM ECO VILLAGE LLP,Plots,2025-02-27,2028-02-27,K-RERA/PRJ/KKD/052/2025,2025-05-07,,1,Inprogress,Kozhikode,MAVOOR,Kozhikode
ASIAN CITY,ASIAN DEVELOPERS,Mixed (Commercial & Residential),2025-04-15,2029-09-30,K-RERA/PRJ/ERN/100/2025,2025-08-08,98,7,Inprogress,Ernakulam,KAKKANAD,Kanayannur
The Cedar by SI Property,SI Property Kerala Private Limited,Residential (Apartment),2025-09-01,2029-08-13,K-RERA/PRJ/TVM/140/2025,2025-10-29,16,0,Inprogress,Thiruvananthapuram,ULOOR,THIRUVANANTHAPRUAM
VEEGALAND SERENE,VEEGALAND DEVELOPERS PRIVATE LIMITED,Residential (Apartment),2025-12-01,2030-03-31,K-RERA/PRJ/ERN/166/2025,2025-12-08,58,26,Inprogress,Ernakulam,THEKKUMBHAGOM KANAYANNUR,Kanayannur
ZERAH SPACES HARMONY,ZERAH SPACES LLP,Plots,2024-06-12,2028-03-27,K-RERA/PRJ/WYD/093/2025,2025-07-25,,0,Inprogress,Wayanad,KRISHNAGIRI,SULTHANBATHERY
PARKA LUMIERE,PARKA HOMES PRIVATE LIMITED,Villas (Plots & Buildings),2025-03-31,2030-03-30,K-RERA/PRJ/TVM/078/2025,2025-07-02,25,4,Inprogress,Thiruvananthapuram,MENAMKULAM,THIRUVANANTHAPRUAM
TATVA,SRADHA CONSTRUCTIONS,Residential (Apartment),2025-05-02,2029-03-29,K-RERA/PRJ/TVM/168/2025,2025-12-18,16,0,Inprogress,Thiruvananthapuram,PATTOM,THIRUVANANTHAPRUAM
Capkon Jade,CAPKON DEVELOPERS PRIVATE LIMITED,Residential (Apartment),2025-10-01,2029-12-25,K-RERA/PRJ/KKD/063/2025,2025-06-10,65,38,Inprogress,Kozhikode,PANTHEERANKAVU,Kozhikode
Heather Scarlet,Heather Homes Private Limited,Residential (Apartment),2025-08-20,2029-08-19,K-RERA/PRJ/TVM/062/2025,2025-06-10,31,0,Inprogress,Thiruvananthapuram,KOWDIAR,THIRUVANANTHAPRUAM
VARMA HAVEN,VARMA HOMES PRIVATE LIMITED,Residential (Apartment),2026-06-15,2031-06-14,K-RERA/PRJ/TSR/064/2026,2026-05-04,72,0,Inprogress,Thrissur,OLLUR,Thrissur
Insync,INTEGROW REALTY LLP,Villas (Plots & Buildings),2024-04-26,2030-05-04,K-RERA/PRJ/ERN/073/2025,2025-06-20,10,3,Inprogress,Ernakulam,KUNNATHUNAD,Kunnathunad
SKYLINE URBAN OASIS 2,M/s Skyline Builders,Villas (Plots & Buildings),2025-09-01,2030-06-01,K-RERA/PRJ/TVM/102/2025,2025-08-18,46,20,Inprogress,Thiruvananthapuram,MELTHONACKAL,THIRUVANANTHAPRUAM
Dymat Metro Garden,Dymat Eternal Solutions,Plots,2025-07-12,2027-07-12,K-RERA/PRJ/ERN/152/2025,2025-11-18,,0,Inprogress,Ernakulam,AIKARANAD NORTH,Kunnathunad
KBD Daffodils,KERATECH BUILDERS AND DEVELOPERS PRIVATE LIMITED,Plots,2012-02-29,2022-12-31,K-RERA/PRJ/TVM/049/2022,2022-03-24,,22,Completed,Thiruvananthapuram,VATTAPPARA,Nedumangad
CONDOR PRIMROSE,CONDOR BUILDERS PVT LTD,Residential (Apartment),2021-08-01,2025-12-31,K-RERA/PRJ/TVM/069/2021,2021-11-16,48,40,Completed,Thiruvananthapuram,PATTOM,THIRUVANANTHAPRUAM
CREATIONS NEIL CASTLE,CREATIONS VILLAS & APARTMENTS PRIVATE LIMITED,Residential (Apartment),2021-06-03,2026-12-31,K-RERA/PRJ/TVM/104/2022,2022-06-08,24,9,Inprogress,Thiruvananthapuram,ATTIPRA,THIRUVANANTHAPRUAM
"CONFIDENT OBERON, NEAR ALUVA, KOCHI",Confident Projects India Pvt Ltd,Residential (Apartment),2015-04-28,2019-08-31,K-RERA/PRJ/293/2020,2021-08-25,94,90,Completed,Ernakulam,ALANGAD,Paravur
VISHRAAM ICON,Vishraam Builders and Developers Pvt Ltd,Residential (Apartment),2019-05-01,2026-06-30,K-RERA/PRJ/143/2020,2021-07-27,75,66,Completed,Thrissur,THRISSUR,Thrissur
Jayaraj Srishti,Jayaraj Properties,Residential (Apartment),2021-07-15,2027-12-31,K-RERA/PRJ/PKD/039/2021,2021-08-24,83,83,Inprogress,Palakkad,PALAKKAD-2,Palakkad
VISHRAAM OPUS,Vishraam Builders and Developers Pvt Ltd,Residential (Apartment),2021-09-15,2027-12-15,K-RERA/PRJ/019/2021,2021-07-29,95,82,Inprogress,Thrissur,THRISSUR,Thrissur
HEATHER FERNS,Heather Homes Private Limited,Residential (Apartment),2019-12-16,2022-04-12,K-RERA/PRJ/240/2020,2021-07-05,82,74,Completed,Thiruvananthapuram,KAZHAKOOTTAM,THIRUVANANTHAPRUAM
CORDON LAUREL,CORDON CONSTRUCTORS & REALTORS Pvt Ltd,Residential (Apartment),2018-08-01,2021-06-30,K-RERA/PRJ/177/2020,2021-05-31,13,11,Completed,Thiruvananthapuram,SASTHAMANGALAM,THIRUVANANTHAPRUAM
SOWPARNIKA NATURA,Sowparnika Projects & Infrasturcture Pvt Ltd,Residential (Apartment),2018-05-01,2024-12-31,K-RERA/PRJ/334/2020,2021-07-21,74,49,Completed,Thrissur,PURANATTUKARA,Thrissur
SOWPARNIKA GRAND SQUARE,Sowparnika Projects & Infrasturcture Pvt Ltd,Residential (Apartment),2015-10-30,2023-08-31,K-RERA/PRJ/361/2020,2021-07-21,45,45,Completed,Thiruvananthapuram,KARAKULAM,Nedumangad
SOWPARNIKA ATRIUM,Sowparnika Projects & Infrasturcture Pvt Ltd,Residential (Apartment),2017-09-01,2023-12-30,K-RERA/PRJ/099/2021,2021-07-26,142,130,Completed,Ernakulam,THRIKKAKARA NORTH,Kanayannur
Aadithya Park,Aadithya Mansion India Private Limited,Plots,2022-12-31,2022-12-31,K-RERA/PRJ/TVM/027/2021,2021-07-05,,0,Completed,Thiruvananthapuram,VEILOOR,THIRUVANANTHAPRUAM
LE ROYALE BY FAVOURITE HOMES,FAVOURITE CONSTRUCTIONS PRIVATE LIMITED,Residential (Apartment),2018-03-17,2021-11-30,K-RERA/PRJ/019/2020,2021-07-10,56,56,Completed,Thiruvananthapuram,VANCHIYOOR,THIRUVANANTHAPRUAM
THE SPRING WOODS BY FAVOURITE VALUE PLUS,FAVOURITE CONSTRUCTIONS PRIVATE LIMITED,Residential (Apartment),2019-12-30,2023-05-29,K-RERA/PRJ/033/2020,2021-07-02,80,80,Completed,Thiruvananthapuram,KAZHAKOOTTAM,THIRUVANANTHAPRUAM
Indraneelam Sanctum SanctorumTower - 2,Indraneelam Builders,Residential (Apartment),2016-09-01,2020-01-30,K-RERA/PRJ/134/2021,2021-07-15,54,54,Completed,Thrissur,GURUVAYUR,Chavakkad
VT Trine,Vee Tee Engineers Constructions Private Limited,Mixed (Commercial & Residential),2010-11-30,2023-03-31,K-RERA/PRJ/138/2021,2021-09-24,156,81,Completed,Ernakulam,KAKKANAD,Kanayannur
Court Yard,The Keral Judicial Officers Cocoperative Society Ltd No 4475,Residential (Apartment),2019-03-20,2023-06-30,K-RERA/PRJ/245/2020,2021-07-12,66,66,Completed,Ernakulam,ERNAKULAM,Kanayannur
DAHLIA VILLAS,OMG PROPERTIES PRIVATE LIMITED,Villas (Plots & Buildings),2021-07-01,2026-06-01,K-RERA/PRJ/PKD/037/2021,2021-08-13,9,0,Completed,Palakkad,MARUTHUROAD,Palakkad
CASADEL AWAKENED LIVING,CASADEL BUILDERS INDIA PRIVATE LIMITED,Residential (Apartment),2025-11-20,2030-04-20,K-RERA/PRJ/ERN/121/2025,2025-09-08,40,1,Inprogress,Ernakulam,VAZHAKKALA,Kanayannur
ARCON PEARL,ARCON HOME DEVELOPERS PVT LTD,Residential (Apartment),2025-08-20,2029-08-30,K-RERA/PRJ/TVM/117/2025,2025-09-08,21,2,Inprogress,Thiruvananthapuram,KOWDIAR,THIRUVANANTHAPRUAM
Ishna residence,Anil  Kuyilath,Mixed (Commercial & Residential),2022-03-02,2026-04-08,K-RERA/PRJ/TSR/150/2025,2025-11-15,13,5,Completed,Thrissur,PUZHAKKAL,Thrissur
MABCO OPULENCE PHASE II,MABCO DEVELOPERS LLP,Residential (Apartment),2025-09-15,2030-08-05,K-RERA/PRJ/MPM/066/2026,2026-05-04,16,0,Inprogress,Malappuram,PERINTALMANNA,Perinthalmanna
GREEN VALLEY,PVS Builders & Developers,Residential (Apartment),2015-06-25,2017-08-24,K-RERA/PRJ/KNR/008/2026,2026-01-12,69,69,Completed,Kannur,EDAKKAD,Kannur
AALAM,Revathy S  ,Plots,2025-09-01,2026-06-30,K-RERA/PRJ/PKD/151/2025,2025-11-18,,0,Completed,Palakkad,PADAVAYAL,Attappadi Tribal
TRINITY LAUREL,TRINITY ARCADE PVT LTD,Residential (Apartment),2025-10-01,2032-12-31,K-RERA/PRJ/ERN/135/2025,2025-10-15,50,14,Inprogress,Ernakulam,KAKKANAD,Kanayannur
PSD LUXE,PSD Property Developers Private Limited,Residential (Apartment),2017-05-03,2027-12-31,K-RERA/PRJ/TVM/011/2026,2026-02-02,10,1,Inprogress,Thiruvananthapuram,SASTHAMANGALAM,THIRUVANANTHAPRUAM
Kovilakam Sobhanam,Sasidharan  M,Residential (Apartment),2025-11-14,2028-11-30,K-RERA/PRJ/TSR/012/2026,2026-02-02,20,1,Inprogress,Thrissur,GURUVAYUR,Chavakkad
LIV AURA,Indraneelam Builders,Villas (Plots & Buildings),2025-12-01,2031-12-31,K-RERA/PRJ/TSR/015/2026,2026-02-03,31,0,Inprogress,Thrissur,THAIKKAD CHAVAKKAD,Chavakkad
SFS LE JARDIN,SKYLINE FOUNDATIONS AND STRUCTURES PRIVATE LIMITED,Residential (Apartment),2026-01-01,2030-10-23,K-RERA/PRJ/ERN/035/2026,2026-03-07,55,0,Inprogress,Ernakulam,NADAMA,Kanayannur
EAST ENCLAVE,Chothy's Building Promoters Pvt Ltd,Villas (Plots & Buildings),2025-11-20,2030-11-19,K-RERA/PRJ/TVM/048/2026,2026-03-27,39,0,Inprogress,Thiruvananthapuram,MELTHONACKAL,THIRUVANANTHAPRUAM
PEARL PREMIUM APARTMENTS,S A Homes,Residential (Apartment),2025-11-10,2030-11-09,K-RERA/PRJ/PKD/057/2026,2026-04-23,40,0,Inprogress,Palakkad,PALAKKAD-3,Palakkad
Waterlilly Apartments,Kizhakkekara Benchmark Builders,Residential (Apartment),2011-11-23,2026-04-05,K-RERA/PRJ/ERN/029/2026,2026-02-17,8,0,Completed,Ernakulam,ELAMKULAM,Kanayannur
VIHARA,SHRI HARI FABTECH INDIA PRIVATE LIMITED,Plots,2025-12-20,2030-11-26,K-RERA/PRJ/TSR/039/2026,2026-03-13,,0,Inprogress,Thrissur,CHERUTHURUTHY,THALAPPILLY
DREAMFLOWER SACRO ESQUINA,DREAM FLOWER HOUSING PROJECTS PVT LTD,Mixed (Commercial & Residential),2026-01-12,2028-12-30,K-RERA/PRJ/ERN/025/2026,2026-02-12,21,9,Inprogress,Ernakulam,EDAPPALLY NORTH,Kanayannur
CONFIDENT LEGACY,Confident Projects Residential,Residential (Apartment),2026-01-27,2031-01-26,K-RERA/PRJ/ERN/027/2026,2026-02-13,88,6,Inprogress,Ernakulam,POONITHURA,Kanayannur
ELITE ANANTA,ELITE GARDENIA LLP,Residential (Apartment),2026-03-25,2030-11-14,K-RERA/PRJ/TVM/054/2026,2026-04-23,12,0,Inprogress,Thiruvananthapuram,SASTHAMANGALAM,THIRUVANANTHAPRUAM
CASADEL GLOBALTOWN,CASADEL BUILDERS INDIA PRIVATE LIMITED,Residential (Apartment),2026-06-15,2030-12-20,K-RERA/PRJ/ERN/074/2026,2026-05-26,65,0,Inprogress,Ernakulam,POONITHURA,Kanayannur
ABAD EUPHORIA,ABAD BUILDERS PVT LTD,Residential (Apartment),2026-04-01,2030-03-31,K-RERA/PRJ/ERN/083/2026,2026-05-30,99,0,Inprogress,Ernakulam,KUMBALAM,Kanayannur
Yeskay Amandus Apartments,Yeskay Builders,Residential (Apartment),2026-04-01,2030-03-31,K-RERA/PRJ/ERN/043/2026,2026-03-21,64,0,Inprogress,Ernakulam,MARADU,Kanayannur
AUREX BROOKSIDE,AUREX BUILDERS PVT LTD,Residential (Apartment),2026-02-15,2029-11-30,K-RERA/PRJ/TSR/078/2026,2026-05-26,68,0,Inprogress,Thrissur,THRISSUR,Thrissur
SKYLINE ZORA,M/s Skyline Builders,Residential (Apartment),2026-03-15,2028-10-31,K-RERA/PRJ/ERN/061/2026,2026-04-23,46,0,Inprogress,Ernakulam,KAKKANAD,Kanayannur
INFINITY TWIN TOWERS,KUNNAPPILLY BUILDERS LLP,Mixed (Commercial & Residential),2026-04-01,2030-03-31,K-RERA/PRJ/ERN/077/2026,2026-05-26,92,0,Inprogress,Ernakulam,KAKKANAD,Kanayannur
Jayaraj Thejus,Jayaraj Properties,Residential (Apartment),2017-04-04,2020-11-04,K-RERA/PRJ/004/2021,2021-07-05,15,15,Completed,Palakkad,PALAKKAD-2,Palakkad
ARYA,Chothy's Building Promoters Pvt Ltd,Residential (Apartment),2019-04-05,2022-03-29,K-RERA/PRJ/054/2020,2021-08-02,26,14,Completed,Thiruvananthapuram,THYCAUD,THIRUVANANTHAPRUAM
Nikunjam Meridian,Nikunjam Constructions Private Limited,Residential (Apartment),2017-07-01,2020-12-30,K-RERA/PRJ/278/2020,2021-07-09,57,57,Completed,Thiruvananthapuram,THYCAUD,THIRUVANANTHAPRUAM
SPACE RUBY MANSION,SOBHA PARVATHY AJITH CONSULTANT ENGINEERS AND BUILDERS Pvt Ltd,Residential (Apartment),2013-02-15,2024-12-28,K-RERA/PRJ/073/2021,2021-08-02,30,0,Inprogress,Thiruvananthapuram,VATTAPPARA,Nedumangad
VISHRAAM CIVAANTA,VISHRAAM BUILDERS,Residential (Apartment),2016-08-26,2022-06-30,K-RERA/PRJ/085/2021,2021-07-19,20,20,Completed,Thrissur,THRISSUR,Thrissur
SOWPARNIKA RIVER VIEW GARDENS PHASE 3,Sowparnika Projects,Residential (Apartment),2014-06-01,2024-12-31,K-RERA/PRJ/141/2021,2022-02-04,48,48,Completed,Thiruvananthapuram,NEMOM,THIRUVANANTHAPRUAM
PRISUNIC PORTICO,PRISUNIC BUILDERS PVT LTD,Residential (Apartment),2019-11-15,2022-08-27,K-RERA/PRJ/121/2021,2022-03-07,14,13,Completed,Kozhikode,VALAYANAD,Kozhikode
NATE VENECIA,NATE BUILDERS PRIVATE LIMITED,Mixed (Commercial & Residential),2019-10-29,2023-02-25,K-RERA/PRJ/161/2021,2021-07-29,66,3,Completed,Alappuzha,MULLACKAL,Ambalappuzha
WINDS OF CHANGE,ICLOUD HOMES PRIVATE LIMITED,Villas (Plots & Buildings),2018-03-23,2024-09-30,K-RERA/PRJ/182/2021,2021-08-26,120,106,Completed,Thiruvananthapuram,CHERUVAKKAL,THIRUVANANTHAPRUAM
THE SERENEBAY BY FAVOURITE HOMES,FAVOURITE CONSTRUCTIONS PRIVATE LIMITED,Villas (Plots & Buildings),2019-04-10,2022-07-31,K-RERA/PRJ/144/2020,2021-07-15,36,36,Completed,Thiruvananthapuram,MENAMKULAM,THIRUVANANTHAPRUAM
POWERLINK GRAND HILLS,Powerlink Builders Pvt Ltd,Residential (Apartment),2010-10-26,2019-08-10,K-RERA/PRJ/330/2020,2021-07-23,21,21,Completed,Thiruvananthapuram,KOWDIAR,THIRUVANANTHAPRUAM
THE PETALS VILLAS BY FAVOURITE HOMES,FAVOURITE CONSTRUCTIONS PRIVATE LIMITED,Villas (Plots & Buildings),2015-06-03,2020-11-15,K-RERA/PRJ/151/2021,2022-02-19,68,68,Completed,Thiruvananthapuram,MANIKKAL,Nedumangad
SUPER GOOD NEST,SUPER GOOD HOMES,Residential (Apartment),2013-06-12,2021-02-20,K-RERA/PRJ/069/2021,2021-11-29,23,12,Completed,Palakkad,PALAKKAD-3,Palakkad
POWERLINK SHYAMAMOHANAM,Powerlink Builders Pvt Ltd,Residential (Apartment),2014-02-25,2019-12-24,K-RERA/PRJ/154/2021,2021-09-09,20,20,Completed,Thiruvananthapuram,KADAKAMPALLY,THIRUVANANTHAPRUAM
SUPER GOOD HOMES JEEVA APARTMENTS,SUPER GOOD HOMES,Residential (Apartment),2012-06-11,2022-02-01,K-RERA/PRJ/057/2021,2021-08-10,24,5,Inprogress,Palakkad,PIRIYARI,Palakkad
NUCLEUS RIVA APARTMENT,NUCLEUS PREMIUM PROPERTIES PVT LTD,Residential (Apartment),2014-12-24,2022-06-30,K-RERA/PRJ/281/2020,2021-08-27,40,40,Inprogress,Ernakulam,EDAPPALLY NORTH,Kanayannur
SOWPARNIKA RIVER VIEW GARDENS PHASE 4,Sowparnika Projects,Residential (Apartment),2016-04-01,2024-12-31,K-RERA/PRJ/185/2021,2021-08-27,40,40,Completed,Thiruvananthapuram,NEMOM,THIRUVANANTHAPRUAM
GALAXY MIDWINTER,GALAXY HOMES PVT LTD,Residential (Apartment),2015-02-10,2020-03-16,K-RERA/PRJ/003/2021,2022-03-07,40,36,Inprogress,Ernakulam,ELAMKULAM,Kanayannur
GALAXY PINE COURT BLOCK I,GALAXY HOMES PVT LTD,Residential (Apartment),2013-03-26,2022-08-22,K-RERA/PRJ/118/2021,2022-03-04,90,87,Completed,Ernakulam,KAKKANAD,Kanayannur
GALAXY CLOUDSPACE,GALAXY HOMES PVT LTD,Residential (Apartment),2012-12-19,2022-06-04,K-RERA/PRJ/122/2021,2022-03-07,140,125,Completed,Ernakulam,KAKKANAD,Kanayannur
PUTRI BHOOMI,PUTRI BUILDERS AND CONTRACTORS PRIVATE LIMITED,Residential (Apartment),2021-07-16,2023-07-15,K-RERA/PRJ/KLM/034/2021,2021-08-04,85,0,Inprogress,Kollam,KOLLAM WEST,Kollam
DD QUEENS SQUARE,DESAI HOMES,Residential (Apartment),2021-09-01,2026-12-31,K-RERA/PRJ/ERN/044/2021,2021-08-26,120,88,Inprogress,Ernakulam,VAZHAKKALA,Kanayannur
SANROYAL- EVANIA,SANROYAL BUILDERS AND CONTRACTORS PVT LTD,Residential (Apartment),2016-07-22,2021-04-21,K-RERA/PRJ/092/2021,2022-01-28,31,31,Completed,Thrissur,NADATHARA,Thrissur
THE CLOUD VILLE,BUILDOWN DEVELOPERS PRIVATE LIMITED,Villas (Plots & Buildings),2021-05-04,2026-05-03,K-RERA/PRJ/ERN/060/2021,2021-10-06,17,16,Completed,Ernakulam,KAKKANAD,Kanayannur
CONFIDENT HORIZON,Confident Projects Residential,Residential (Apartment),2021-10-06,2026-10-06,K-RERA/PRJ/TVM/046/2021,2021-08-26,100,90,Inprogress,Thiruvananthapuram,ULIYAZHATHURA,THIRUVANANTHAPRUAM
One Anthem,ULCCS IT Infrastructure Private Limited,Residential (Apartment),2020-01-08,2023-08-30,K-RERA/PRJ/KKD/062/2021,2021-11-02,150,0,Completed,Kozhikode,NELLIKODE,Kozhikode
THE KALLAT PEARL PHASE-1,KALLAT PEARL BUILDERS LLP,Villas (Plots & Buildings),2019-12-09,2024-12-31,K-RERA/PRJ/WYD/083/2021,2021-12-24,46,46,Inprogress,Wayanad,THOMATTUCHAL,SULTHANBATHERY
DD KINGS SQUARE,SEA WIND REALTORS INDIA PRIVATE LIMITED,Residential (Apartment),2022-01-27,2027-03-31,K-RERA/PRJ/ERN/008/2022,2022-01-19,111,90,Inprogress,Ernakulam,VAZHAKKALA,Kanayannur
THE LANTERN BY FAVOURITE HOMES,FAVOURITE CONSTRUCTIONS PRIVATE LIMITED,Villas (Plots & Buildings),2021-10-15,2024-11-10,K-RERA/PRJ/TVM/067/2021,2021-11-12,31,31,Completed,Thiruvananthapuram,MENAMKULAM,THIRUVANANTHAPRUAM
Hoysala EVM,Hoysala Projects Pvt Ltd,Residential (Apartment),2012-01-13,2022-07-31,K-RERA/PRJ/142/2021,2022-02-10,130,87,Completed,Ernakulam,KANAYANNUR,Kanayannur
MABCO CLOUDS VILLAS,MABCO DEVELOPERS LLP,Villas (Plots & Buildings),2018-09-10,2022-03-18,K-RERA/PRJ/203/2021,2022-07-18,27,27,Completed,Malappuram,VALAMBUR,Perinthalmanna
PSD Himam,PETER SUNDER DHAS,Plots,2021-02-22,2030-12-31,K-RERA/PRJ/TVM/005/2022,2022-01-06,,0,Inprogress,Thiruvananthapuram,VATTAPPARA,Nedumangad
INAYA GARDENS,CHANDY'S BUILDERS,Villas (Plots & Buildings),2019-09-27,2023-09-30,K-RERA/PRJ/178/2020,2022-03-07,13,13,Inprogress,Kottayam,PEROOR,Kottayam
VAIDYA ROSE GARDEN,VAIDYA HOMES,Villas (Plots & Buildings),2019-10-30,2026-03-31,K-RERA/PRJ/190/2021,2022-03-07,15,14,Completed,Kollam,VADAKKEVILA,Kollam
SINDHUJA REGENCY,SAPTHAVARNA BUILDERS PVT LTD,Mixed (Commercial & Residential),2023-03-03,2027-12-31,K-RERA/PRJ/TSR/054/2023,2023-03-23,36,13,Inprogress,Thrissur,AYYANTHOLE,Thrissur
NSD FERNTREE HEIGHTS,FTH OWNERS ASSOCIATION,Residential (Apartment),2012-09-06,2022-03-03,K-RERA/PRJ/332/2020,2022-07-19,60,60,Completed,Thiruvananthapuram,VATTAPPARA,Nedumangad
HiLITE MALL THRISSUR,HiLITE MALL THRISSUR LLP,Shops/Office Space (Commercial),2017-09-22,2024-06-30,K-RERA/PRJ/194/2021,2021-12-23,335,9,Completed,Thrissur,OLLUR,Thrissur
DANCING WOODS,CASADEL BUILDERS INDIA PRIVATE LIMITED,Plots,2020-08-10,2026-08-10,K-RERA/PRJ/001/2021,2022-03-07,,36,Inprogress,Ernakulam,ALUVA EAST,Aluva
Sophia Estelia,Joyce  George,Residential (Apartment),2019-11-20,2023-04-11,K-RERA/PRJ/ERN/080/2022,2022-05-10,13,5,Completed,Ernakulam,KAKKANAD,Kanayannur
FORMZ ERA PHASE -1,FORMZ PROJECTS PVT LTD,Villas (Plots & Buildings),2017-04-29,2028-02-28,K-RERA/PRJ/193/2021,2022-03-07,29,3,Inprogress,Malappuram,NARUKARA,Ernad
FERRO FORTUNE,Ferro Engineers And Developers,Residential (Apartment),2019-08-08,2020-10-26,K-RERA/PRJ/ERN/042/2022,2022-03-16,30,10,Completed,Ernakulam,ALUVA EAST,Aluva
SFS HAVELI,SKYLINE FOUNDATIONS AND STRUCTURES PRIVATE LIMITED,Residential (Apartment),2021-11-01,2023-12-31,K-RERA/PRJ/ERN/070/2021,2021-11-18,18,16,Completed,Ernakulam,EDAPPALLY SOUTH,Kanayannur
CHEVRON EASTWIND,Chevron Builders and Realtors Private Limited,Villas (Plots & Buildings),2014-09-25,2026-06-30,K-RERA/PRJ/TVM/092/2023,2023-05-27,19,13,Inprogress,Thiruvananthapuram,ULIYAZHATHURA,THIRUVANANTHAPRUAM
NavaDe,ANASVARA PROPERTIES,Residential (Apartment),2022-02-01,2025-12-01,K-RERA/PRJ/ERN/014/2022,2022-02-04,24,19,Inprogress,Ernakulam,MARADU,Kanayannur
DASARADHA PETALS,PUTHANVEEDU  RAJESH,Residential (Apartment),2019-12-31,2023-12-31,K-RERA/PRJ/PKD/019/2022,2022-02-11,12,0,Completed,Palakkad,PALAKKAD-2,Palakkad
WELL N WORTH PANKAJ ENCLAVE,Well N Worth Pankaj Enclave,Residential (Apartment),2014-09-19,2019-12-31,K-RERA/PRJ/197/2021,2022-03-07,48,21,Completed,Thrissur,IRINGAPRAM,Chavakkad
Skylark Villas,Glenwood Developers,Villas (Plots & Buildings),2022-01-03,2025-01-03,K-RERA/PRJ/ERN/010/2022,2022-01-21,12,6,Inprogress,Ernakulam,NEDUMBASSERY,Aluva
TBPL MAANAS,Thrissur Builders Private Limited,Residential (Apartment),2022-01-01,2026-12-31,K-RERA/PRJ/TSR/084/2021,2021-12-28,53,38,Completed,Thrissur,ARANATTUKARA,Thrissur
SHANOOR CYBER CLOUD,SHANOOR PROJECTS AND REALTORS PVT LTD,Residential (Apartment),2018-08-01,2028-11-30,K-RERA/PRJ/TVM/157/2022,2022-09-30,69,44,Inprogress,Thiruvananthapuram,ATTIPRA,THIRUVANANTHAPRUAM
Ambalath Ayesha Homes,Abdul  Rasheed,Residential (Apartment),2019-04-26,2020-12-04,K-RERA/PRJ/TSR/167/2022,2022-10-17,24,0,Completed,Thrissur,GURUVAYUR,Chavakkad
ELIXIR GARDENS,Elixir Properties,Plots,2011-01-07,2025-12-31,K-RERA/PRJ/PTA/187/2022,2022-11-14,,10,Inprogress,Pathanamthitta,PURAMATTOM,MALLAPPALLY
THE GARDEN COURT BY FAVOURITE VALUE PLUS,FAVOURITE CONSTRUCTIONS PRIVATE LIMITED,Residential (Apartment),2022-01-10,2025-12-31,K-RERA/PRJ/TVM/006/2022,2022-01-10,196,162,Completed,Thiruvananthapuram,ULIYAZHATHURA,THIRUVANANTHAPRUAM
GREENRICH VILLAS,INDUS GRATIA CREATIVE HOMES PVT LTD,Villas (Plots & Buildings),2017-09-11,2024-03-31,K-RERA/PRJ/ERN/069/2022,2022-04-19,10,10,Completed,Ernakulam,MANAKUNNAM,Kanayannur
Shivam Apartments,S A Homes,Residential (Apartment),2022-02-15,2023-06-30,K-RERA/PRJ/PKD/026/2022,2022-02-21,19,7,Completed,Palakkad,PALAKKAD-2,Palakkad
SEVENTH AVENUE,INHOUSE PROJECTS INDIA PRIVATE LIMITED,Villas (Plots & Buildings),2022-01-01,2024-01-31,K-RERA/PRJ/ERN/016/2022,2022-02-11,10,5,Inprogress,Ernakulam,THIRUVANIYOOR,Kunnathunad
SNR SHASTHA,SNR BUILDERS,Mixed (Commercial & Residential),2019-12-31,2024-07-15,K-RERA/PRJ/TVM/044/2022,2022-03-22,12,11,Completed,Thiruvananthapuram,PALLICHAL,Neyyattinkara
CHEVRON BROOKVILLE,Chevron Builders and Realtors Private Limited,Villas (Plots & Buildings),2019-06-01,2024-06-30,K-RERA/PRJ/TVM/158/2022,2022-10-06,22,18,Completed,Thiruvananthapuram,VATTIYOORKAVU,THIRUVANANTHAPRUAM
PEPPER VINE,Synthite Infrastructure Project Pvt Ltd,Residential (Apartment),2019-12-16,2024-09-30,K-RERA/PRJ/029/2021,2022-03-07,32,15,Completed,Ernakulam,EDAPPALLY SOUTH,Kanayannur
Provident Winworth Phase 1,Purva Realities Private Limited,Residential (Apartment),2022-02-20,2026-06-30,K-RERA/PRJ/ERN/020/2022,2022-02-15,515,499,Inprogress,Ernakulam,VAZHAKKALA,Kanayannur
THE MAPLE BAY BY FAVOURITE HOMES,FAVOURITE CONSTRUCTIONS PRIVATE LIMITED,Residential (Apartment),2022-02-16,2025-06-30,K-RERA/PRJ/TVM/017/2022,2022-02-11,75,67,Completed,Thiruvananthapuram,ULOOR,THIRUVANANTHAPRUAM
SKY AT 11,ERA HOMES AND PROJECTS PVT LTD,Residential (Apartment),2022-07-01,2026-12-31,K-RERA/PRJ/ERN/172/2022,2022-10-26,18,1,Inprogress,Ernakulam,MARADU,Kanayannur
PAMANT,VAIPPIL VILLAS AND APARTMENTS,Residential (Apartment),2022-02-28,2023-12-31,K-RERA/PRJ/ERN/073/2022,2022-05-04,16,0,Completed,Ernakulam,VAZHAKKALA,Kanayannur
ARTECH LUXUS,ARTECH REALTORS PRIVATE LIMITED,Residential (Apartment),2015-02-01,2020-01-21,K-RERA/PRJ/TVM/077/2022,2022-05-06,72,72,Completed,Thiruvananthapuram,SASTHAMANGALAM,THIRUVANANTHAPRUAM
BEVERLY HILLS,PALLIKKARA PROPERTIES AND INVESTMENT SERVICES PRIVATE LIMITED,Plots,2022-02-15,2023-04-30,K-RERA/PRJ/ERN/059/2022,2022-03-30,,42,Inprogress,Ernakulam,KUNNATHUNAD,Kunnathunad
HEALERS HAVEN,TELLICHERRY IMA DOCTORS ALLIANCE LLP,Residential (Apartment),2022-03-01,2026-08-31,K-RERA/PRJ/KNR/041/2022,2022-03-11,137,103,Inprogress,Kannur,EDAKKAD,Kannur
NTP LORDS VALLEY,NTP HOMES PRIVATE LIMITED,Villas (Plots & Buildings),2010-10-30,2023-07-31,K-RERA/PRJ/KTM/048/2022,2022-03-24,43,43,Inprogress,Kottayam,PERUMBAYIKKADU,Kottayam
Sowparnika River View Gardens Phase 1,Sowparnika Projects & Infrasturcture Pvt Ltd,Residential (Apartment),2014-03-01,2024-12-31,K-RERA/PRJ/009/2022,2022-03-07,55,55,Completed,Thiruvananthapuram,NEMOM,THIRUVANANTHAPRUAM
PARADISE Phase -II,PNR HOMES PRIVATE LIMITED,Villas (Plots & Buildings),2022-01-25,2026-01-25,K-RERA/PRJ/TVM/074/2022,2022-05-04,18,19,Inprogress,Thiruvananthapuram,ATTIPRA,THIRUVANANTHAPRUAM
"CONFIDENT EBONY, THRISSUR",Confident Projects Residential,Residential (Apartment),2022-04-03,2027-03-31,K-RERA/PRJ/TSR/065/2022,2022-04-06,74,63,Inprogress,Thrissur,VILVATTOM,Thrissur
ATMOSPHERE,GALAXY BUILDERS,Mixed (Commercial & Residential),2022-04-15,2027-04-30,K-RERA/PRJ/KKD/061/2022,2022-04-06,83,83,Inprogress,Kozhikode,KASABA,Kozhikode
HiLITE BUSINESS PARK,HiLITE BUSINESS PARK PVT LTD,Shops/Office Space (Commercial),2015-04-10,2022-12-30,K-RERA/PRJ/013/2022,2022-07-18,240,0,Completed,Kozhikode,OLAVANNA,Kozhikode
TBPL VAIGAI,Thrissur Builders Private Limited,Residential (Apartment),2015-08-31,2020-12-31,K-RERA/PRJ/211/2021,2022-07-18,64,64,Completed,Thrissur,THRISSUR,Thrissur
Krishnakrupa Apartments,KRISHNAKRUPA DEVELOPERS,Residential (Apartment),2014-07-02,2022-12-25,K-RERA/PRJ/TSR/189/2022,2022-11-16,98,0,Completed,Thrissur,GURUVAYUR,Chavakkad
CAMPUS WOODS,NEST Realties India Private Limited,Residential (Apartment),2015-02-10,2022-09-30,K-RERA/PRJ/002/2022,2022-07-14,65,10,Inprogress,Ernakulam,KANAYANNUR,Kanayannur
Janani Project - Ponjasserry,Bhavanam Foundation Kerala,Residential (Apartment),2016-02-19,2022-11-05,K-RERA/PRJ/ERN/103/2022,2022-06-08,74,0,Completed,Ernakulam,ARAKAPADY,Kunnathunad
PROMINENCE,PRIMESPACE PROJECTS PVT LTD,Residential (Apartment),2022-06-01,2026-12-31,K-RERA/PRJ/KKD/111/2022,2022-07-04,74,53,Inprogress,Kozhikode,CHEVAYUR,Kozhikode
PROMENADE,PRIMESPACE PROJECTS PVT LTD,Villas (Plots & Buildings),2022-05-01,2026-12-31,K-RERA/PRJ/KKD/089/2022,2022-05-26,24,19,Inprogress,Kozhikode,VENGERI,Kozhikode
GALAXY POWDIKONAM,MIDHUN MARKOSE BUILDERS AND DEVELOPERS INDIA PVT LTD,Villas (Plots & Buildings),2013-05-07,2027-04-30,K-RERA/PRJ/TVM/213/2022,2022-12-20,83,76,Inprogress,Thiruvananthapuram,ULIYAZHATHURA,THIRUVANANTHAPRUAM
THE HAVENS,BUILDOWN DEVELOPERS PRIVATE LIMITED,Villas (Plots & Buildings),2022-01-15,2025-11-25,K-RERA/PRJ/TVM/106/2022,2022-06-15,25,24,Inprogress,Thiruvananthapuram,AYIROOPARA,THIRUVANANTHAPRUAM
V3 PRAKRITI,Vthree Homes And Infrastructure India Private Limited,Villas (Plots & Buildings),2022-02-15,2025-12-31,K-RERA/PRJ/PKD/164/2022,2022-10-12,0,10,Inprogress,Palakkad,LAKKIDIPERUR II,Ottappalam
NAKSHATRA PRAVASI,MIDHUN MARKOSE BUILDERS AND DEVELOPERS INDIA PVT LTD,Villas (Plots & Buildings),2010-01-15,2027-04-30,K-RERA/PRJ/TVM/207/2022,2022-12-16,41,39,Inprogress,Thiruvananthapuram,VILAPPIL,KATTAKADA
ASSET LAURELS,ASSET HOMES PRIVATE LIMITED,Residential (Apartment),2022-05-15,2026-05-15,K-RERA/PRJ/ERN/079/2022,2022-05-10,77,73,Inprogress,Ernakulam,KAKKANAD,Kanayannur
TABASCO INN,TABASCO HINDUSTAN INFRA DEVELOPERS PVT LTD,Mixed (Commercial & Residential),2017-04-07,2025-08-28,K-RERA/PRJ/011/2022,2022-07-18,0,0,Inprogress,Kasaragod,HOSDURG,Hosdurg
VARMA SREEKARYAM,VARMA HOMES PRIVATE LIMITED,Mixed (Commercial & Residential),2022-09-12,2027-08-31,K-RERA/PRJ/TVM/101/2022,2022-06-06,27,21,Inprogress,Thiruvananthapuram,CHERUVAKKAL,THIRUVANANTHAPRUAM
Sanroyal Clair City,SANROYAL BUILDERS AND CONTRACTORS PVT LTD,Villas (Plots & Buildings),2019-02-14,2030-04-15,K-RERA/PRJ/TVM/111/2024,2024-06-04,63,44,Inprogress,Thiruvananthapuram,VATTAPPARA,Nedumangad
TIDSO METRO HEIGHTS,THRISSUR INFRASTRUCTURE DEVELOPMENT SOLUTIONS PRIVATE LIMITED,Residential (Apartment),2017-09-23,2022-06-30,K-RERA/PRJ/207/2021,2022-07-18,53,27,Inprogress,Thrissur,VIYYUR,Thrissur
VEEYEM PENTAGON,VEEYEM DEVELOPERS AND BUILDERS PRIVATE LIMITED,Mixed (Commercial & Residential),2022-06-01,2026-12-31,K-RERA/PRJ/ERN/169/2022,2022-10-22,26,26,Inprogress,Ernakulam,KAKKANAD,Kanayannur
TRITVAM - TOWER 5,TATA REALTY AND INFRASTRUCTURE LIMITED,Residential (Apartment),2016-08-04,2019-12-31,K-RERA/PRJ/ERN/109/2022,2022-07-01,104,91,Completed,Ernakulam,ERNAKULAM,Kanayannur
VEEGALAND ELANZA,VEEGALAND DEVELOPERS PRIVATE LIMITED,Residential (Apartment),2022-09-01,2026-11-30,K-RERA/PRJ/TSR/163/2022,2022-10-12,100,37,Inprogress,Thrissur,CHIYYARAM,Thrissur
FEDERAL RESIDENCY ANNEX,Kamakshy Constrcutions,Residential (Apartment),2007-03-23,2022-04-30,K-RERA/PRJ/210/2021,2022-07-18,42,42,Completed,Thrissur,CHIYYARAM,Thrissur
ONE CITY C 2,CCJ ONE INFRA LIMITED LIABILITY PARTNERSHIP,Villas (Plots & Buildings),2022-08-01,2026-06-30,K-RERA/PRJ/KKD/108/2022,2022-06-24,31,22,Inprogress,Kozhikode,KAKKODI,Kozhikode
CORDIAL BHARATHI,CORDIAL FOUNDATION PVT LTD,Mixed (Commercial & Residential),2014-12-16,2019-10-05,K-RERA/PRJ/TVM/156/2022,2022-09-27,67,67,Completed,Thiruvananthapuram,KOWDIAR,THIRUVANANTHAPRUAM
DREAMFLOWER MELODIUM,DREAM FLOWER HOUSING PROJECTS PVT LTD,Residential (Apartment),2022-07-11,2024-07-30,K-RERA/PRJ/ERN/119/2022,2022-07-18,12,12,Completed,Ernakulam,ELAMKULAM,Kanayannur
SUNPAUL DEZIRA BLUEBERRY,Sunpaul Dezira Projects Private Limited,Mixed (Commercial & Residential),2014-01-02,2018-06-16,K-RERA/PRJ/ERN/193/2022,2022-11-26,121,121,Inprogress,Ernakulam,KAKKANAD,Kanayannur
ASSET JUBILANCE,ASSET HOMES PRIVATE LIMITED,Residential (Apartment),2022-07-15,2025-07-31,K-RERA/PRJ/ERN/128/2022,2022-08-01,24,24,Completed,Ernakulam,VAZHAKKALA,Kanayannur
"NBCC Valley View Apartment, Kochi",NBCC INDIA LIMITED,Mixed (Commercial & Residential),2015-04-28,2024-12-31,K-RERA/PRJ/ERN/138/2022,2022-08-29,319,11,Inprogress,Ernakulam,PUTHENCRUZ,Kunnathunad
THANA SQUARE,THANA SQUARE,Shops/Office Space (Commercial),2011-04-01,2014-05-31,K-RERA/PRJ/KNR/212/2022,2022-12-20,106,68,Completed,Kannur,PALLIKKUNNU,Kannur
VARMA RHYTHM,VARMA HOMES PRIVATE LIMITED,Residential (Apartment),2022-10-10,2027-09-30,K-RERA/PRJ/ERN/117/2022,2022-07-14,46,39,Inprogress,Ernakulam,NADAMA,Kanayannur
CASADEL QUEENSTOWN,CASADEL BUILDERS INDIA PRIVATE LIMITED,Residential (Apartment),2022-09-01,2027-11-01,K-RERA/PRJ/ERN/185/2022,2022-11-14,59,45,Inprogress,Ernakulam,KAKKANAD,Kanayannur
Krishna Homes Kizhekkeppat Heritage,BALARAMAN K N,Mixed (Commercial & Residential),2023-02-10,2027-12-31,K-RERA/PRJ/TSR/024/2023,2023-02-03,52,21,Inprogress,Thrissur,GURUVAYUR,Chavakkad
OMG GRANDEUR VILLAS,OMG PROPERTIES PRIVATE LIMITED,Villas (Plots & Buildings),2022-10-17,2027-10-17,K-RERA/PRJ/PKD/038/2023,2023-02-23,12,10,Inprogress,Palakkad,MARUTHUROAD,Palakkad
SFS RHYTHM,SKYLINE FOUNDATIONS AND STRUCTURES PRIVATE LIMITED,Residential (Apartment),2022-11-01,2026-07-31,K-RERA/PRJ/TVM/191/2022,2022-11-22,66,44,Completed,Thiruvananthapuram,PALLIPURAM TRIVANDRUM,THIRUVANANTHAPRUAM
ASSET CANZARA,ASSET HOMES PRIVATE LIMITED,Residential (Apartment),2022-11-01,2027-03-31,K-RERA/PRJ/TVM/152/2022,2022-09-12,96,87,Inprogress,Thiruvananthapuram,PANGAPARA,THIRUVANANTHAPRUAM
KERALAGRAMAM PROPERTIES,Kerala Gramam Properties,Residential (Apartment),2008-12-23,2017-12-20,K-RERA/PRJ/TSR/041/2023,2023-02-24,30,26,Inprogress,Thrissur,IRINGAPRAM,Chavakkad
ARTECH FUTURA,ARTECH REALTORS PRIVATE LIMITED,Residential (Apartment),2012-08-17,2015-11-04,K-RERA/PRJ/TVM/151/2022,2022-09-06,96,96,Completed,Thiruvananthapuram,KADAKAMPALLY,THIRUVANANTHAPRUAM
SKYLINE WINGS,M/s Skyline Builders,Mixed (Commercial & Residential),2022-11-01,2027-10-31,K-RERA/PRJ/KNR/155/2022,2022-09-27,68,67,Inprogress,Kannur,ELAYAVOOR,Kannur
SMS BODHI,SMS BUILDERS,Residential (Apartment),2022-10-07,2026-04-07,K-RERA/PRJ/ERN/171/2022,2022-10-26,20,14,Completed,Ernakulam,EDAPPALLY SOUTH,Kanayannur
CONFIDENT CYGNUS BLOCK B,Confident Projects Residential,Residential (Apartment),2022-11-15,2027-11-15,K-RERA/PRJ/KTM/198/2022,2022-11-29,88,49,Inprogress,Kottayam,MUTTAMBALAM,Kottayam
NTP LORDS VALLEY - Phase 6,NTP HOMES PRIVATE LIMITED,Villas (Plots & Buildings),2022-12-05,2025-12-31,K-RERA/PRJ/KTM/034/2023,2023-02-10,14,0,Inprogress,Kottayam,PERUMBAYIKKADU,Kottayam
ABAD SIGNATURE,ABAD BUILDERS PVT LTD,Residential (Apartment),2022-12-10,2026-06-30,K-RERA/PRJ/ERN/200/2022,2022-12-02,31,20,Inprogress,Ernakulam,MARADU,Kanayannur
DOWNTOWN CRESCENT,CRESCENT BUILDERS,Residential (Apartment),2023-02-01,2027-01-31,K-RERA/PRJ/KKD/199/2022,2022-11-30,58,56,Inprogress,Kozhikode,NELLIKODE,Kozhikode
DD GREEN VILLAGE,DESAI HOMES,Residential (Apartment),2023-01-02,2027-12-31,K-RERA/PRJ/ERN/025/2023,2023-02-06,133,93,Inprogress,Ernakulam,KAKKANAD,Kanayannur
Aroma High Bloom,AROMA INTERNATIONAL BUILDING CONTRACTING INDIA PVT LTD,Residential (Apartment),2015-02-27,2025-12-31,K-RERA/PRJ/TVM/035/2023,2023-02-10,102,43,Inprogress,Thiruvananthapuram,VATTIYOORKAVU,THIRUVANANTHAPRUAM
THE WOODS,SIDDHI HOMES,Villas (Plots & Buildings),2023-06-01,2027-11-20,K-RERA/PRJ/ERN/080/2023,2023-05-11,17,13,Inprogress,Ernakulam,KUMBALAM,Kanayannur
WINTER CASTLE,VAGAMON RESORTS AND APARTMENTS PRIVATE LIMITED,Residential (Apartment),2023-08-14,2026-03-31,K-RERA/PRJ/KTM/195/2023,2023-11-01,35,35,Inprogress,Kottayam,KOOTTICKAL,KANJIRAPPALLY
QUEENS GARDENIA,QUEENS HABITATS PVT LTD,Villas (Plots & Buildings),2022-12-01,2027-12-30,K-RERA/PRJ/KKD/046/2023,2023-03-10,14,0,Inprogress,Kozhikode,KOTTOOLI,Kozhikode
QUEENS PROMENADE,QUEENS HABITATS PVT LTD,Residential (Apartment),2023-01-01,2027-12-31,K-RERA/PRJ/KKD/019/2023,2023-01-30,74,6,Inprogress,Kozhikode,KACHERY,Kozhikode
SUNPAUL DEZIRA PAZHAMPILLY HERITAGE,Dezira Projects & Realtors Pvt Ltd,Residential (Apartment),2010-01-08,2021-11-30,K-RERA/PRJ/007/2022,2023-05-15,55,25,Inprogress,Ernakulam,CHERANALLUR,Kanayannur
SERENE RIVERVIEW,ABRAHAM  JOSEPH,Residential (Apartment),2012-01-01,2020-12-31,K-RERA/PRJ/PTA/007/2024,2024-01-06,99,90,Inprogress,Pathanamthitta,KAVIYOOR,Thiruvalla
THE LAURELS BY FAVOURITE HOMES,FAVOURITE CONSTRUCTIONS PRIVATE LIMITED,Residential (Apartment),2022-12-23,2026-06-30,K-RERA/PRJ/TVM/004/2023,2023-01-07,99,80,Inprogress,Thiruvananthapuram,KADAKAMPALLY,THIRUVANANTHAPRUAM
VEEGALAND SYMPHONY,VEEGALAND DEVELOPERS PRIVATE LIMITED,Residential (Apartment),2023-02-01,2027-07-31,K-RERA/PRJ/KKD/037/2023,2023-02-23,56,35,Inprogress,Kozhikode,NELLIKODE,Kozhikode
CONFIDENT PIONEER,Confident Projects Residential,Residential (Apartment),2023-02-15,2028-02-15,K-RERA/PRJ/TVM/015/2023,2023-01-24,100,93,Inprogress,Thiruvananthapuram,AYIROOPARA,THIRUVANANTHAPRUAM
"TOWERS 2, 3, 4 OF NTH",DLF SOUTHERN TOWNS PRIVATE LIMITED,Residential (Apartment),2009-09-01,2017-03-15,K-RERA/PRJ/ERN/029/2023,2023-02-09,434,431,Completed,Ernakulam,KAKKANAD,Kanayannur
VICTORIA REALTORS SHISHIRAM,DHARMIC LIVING PVT LTD,Plots,2023-01-21,2027-01-31,K-RERA/PRJ/PKD/155/2023,2023-09-07,,0,Completed,Palakkad,AKATHETHARA,Palakkad
CIDBI CASSIA,CIDBI,Residential (Apartment),2023-10-01,2030-10-31,K-RERA/PRJ/TSR/043/2023,2023-03-03,100,43,Inprogress,Thrissur,Peringavu,Thrissur
HiLITE ATHENS,HiLITE Builders Pvt Ltd,Residential (Apartment),2023-03-31,2028-03-31,K-RERA/PRJ/KKD/083/2023,2023-05-17,37,25,Inprogress,Kozhikode,OLAVANNA,Kozhikode
CORDIAL DEEPAM,CORDIAL HOMES PVT LTD,Mixed (Commercial & Residential),2023-04-14,2027-10-16,K-RERA/PRJ/TVM/050/2023,2023-03-21,28,28,Inprogress,Thiruvananthapuram,SASTHAMANGALAM,THIRUVANANTHAPRUAM
ANTA - ONE KOWDIAR,ANTA BUILDERS & DEVELOPERS PVT LTD,Villas (Plots & Buildings),2023-03-01,2028-02-29,K-RERA/PRJ/TVM/099/2023,2023-06-05,23,3,Inprogress,Thiruvananthapuram,PEROORKADA,THIRUVANANTHAPRUAM
CASA CENTRAL,M/S SALPA & EXPERTS INFRA SOLUTIONS LLP,Mixed (Commercial & Residential),2018-10-18,2025-01-31,K-RERA/PRJ/PKD/088/2023,2023-05-25,59,0,Inprogress,Palakkad,SHORANUR I,Ottappalam
PRIMROSE,CUBICSPACES,Villas (Plots & Buildings),2022-06-01,2024-12-31,K-RERA/PRJ/TVM/157/2023,2023-09-07,121,88,Inprogress,Thiruvananthapuram,ULIYAZHATHURA,THIRUVANANTHAPRUAM
CONFIDENT Oakwood 2,Confident Projects Residential,Residential (Apartment),2023-04-03,2028-04-03,K-RERA/PRJ/KKD/061/2023,2023-04-04,93,93,Inprogress,Kozhikode,NELLIKODE,Kozhikode
VICTORIA REALTORS SWASTHIKA SECOND PHASE,DHARMIC LIVING PVT LTD,Plots,2023-03-15,2026-03-31,K-RERA/PRJ/PKD/060/2023,2023-04-04,,6,Completed,Palakkad,SREEKRISHNAPURAM I,Ottappalam
NATH CLOUD SCAPE,NATH BUILDERS,Residential (Apartment),2013-11-21,2019-04-27,K-RERA/PRJ/WYD/145/2023,2023-08-09,28,1,Completed,Wayanad,KUNNATHIDAVAKA,Vythiri
ASSET TAURUS IDENTITY,ASSET HOMES PRIVATE LIMITED,Residential (Apartment),2023-05-04,2027-10-30,K-RERA/PRJ/TVM/057/2023,2023-03-29,295,92,Inprogress,Thiruvananthapuram,ATTIPRA,THIRUVANANTHAPRUAM
Marina One Phase - 4,Sobha Limited,Residential (Apartment),2016-03-15,2028-06-30,K-RERA/PRJ/ERN/076/2023,2023-04-28,193,190,Inprogress,Ernakulam,ERNAKULAM,Kanayannur
MELUHA MELODY,MELUHA HOMES,Residential (Apartment),2023-01-05,2025-09-30,K-RERA/PRJ/ERN/074/2023,2023-04-26,32,9,Inprogress,Ernakulam,KAKKANAD,Kanayannur
SKYLINE MATRIX,M/s Skyline Builders,Residential (Apartment),2023-06-01,2028-05-30,K-RERA/PRJ/ERN/059/2023,2023-03-31,38,38,Inprogress,Ernakulam,KAKKANAD,Kanayannur
MEENA PAUL ALIAS MEENA MOBI,MEENA  PAUL ALIAS MOBI,Plots,2023-01-27,2028-01-26,K-RERA/PRJ/ERN/098/2023,2023-06-02,,31,Inprogress,Ernakulam,VADAVUKODE,Kunnathunad
LEVITA JASPER ENCLAVE,Levita Developers LLP,Villas (Plots & Buildings),2024-06-01,2027-05-31,K-RERA/PRJ/TVM/122/2024,2024-06-25,9,1,Inprogress,Thiruvananthapuram,KAZHAKOOTTAM,THIRUVANANTHAPRUAM
VICTORIA REALTORS NIVEDYAM SECOND PHASE,DHARMIC LIVING PVT LTD,Villas (Plots & Buildings),2023-03-31,2027-03-31,K-RERA/PRJ/PKD/063/2023,2023-04-12,17,9,Inprogress,Palakkad,AMBALAPPARA II,Ottappalam
ARTECH MARVEL,ARTECH REALTORS PRIVATE LIMITED,Residential (Apartment),2023-04-24,2028-04-20,K-RERA/PRJ/TVM/069/2023,2023-04-24,58,32,Inprogress,Thiruvananthapuram,KOWDIAR,THIRUVANANTHAPRUAM
C1,CAPKON DEVELOPERS PRIVATE LIMITED,Residential (Apartment),2023-05-05,2028-01-17,K-RERA/PRJ/KKD/065/2023,2023-04-20,56,40,Inprogress,Kozhikode,CHELAVUR,Kozhikode
CONFIDENT AVENUE,Confident Projects Residential,Residential (Apartment),2023-05-03,2028-05-03,K-RERA/PRJ/MPM/067/2023,2023-04-24,100,69,Inprogress,Malappuram,VAZHAYUR,KONDOTTY
CORDIAL DEV,CORDIAL HOMES PVT LTD,Residential (Apartment),2023-05-10,2027-11-10,K-RERA/PRJ/TVM/086/2023,2023-05-18,64,35,Inprogress,Thiruvananthapuram,KAZHAKOOTTAM,THIRUVANANTHAPRUAM
VEEGALAND GREEN CAPITOL,VEEGALAND DEVELOPERS PRIVATE LIMITED,Residential (Apartment),2023-08-01,2028-06-30,K-RERA/PRJ/TVM/130/2023,2023-07-27,88,75,Inprogress,Thiruvananthapuram,ATTIPRA,THIRUVANANTHAPRUAM
MAYURA HOMES,MAYURA HOMES AND DEVELOPERS,Villas (Plots & Buildings),2022-11-17,2027-11-16,K-RERA/PRJ/ERN/192/2023,2023-10-30,2,0,Inprogress,Ernakulam,NADAMA,Kanayannur
SKYLINE CENTRAL AVENUE,M/s Skyline Builders,Plots,2023-05-01,2024-06-30,K-RERA/PRJ/KTM/095/2023,2023-06-01,,13,Completed,Kottayam,VIJAYAPURAM,Kottayam
Lotus Keralavilasam Palace,VEDAPURI LOTUS PROPERTIES PVT LTD,Residential (Apartment),2023-07-15,2026-07-31,K-RERA/PRJ/ERN/115/2023,2023-06-30,20,20,Inprogress,Ernakulam,NADAMA,Kanayannur
GREHA GOLDEN SAPPHIRE,GREHA HOMES PVT LTD,Mixed (Commercial & Residential),2023-07-01,2026-06-30,K-RERA/PRJ/ERN/137/2023,2023-08-07,16,13,Inprogress,Ernakulam,ERNAKULAM,Kanayannur
Sophia Melrose,Joyce  George,Villas (Plots & Buildings),2022-01-20,2024-06-30,K-RERA/PRJ/ERN/114/2023,2023-06-26,4,0,Completed,Ernakulam,CHERANALLUR,Kanayannur
ABAD SUNRISE PARK,ABAD BUILDERS PVT LTD,Residential (Apartment),2023-08-01,2027-03-31,K-RERA/PRJ/ERN/124/2023,2023-07-25,45,35,Inprogress,Ernakulam,MARADU,Kanayannur
URBAN SERENITY,FYNDAY PROJECTS LLP,Villas (Plots & Buildings),2023-07-01,2026-12-31,K-RERA/PRJ/ERN/194/2023,2023-11-01,21,3,Inprogress,Ernakulam,CHERANALLUR,Kanayannur
LEVEL100 ROOTS,Level 100 Realty Pvt Ltd,Villas (Plots & Buildings),2023-07-15,2028-12-29,K-RERA/PRJ/ERN/062/2024,2024-03-20,7,7,Inprogress,Ernakulam,THEKKUMBHAGOM KANAYANNUR,Kanayannur
NATIONAL SIGNATURE TOWER 2,NATIONAL BUILDERS,Residential (Apartment),2023-03-30,2028-03-29,K-RERA/PRJ/ERN/143/2023,2023-08-08,58,29,Inprogress,Ernakulam,CHERANALLUR,Kanayannur
SANROYAL ZEONA,SANROYAL BUILDERS AND CONTRACTORS PVT LTD,Residential (Apartment),2023-06-20,2029-04-14,K-RERA/PRJ/TSR/224/2023,2023-12-05,74,37,Inprogress,Thrissur,NADATHARA,Thrissur
LOTUS SIVAGANGA,LOTUS PROPERTIES,Residential (Apartment),2023-09-01,2027-03-31,K-RERA/PRJ/ERN/134/2023,2023-08-02,22,10,Inprogress,Ernakulam,THIRUVANKULAM,Kanayannur
Mammen,C M MAMMEN,Plots,2019-01-01,2025-12-31,K-RERA/PRJ/TVM/150/2024,2024-07-25,,25,Inprogress,Thiruvananthapuram,PEROORKADA,THIRUVANANTHAPRUAM
Tulsi ViVo,TULSI BUILDERS,Residential (Apartment),2023-08-23,2028-06-15,K-RERA/PRJ/ERN/168/2023,2023-09-19,16,0,Inprogress,Ernakulam,EDAPPALLY NORTH,Kanayannur
CORDIAL ACHUTHAM,CORDIAL HOMES PVT LTD,Residential (Apartment),2023-09-01,2027-09-30,K-RERA/PRJ/TVM/152/2023,2023-09-07,39,11,Inprogress,Thiruvananthapuram,VATTIYOORKAVU,THIRUVANANTHAPRUAM
CHAKOLAS FOUNTAINHEAD,CHAKOLAS REALTORS,Residential (Apartment),2023-11-20,2027-11-19,K-RERA/PRJ/ERN/219/2023,2023-11-27,17,13,Inprogress,Ernakulam,RAMESHWARAM,Kochi
WELL N WORTH LOTUS GARDENIA,WELL N WORTH LOTUS GARDENIA,Residential (Apartment),2015-04-18,2025-04-17,K-RERA/PRJ/TSR/159/2023,2023-09-12,74,23,Inprogress,Thrissur,GURUVAYUR,Chavakkad
Kalyan A Different Story,Kalyan Developers,Residential (Apartment),2024-01-01,2028-03-24,K-RERA/PRJ/ERN/019/2024,2024-01-18,25,15,Inprogress,Ernakulam,ELAMKULAM,Kanayannur
Mansions Satvika,MANSIONS,Residential (Apartment),2024-01-24,2026-06-30,K-RERA/PRJ/TVM/029/2024,2024-02-02,19,15,Inprogress,Thiruvananthapuram,PETTAH,THIRUVANANTHAPRUAM
WESTFORT INEOS,WESTFORT REALTORS PRIVATE LIMITED,Residential (Apartment),2024-02-27,2029-02-20,K-RERA/PRJ/TSR/124/2024,2024-06-26,74,9,Inprogress,Thrissur,IRINGAPRAM,Chavakkad
THE GRAND ROSSO,PNR HOMES PRIVATE LIMITED,Residential (Apartment),2023-10-01,2026-10-30,K-RERA/PRJ/TVM/179/2023,2023-10-09,14,9,Inprogress,Thiruvananthapuram,ULOOR,THIRUVANANTHAPRUAM
ORCHARD,MARSIC PROJECTS PVT LTD,Plots,2023-10-23,2027-10-23,K-RERA/PRJ/ERN/147/2024,2024-07-23,,0,Inprogress,Ernakulam,KUNNATHUNAD,Kunnathunad
ARTECH RIO,ARTECH REALTORS PRIVATE LIMITED,Residential (Apartment),2016-08-06,2023-11-29,K-RERA/PRJ/KTM/203/2023,2023-11-08,90,12,Completed,Kottayam,CHENGALAM SOUTH,Kottayam
SHANOOR RAINBOW CITY PHASE II,SHANOOR PROJECTS AND REALTORS PVT LTD,Plots,2023-09-01,2028-10-30,K-RERA/PRJ/TVM/183/2023,2023-10-18,,3,Inprogress,Thiruvananthapuram,PANGAPARA,THIRUVANANTHAPRUAM
TRINITY PROMINENCE,TRINITY ARCADE PVT LTD,Residential (Apartment),2023-11-01,2028-12-31,K-RERA/PRJ/ERN/188/2023,2023-10-27,38,9,Inprogress,Ernakulam,EDAPPALLY SOUTH,Kanayannur
PLAZA HILLTOP APARTMENTS,PLAZA BUILDERS,Residential (Apartment),2022-02-02,2024-12-31,K-RERA/PRJ/TSR/064/2024,2024-03-22,20,0,Completed,Thrissur,KANIPAYYOOR,KUNNAMKULAM
MEXICAN BUNGALOWS -PHASE1,GREENTECH BUILDERS,Villas (Plots & Buildings),2019-12-30,2026-08-31,K-RERA/PRJ/ERN/104/2024,2024-05-24,14,14,Inprogress,Ernakulam,KUNNATHUNAD,Kunnathunad
GREENCASA VILLAS,GREENTECH BUILDERS,Villas (Plots & Buildings),2019-12-30,2025-12-31,K-RERA/PRJ/ERN/102/2024,2024-05-24,28,28,Completed,Ernakulam,KUNNATHUNAD,Kunnathunad
VICTORIA REALTORS MADHAVAM,DHARMIC LIVING PVT LTD,Villas (Plots & Buildings),2023-10-31,2028-10-31,K-RERA/PRJ/PKD/199/2023,2023-11-06,12,11,Inprogress,Palakkad,PARALI II,Palakkad
VICTORIA REALTORS HIMAM,DHARMIC LIVING PVT LTD,Villas (Plots & Buildings),2023-12-10,2028-11-30,K-RERA/PRJ/TSR/221/2023,2023-12-05,10,8,Inprogress,Thrissur,AVANNUR,Thrissur
SKYLINE ODYSSEY,M/s Skyline Builders,Residential (Apartment),2024-01-01,2028-12-31,K-RERA/PRJ/KKD/228/2023,2023-12-06,86,46,Inprogress,Kozhikode,KOTTOOLI,Kozhikode
LIKE A POETRY,iSPOTZ DEVELOPERS LLP,Plots,2023-12-15,2025-12-31,K-RERA/PRJ/TVM/239/2023,2023-12-22,,13,Completed,Thiruvananthapuram,CHERUVAKKAL,THIRUVANANTHAPRUAM
ORCHID CINNAMON,PIXEL HOMES,Residential (Apartment),2024-06-01,2027-12-30,K-RERA/PRJ/TVM/126/2024,2024-06-26,9,0,Inprogress,Thiruvananthapuram,KAZHAKOOTTAM,THIRUVANANTHAPRUAM
ASPAN CELESTA,ASPAN CELESTA LLP,Residential (Apartment),2024-01-01,2026-12-31,K-RERA/PRJ/KKD/009/2024,2024-01-08,115,108,Inprogress,Kozhikode,NELLIKODE,Kozhikode
ONE ALTITUDE,CCJ ONE ALTITUDE LLP,Residential (Apartment),2024-03-01,2028-12-01,K-RERA/PRJ/KKD/013/2024,2024-01-11,79,53,Inprogress,Kozhikode,KAKKODI,Kozhikode
Onyx,MOUNTHUGE DEVELOPERS PRIVATE LIMITED,Villas (Plots & Buildings),2018-01-03,2024-12-31,K-RERA/PRJ/TSR/103/2025,2025-08-18,10,10,Inprogress,Thrissur,PERAMANGALAM,Thrissur
CH Vaikund,Akshay S Kamath,Residential (Apartment),2024-02-01,2026-04-30,K-RERA/PRJ/ERN/055/2024,2024-03-01,20,15,Completed,Ernakulam,POONITHURA,Kanayannur
GREEN MEADOWS,AJU C MATHEW,Plots,2023-09-04,2026-03-04,K-RERA/PRJ/TSR/079/2024,2024-04-19,,0,Completed,Thrissur,MINALUR,THALAPPILLY
ASSET B RIGHT,ASSET HOMES PRIVATE LIMITED,Residential (Apartment),2024-04-15,2028-04-15,K-RERA/PRJ/TSR/050/2024,2024-02-28,43,15,Inprogress,Thrissur,OLLUR,Thrissur
FIRM,REDPORCH NEST PVT LTD,Plots,2023-10-20,2028-10-19,K-RERA/PRJ/ERN/066/2024,2024-03-26,,0,Inprogress,Ernakulam,RAYAMANGALAM,Kunnathunad
JJ PALACIA,JJ Builders & Developers,Residential (Apartment),2015-12-29,2019-05-31,K-RERA/PRJ/TVM/093/2024,2024-05-15,35,34,Completed,Thiruvananthapuram,THIRUMALA,THIRUVANANTHAPRUAM
Inspire Capita,M/s Inspire Homes Engineers & Realtors Pvt Ltd,Residential (Apartment),2023-10-01,2025-10-31,K-RERA/PRJ/ERN/075/2024,2024-04-12,9,4,Inprogress,Ernakulam,THRIKKAKARA NORTH,Kanayannur
SPANISH VILLAS,GREENTECH BUILDERS,Villas (Plots & Buildings),2018-12-18,2024-12-31,K-RERA/PRJ/ERN/095/2024,2024-05-16,13,13,Inprogress,Ernakulam,KUNNATHUNAD,Kunnathunad
MYS TECHNO HEIGHTS,MYS CONSTRUCTIONS,Residential (Apartment),2024-03-15,2029-03-07,K-RERA/PRJ/TVM/138/2024,2024-07-12,20,2,Inprogress,Thiruvananthapuram,KAZHAKOOTTAM,THIRUVANANTHAPRUAM
PGM Rivera,PGM Developers,Plots,2024-02-10,2027-02-09,K-RERA/PRJ/PKD/071/2024,2024-04-05,,6,Inprogress,Palakkad,MANNARKKAD 1,Mannarkkad 
PRISTINE VILLAS,HiLife Builders Pvt Ltd,Villas (Plots & Buildings),2024-03-05,2024-08-30,K-RERA/PRJ/TSR/080/2024,2024-04-22,6,1,Completed,Thrissur,VIYYUR,Thrissur
SOPHIA AMELIA,Joyce  George,Villas (Plots & Buildings),2023-05-10,2026-12-31,K-RERA/PRJ/ERN/065/2024,2024-03-26,3,0,Completed,Ernakulam,ELOOR,Paravur
CONFIDENT GATEWAY,Confident Projects Residential,Residential (Apartment),2024-05-02,2029-05-02,K-RERA/PRJ/ERN/074/2024,2024-04-12,100,69,Inprogress,Ernakulam,KAKKANAD,Kanayannur
KURINJI PLOT,BABU AND MM ANTONY  JOSEPH,Plots,2022-03-22,2024-03-31,K-RERA/PRJ/ERN/193/2024,2024-09-24,,16,Completed,Ernakulam,AIKARANAD SOUTH,Kunnathunad
Bright Villaggio,Febina K V  ,Plots,2024-01-03,2024-12-31,K-RERA/PRJ/PKD/113/2024,2024-06-18,,0,Completed,Palakkad,OTTAPALAM II,Ottappalam
Orchid Village,Paul Poulose Eapen,Plots,2019-12-24,2025-03-25,K-RERA/PRJ/ERN/245/2024,2024-11-29,,14,Completed,Ernakulam,MANAKUNNAM,Kanayannur
EMBASSY SUITES,SOUTHERN SUPERSTRUCTURES PRIVATE LIMITED,Residential (Apartment),2024-06-01,2027-06-01,K-RERA/PRJ/ERN/109/2024,2024-05-31,24,2,Inprogress,Ernakulam,NEDUMBASSERY,Aluva
SANROYAL HASTHA VILLA,SANROYAL BUILDERS AND CONTRACTORS PVT LTD,Villas (Plots & Buildings),2020-12-17,2024-12-17,K-RERA/PRJ/TSR/114/2024,2024-06-18,4,4,Inprogress,Thrissur,IRINGAPRAM,Chavakkad
GRACELAND FOUNDATION PHASE 2 - ELDERDALE PROJECT,GRACELAND FOUNDATIONS,Villas (Plots & Buildings),2018-02-10,2019-07-08,K-RERA/PRJ/ERN/139/2024,2024-07-12,16,16,Completed,Ernakulam,MULAMTHURUTHY,Kanayannur
GJ LAVENDER,GJ PROPERTIES,Residential (Apartment),2015-02-10,2019-12-11,K-RERA/PRJ/ALP/148/2024,2024-07-23,40,40,Completed,Alappuzha,CHERTHALA SOUTH,Cherthala
HEATHER WEST FORT,HEATHER REALTORS LLP,Residential (Apartment),2024-06-25,2029-08-24,K-RERA/PRJ/TVM/098/2024,2024-05-20,78,65,Inprogress,Thiruvananthapuram,PETTAH,THIRUVANANTHAPRUAM
DREAMFLOWER LEYENDA,DREAM FLOWER HOUSING PROJECTS PVT LTD,Residential (Apartment),2024-08-17,2027-03-31,K-RERA/PRJ/ERN/170/2024,2024-08-23,27,24,Inprogress,Ernakulam,POONITHURA,Kanayannur
NATIONAL ROYAL PALACE,NATIONAL BUILDERS,Residential (Apartment),2020-03-16,2028-12-30,K-RERA/PRJ/ERN/156/2025,2025-12-01,83,5,Inprogress,Ernakulam,THRIKKAKARA NORTH,Kanayannur
SCARLET AVENUE,SCARLET CIRCLE HOLIDAYS PVT LTD,Plots,2024-02-01,2024-08-31,K-RERA/PRJ/TVM/154/2024,2024-08-01,,0,Completed,Thiruvananthapuram,VEILOOR,THIRUVANANTHAPRUAM
"Joyalukkas Gold Tower, Vazhakkala",Joyalukkas Lifestyle Developers Pvt Ltd,Residential (Apartment),2012-02-13,2017-08-03,K-RERA/PRJ/ERN/173/2024,2024-09-02,162,157,Completed,Ernakulam,VAZHAKKALA,Kanayannur
SONG OF THE SEA,ICLOUD HOMES PRIVATE LIMITED,Residential (Apartment),2024-06-17,2028-06-30,K-RERA/PRJ/TVM/120/2024,2024-06-22,155,116,Inprogress,Thiruvananthapuram,VEGANOOR,THIRUVANANTHAPRUAM
Evening Paradise,D Sethumadhavan  D Raghavanezhuthassan,Villas (Plots & Buildings),2019-03-08,2027-12-31,K-RERA/PRJ/PKD/214/2024,2024-10-28,70,23,Inprogress,Palakkad,VANIYAKULAM II,Ottappalam
Thiruvaniyoor Plots,Benoy  Benjamin,Plots,2024-06-02,2024-08-02,K-RERA/PRJ/ERN/132/2024,2024-07-08,,1,Inprogress,Ernakulam,THIRUVANIYOOR,Kunnathunad
Pushpagiriyil Palm Olivia,Pushpagiriyil Builders and Developers,Villas (Plots & Buildings),2024-06-29,2027-12-31,K-RERA/PRJ/PTA/169/2024,2024-08-23,23,15,Inprogress,Pathanamthitta,KUTTAPUZHA,Thiruvalla
DD GREEN CREST,DESAI HOMES,Residential (Apartment),2024-08-15,2029-03-31,K-RERA/PRJ/KKD/149/2024,2024-07-24,66,38,Inprogress,Kozhikode,KOTTOOLI,Kozhikode
AKB Arcade,Grande Homes,Residential (Apartment),2019-11-14,2023-09-30,K-RERA/PRJ/ERN/175/2024,2024-09-03,12,12,Completed,Ernakulam,ERNAKULAM,Kanayannur
LOTUS BHARATHY ENCLAVE,VEDAPURI LOTUS PROPERTIES PVT LTD,Mixed (Commercial & Residential),2024-08-22,2027-07-31,K-RERA/PRJ/ERN/201/2024,2024-10-08,11,6,Inprogress,Ernakulam,POONITHURA,Kanayannur
Sowparnika Signature Tower,Sowparnika Projects & Infrasturcture Pvt Ltd,Residential (Apartment),2024-03-02,2029-07-31,K-RERA/PRJ/TVM/200/2024,2024-10-07,44,5,Inprogress,Thiruvananthapuram,CHERUVAKKAL,THIRUVANANTHAPRUAM
SMS OASIS,SMS BUILDERS,Residential (Apartment),2024-09-14,2029-08-18,K-RERA/PRJ/ERN/178/2024,2024-09-10,16,4,Inprogress,Ernakulam,THOPPUMPADY,Kochi
ANVITA RENOVA,ANVITA BUILDERS PVT LTD,Residential (Apartment),2024-04-08,2026-07-26,K-RERA/PRJ/ERN/187/2024,2024-09-19,15,5,Inprogress,Ernakulam,EDAPPALLY SOUTH,Kanayannur
Marina One Phase-5,Sobha Limited,Residential (Apartment),2016-03-15,2031-12-31,K-RERA/PRJ/ERN/064/2025,2025-06-10,362,80,Inprogress,Ernakulam,ERNAKULAM,Kanayannur
KMA PROPERTIES EMPYREAN AVENUE,KMA PROPERTIES PRIVATE LIMITED,Villas (Plots & Buildings),2024-09-03,2029-08-12,K-RERA/PRJ/PKD/032/2025,2025-02-19,12,0,Inprogress,Palakkad,OTTAPALAM I,Ottappalam
PB JAHNVI,PB HOMES PVT LTD,Residential (Apartment),2024-11-01,2030-04-30,K-RERA/PRJ/TSR/198/2024,2024-09-30,81,34,Inprogress,Thrissur,NADATHARA,Thrissur
VARMA TRIDENT,VARMA HOMES PRIVATE LIMITED,Residential (Apartment),2025-03-03,2030-08-03,K-RERA/PRJ/TVM/001/2025,2025-01-01,42,33,Inprogress,Thiruvananthapuram,THYCAUD,THIRUVANANTHAPRUAM
REIGATE LAUREL HAVEN,REIGATE BUILDERS PRIVATE LIMITED,Residential (Apartment),2024-10-05,2028-03-15,K-RERA/PRJ/KKD/204/2024,2024-10-14,61,31,Inprogress,Kozhikode,NELLIKODE,Kozhikode
ASSET JGT ANANDA MALIKA,ASSET JGT PRIVATE LIMITED,Residential (Apartment),2024-11-01,2029-11-01,K-RERA/PRJ/ERN/203/2024,2024-10-09,21,15,Inprogress,Ernakulam,ELAMKULAM,Kanayannur
ASIAN GLORY,ASIAN DEVELOPERS,Residential (Apartment),2015-08-04,2018-07-30,K-RERA/PRJ/ERN/239/2024,2024-11-22,10,10,Completed,Ernakulam,ELAMKULAM,Kanayannur
ROYAL CASTLE,DEODATE BUILDERS AND DEVELOPERS PRIVATE LIMITED,Plots,2024-10-22,2028-03-31,K-RERA/PRJ/ERN/017/2025,2025-02-03,,4,Inprogress,Ernakulam,ALANGAD,Paravur
MANNALIL HILLS,MANALIL REALTORS,Plots,2019-12-04,2026-09-22,K-RERA/PRJ/TVM/013/2025,2025-01-20,,31,Inprogress,Thiruvananthapuram,VILAPPIL,KATTAKADA
R V BUILDERS AND DEVELOPERS,KIRAN  K,Plots,2024-05-01,2035-10-31,K-RERA/PRJ/KTM/026/2025,2025-02-11,,0,Inprogress,Kottayam,MEENACHIL,Meenachil
LOTUS CHENNAS ARCADE,VEDAPURI LOTUS PROPERTIES PVT LTD,Mixed (Commercial & Residential),2024-11-25,2027-11-25,K-RERA/PRJ/ERN/240/2024,2024-11-26,18,9,Inprogress,Ernakulam,NADAMA,Kanayannur
TRINITY NOVA,TRINITY ARCADE PVT LTD,Residential (Apartment),2024-12-01,2029-10-21,K-RERA/PRJ/ERN/218/2024,2024-10-30,48,3,Inprogress,Ernakulam,KAKKANAD,Kanayannur
The Lantern,PGOPALAKRISHNAN NAIR BUILDERS & Developers PVT LTD,Villas (Plots & Buildings),2024-11-04,2027-04-30,K-RERA/PRJ/TVM/044/2025,2025-04-15,23,1,Inprogress,Thiruvananthapuram,PEROORKADA,THIRUVANANTHAPRUAM
S A HOMES KRISHNA PREMIUM APARTMENT,S A Homes,Residential (Apartment),2024-10-28,2029-03-31,K-RERA/PRJ/PKD/003/2025,2025-01-06,44,21,Inprogress,Palakkad,PALAKKAD-2,Palakkad
Krishna Tower,Praphulla  Chandran,Mixed (Commercial & Residential),2021-09-09,2025-12-31,K-RERA/PRJ/ERN/238/2024,2024-11-21,9,1,Completed,Ernakulam,KALADY,Aluva
SFS SONG OF NIGHTINGALE,SKYLINE FOUNDATIONS AND STRUCTURES PRIVATE LIMITED,Residential (Apartment),2025-01-01,2028-12-31,K-RERA/PRJ/ERN/249/2024,2024-12-09,79,79,Inprogress,Ernakulam,VAZHAKKALA,Kanayannur
SKYLINE URBAN OASIS,M/s Skyline Builders,Villas (Plots & Buildings),2024-12-01,2029-12-01,K-RERA/PRJ/TVM/229/2024,2024-11-18,48,40,Inprogress,Thiruvananthapuram,MELTHONACKAL,THIRUVANANTHAPRUAM
S A HOMES VEDHA SENIOR LIVING,S A Homes,Residential (Apartment),2024-11-06,2029-03-31,K-RERA/PRJ/PKD/013/2026,2026-02-02,52,3,Inprogress,Palakkad,PALAKKAD-2,Palakkad
ASSET VISMAYAM,Bharath Lajhna Multi State Housing Cooperative Society Limited,Mixed (Commercial & Residential),2024-12-15,2029-12-15,K-RERA/PRJ/TVM/252/2024,2024-12-10,27,10,Inprogress,Thiruvananthapuram,SASTHAMANGALAM,THIRUVANANTHAPRUAM
THE FEATHER,NOEL VILLAS AND APARTMENTS,Residential (Apartment),2025-01-01,2028-08-30,K-RERA/PRJ/ERN/253/2024,2024-12-11,49,28,Inprogress,Ernakulam,KAKKANAD,Kanayannur
Prakriti Sattva,Prakriti Architects and Builders,Plots,2025-01-10,2028-12-31,K-RERA/PRJ/ERN/034/2025,2025-02-25,,11,Inprogress,Ernakulam,PUTHENCRUZ,Kunnathunad
REYASUDEEN A A,REYASUDDEEN  ,Plots,2024-08-21,2028-12-30,K-RERA/PRJ/KTM/256/2024,2024-12-23,,0,Inprogress,Kottayam,VAZHOOR,Changanassery
Mayoogha Gardens,Vijayankumar  N,Plots,2024-12-24,2025-03-31,K-RERA/PRJ/TVM/082/2026,2026-05-29,,0,Inprogress,Thiruvananthapuram,ULIYAZHATHURA,THIRUVANANTHAPRUAM
ELKOR PLATINA,ELKOR BUILDERS LLP,Residential (Apartment),2025-02-01,2027-10-31,K-RERA/PRJ/MPM/002/2025,2025-01-06,58,40,Inprogress,Malappuram,PATHAIKKARA,Perinthalmanna
SKYLINE BELEZA,M/s Skyline Builders,Residential (Apartment),2025-03-01,2030-03-01,K-RERA/PRJ/KKD/004/2025,2025-01-06,62,59,Inprogress,Kozhikode,VENGERI,Kozhikode
Bilba Elegancia,Binu  Narayanan,Residential (Apartment),2016-04-08,2024-12-20,K-RERA/PRJ/TSR/024/2025,2025-02-10,21,0,Completed,Thrissur,PUZHAKKAL,Thrissur
Plot Development,VINCENT  DAVID,Plots,2023-12-12,2028-12-31,K-RERA/PRJ/TVM/107/2025,2025-08-29,,44,Inprogress,Thiruvananthapuram,NEYYATTINKARA,Neyyattinkara
PRS CITY LUXE,PRS BUILD INDIA PRIVATE LIMITED,Residential (Apartment),2025-02-10,2029-12-29,K-RERA/PRJ/TVM/037/2025,2025-03-05,15,1,Inprogress,Thiruvananthapuram,KOWDIAR,THIRUVANANTHAPRUAM
Jayaraj Dhanya,Jayaraj Properties,Residential (Apartment),2025-04-01,2029-06-30,K-RERA/PRJ/PKD/077/2025,2025-06-21,64,11,Inprogress,Palakkad,PALAKKAD-3,Palakkad
TRINITY ESTILLA,GREEN LEAF BUILDERS AND DEVELOPERS INDIA PRIVATE LIMITED,Residential (Apartment),2025-02-01,2029-12-23,K-RERA/PRJ/ERN/018/2025,2025-02-03,32,0,Inprogress,Ernakulam,ELAMKULAM,Kanayannur
CASA AVENTIS,Level 100 Realty Pvt Ltd,Villas (Plots & Buildings),2024-04-26,2029-10-09,K-RERA/PRJ/ERN/015/2025,2025-02-03,5,4,Inprogress,Ernakulam,ELAMKULAM,Kanayannur
THE TOUCH,NOEL VILLAS AND APARTMENTS,Residential (Apartment),2025-03-01,2028-11-30,K-RERA/PRJ/ERN/016/2025,2025-02-03,49,22,Inprogress,Ernakulam,KAKKANAD,Kanayannur
ELEVATE,PEACON PROPERTIES PRIVATE LIMITED,Villas (Plots & Buildings),2025-05-15,2030-04-13,K-RERA/PRJ/PKD/071/2025,2025-06-12,8,4,Inprogress,Palakkad,MARUTHUROAD,Palakkad
GOLDEN HAVEN,VELLAYIL CONSTRUCTIONS PRIVATE LIMITED,Residential (Apartment),2024-03-01,2029-02-28,K-RERA/PRJ/ERN/059/2025,2025-05-15,9,0,Inprogress,Ernakulam,THRIKKAKARA NORTH,Kanayannur
Dymat Gradens Oasis,Dymat Eternal Solutions,Plots,2024-04-01,2025-04-30,K-RERA/PRJ/ERN/040/2025,2025-03-14,,4,Completed,Ernakulam,MANEED,Muvattupuzha
Sophia Aranyam,Joyce  George,Villas (Plots & Buildings),2023-11-07,2027-12-31,K-RERA/PRJ/ERN/050/2025,2025-05-03,0,0,Completed,Ernakulam,KUREEKKAD,Kanayannur
Varahanadu,Giridharan Rathinam  ,Plots,2025-02-01,2025-08-31,K-RERA/PRJ/PKD/085/2025,2025-07-16,,0,Completed,Palakkad,KOTTATHARA,Attappadi Tribal
Haze Munnar,Aakriti Holdings,Villas (Plots & Buildings),2025-04-15,2029-12-31,K-RERA/PRJ/IDK/060/2025,2025-05-21,9,0,Inprogress,Idukki,KUNJITHANNY,DEVIKULAM
BEVERLY RIVANTA,BEVERLY DEVELOPERS,Residential (Apartment),2025-01-01,2029-12-15,K-RERA/PRJ/TSR/101/2025,2025-08-18,30,0,Inprogress,Thrissur,AYYANTHOLE,Thrissur
Providence Gateway,Providence Lifespace Pvt Ltd,Residential (Apartment),2025-05-01,2028-05-01,K-RERA/PRJ/ERN/090/2025,2025-07-23,28,16,Inprogress,Ernakulam,ANGAMALY,Aluva
Nikunjam The Summit,Nikunjam Constructions Private Limited,Residential (Apartment),2025-04-08,2031-11-15,K-RERA/PRJ/TVM/051/2025,2025-05-07,200,64,Inprogress,Thiruvananthapuram,ATTIPRA,THIRUVANANTHAPRUAM
SKYRIDGE,CASA VISTA CONSTRUCTIONS PVT LTD,Plots,2025-04-05,2026-12-19,K-RERA/PRJ/TVM/072/2025,2025-06-13,,13,Inprogress,Thiruvananthapuram,VEILOOR,THIRUVANANTHAPRUAM
PRAJAPATHYS CHEMPA GARDENS,SHAJI  G,Plots,2025-05-01,2027-05-30,K-RERA/PRJ/TVM/067/2025,2025-06-11,,8,Inprogress,Thiruvananthapuram,VILAVOORKAL,KATTAKADA
WHISPERING WAVES,TEKTON REALTY AND INFRASTRUCTURE PRIVATE LIMITED,Residential (Apartment),2025-06-01,2030-08-14,K-RERA/PRJ/KKD/082/2025,2025-07-04,272,79,Inprogress,Kozhikode,PANTHEERANKAVU,Kozhikode
VARMA PRISM,VARMA HOMES PRIVATE LIMITED,Residential (Apartment),2025-12-03,2031-12-31,K-RERA/PRJ/TSR/129/2025,2025-09-22,118,32,Inprogress,Thrissur,OLLUR,Thrissur
The Townsville BY FAVOURITE HOMES,FAVOURITE CONSTRUCTIONS PRIVATE LIMITED,Residential (Apartment),2025-05-13,2028-12-31,K-RERA/PRJ/TVM/061/2025,2025-06-10,87,42,Inprogress,Thiruvananthapuram,ATTIPRA,THIRUVANANTHAPRUAM
SOPHIA PETALS,Joyce  George,Villas (Plots & Buildings),2024-03-25,2028-03-31,K-RERA/PRJ/ERN/105/2025,2025-08-29,6,0,Completed,Ernakulam,ELOOR,Paravur
Brook By Residency,Prithviraj  Palakkadavath,Residential (Apartment),2024-11-30,2026-06-30,K-RERA/PRJ/KKD/153/2025,2025-11-18,14,2,Inprogress,Kozhikode,THAZHEKODE,Kozhikode
PLOTS by TONY LUKE,Tony  Luke Kocherry,Plots,2025-06-16,2030-08-31,K-RERA/PRJ/ERN/098/2025,2025-08-08,,7,Inprogress,Ernakulam,PUTHENCRUZ,Kunnathunad
ASSET MADHURYAM,ASSET HOMES PRIVATE LIMITED,Residential (Apartment),2025-09-10,2029-12-13,K-RERA/PRJ/ERN/119/2025,2025-09-08,29,0,Inprogress,Ernakulam,VAZHAKKALA,Kanayannur
Oceanus Irish Gold,Oceanus Dwellings Pvt Ltd,Residential (Apartment),2025-12-15,2030-04-28,K-RERA/PRJ/TVM/110/2025,2025-09-02,29,9,Inprogress,Thiruvananthapuram,ATTIPRA,THIRUVANANTHAPRUAM
ARCON OPUS ONE,ARCON HOME BUILDERS PRIVATE LIMITED,Residential (Apartment),2025-07-10,2030-10-31,K-RERA/PRJ/TVM/118/2025,2025-09-08,84,13,Inprogress,Thiruvananthapuram,PATTOM,THIRUVANANTHAPRUAM
AURELIO,PPD VISTAS,Residential (Apartment),2025-09-01,2031-12-31,K-RERA/PRJ/TVM/115/2025,2025-09-08,172,58,Inprogress,Thiruvananthapuram,KOWDIAR,THIRUVANANTHAPRUAM
Capkon Oasis,CAPKON DEVELOPERS PRIVATE LIMITED,Residential (Apartment),2025-12-01,2030-06-30,K-RERA/PRJ/KKD/112/2025,2025-09-08,116,26,Inprogress,Kozhikode,CHELAVUR,Kozhikode
ELITE OLYMPIA PARK,ELITE GARDENIA LLP,Residential (Apartment),2025-09-12,2030-03-28,K-RERA/PRJ/TSR/137/2025,2025-10-21,100,1,Inprogress,Thrissur,PULLAZHI,Thrissur
CONFIDENT FANTASY,Confident Projects Residential,Residential (Apartment),2025-10-06,2030-10-06,K-RERA/PRJ/KKD/139/2025,2025-10-23,96,25,Inprogress,Kozhikode,KAKKODI,Kozhikode
LANDMARK MARQUIS,CALICUT LANDMARK BUILDERS PRIVATE LIMITED,Residential (Apartment),2025-09-12,2030-09-11,K-RERA/PRJ/KKD/163/2025,2025-12-08,60,20,Inprogress,Kozhikode,NELLIKODE,Kozhikode
VSC RISHI ENCLAVE,VSC HOMES PRIVATE LIMITED,Residential (Apartment),2025-11-01,2030-05-31,K-RERA/PRJ/TVM/173/2025,2025-12-27,59,0,Inprogress,Thiruvananthapuram,KADAKAMPALLY,THIRUVANANTHAPRUAM
CORDIAL SREELAKAM,CORDIAL HOMES PVT LTD,Mixed (Commercial & Residential),2025-10-23,2029-12-30,K-RERA/PRJ/TVM/167/2025,2025-12-18,25,7,Inprogress,Thiruvananthapuram,SASTHAMANGALAM,THIRUVANANTHAPRUAM
THE CYBER CITY BY FAVOURITE HOMES,FAVOURITE CONSTRUCTIONS PRIVATE LIMITED,Residential (Apartment),2025-09-20,2030-05-31,K-RERA/PRJ/TVM/145/2025,2025-11-03,150,27,Inprogress,Thiruvananthapuram,PALLIPURAM TRIVANDRUM,THIRUVANANTHAPRUAM
CORDIAL FELICITOUS,CORDIAL HOMES PVT LTD,Residential (Apartment),2025-10-23,2029-12-30,K-RERA/PRJ/TVM/162/2025,2025-12-08,71,1,Inprogress,Thiruvananthapuram,KOWDIAR,THIRUVANANTHAPRUAM
SFS LANTANA HILLS,SKYLINE FOUNDATIONS AND STRUCTURES PRIVATE LIMITED,Residential (Apartment),2026-01-01,2030-10-20,K-RERA/PRJ/ERN/047/2026,2026-03-26,50,0,Inprogress,Ernakulam,KAKKANAD,Kanayannur
AMAYA,Chitrarasan U K  ,Plots,2025-01-03,2030-12-31,K-RERA/PRJ/PKD/050/2026,2026-03-27,,0,Inprogress,Palakkad,AGALI,Attappadi Tribal
NANMA OnE,NANMA PROPERTIES LTD,Residential (Apartment),2025-11-29,2030-11-28,K-RERA/PRJ/ERN/023/2026,2026-02-12,178,150,Inprogress,Ernakulam,EDAPPALLY NORTH,Kanayannur
Calicut Wholesale Plaza,Calicut Wholesale Plaza LLP,Shops/Office Space (Commercial),2025-12-25,2028-12-31,K-RERA/PRJ/KKD/020/2026,2026-02-03,109,0,Inprogress,Kozhikode,KASABA,Kozhikode
CONFIDENT LAKESIDE,Confident Projects Residential,Residential (Apartment),2026-01-20,2031-01-20,K-RERA/PRJ/ERN/170/2025,2025-12-23,154,38,Inprogress,Ernakulam,KIZHAKKAMBALAM,Kunnathunad
DIGNITY,WHITE SPACE PROPERTIES LLP,Villas (Plots & Buildings),2026-01-01,2030-12-01,K-RERA/PRJ/KKD/041/2026,2026-03-13,52,15,Inprogress,Kozhikode,EANGAPUZHA,THAMARASSERY
KP Arcade,Leena  L,Residential (Apartment),2023-04-01,2026-06-30,K-RERA/PRJ/TVM/017/2026,2026-02-03,10,1,Inprogress,Thiruvananthapuram,VATTIYOORKAVU,THIRUVANANTHAPRUAM
ASSET AROUND THE TREE,ASSET HOMES PRIVATE LIMITED,Residential (Apartment),2026-04-20,2031-04-20,K-RERA/PRJ/ERN/072/2026,2026-05-26,64,0,Inprogress,Ernakulam,POONITHURA,Kanayannur
"JOYALUKKAS GOLD TOWER,THRISSUR",MASAAKI DEVELOPERS PRIVATE LIMITED,Residential (Apartment),2025-08-01,2030-06-30,K-RERA/PRJ/TSR/049/2026,2026-03-27,131,0,Inprogress,Thrissur,CHEMBUKAVU,Thrissur
ARTECH and JBT SERENITY,ARTECH REALTORS PRIVATE LIMITED,Residential (Apartment),2026-02-16,2031-01-15,K-RERA/PRJ/TVM/065/2026,2026-05-04,110,0,Inprogress,Thiruvananthapuram,VATTAPPARA,Nedumangad
Neamath Florence,Neamath Realty Private Ltd,Villas (Plots & Buildings),2026-03-01,2030-03-31,K-RERA/PRJ/PKD/068/2026,2026-05-12,17,0,Inprogress,Palakkad,PIRIYARI,Palakkad
CASADEL GRAND VICTORIANTOWN,CASADEL BUILDERS INDIA PRIVATE LIMITED,Residential (Apartment),2026-07-15,2030-12-06,K-RERA/PRJ/ERN/073/2026,2026-05-26,74,0,Inprogress,Ernakulam,EDAPPALLY SOUTH,Kanayannur
VICTORIA REALTORS SREERAGAM,DHARMIC LIVING PVT LTD,Plots,2026-02-20,2031-02-03,K-RERA/PRJ/TSR/037/2026,2026-03-12,,0,Completed,Thrissur,AVANISSERY,Thrissur
OMG FLORELLA,OMG PROPERTIES,Plots,2026-02-21,2031-02-20,K-RERA/PRJ/PKD/060/2026,2026-04-23,,0,Inprogress,Palakkad,PIRIYARI,Palakkad
ARCON ALTUS,ARCON HOME BUILDERS PRIVATE LIMITED,Residential (Apartment),2026-04-14,2031-02-20,K-RERA/PRJ/TVM/052/2026,2026-04-06,71,0,Inprogress,Thiruvananthapuram,ATTIPRA,THIRUVANANTHAPRUAM
QX HILL CREST,QX BUILDERS PRIVATE LIMITED,Residential (Apartment),2026-06-01,2029-05-31,K-RERA/PRJ/KKD/070/2026,2026-05-18,22,0,Inprogress,Kozhikode,CHEVAYUR,Kozhikode